== BENCH_BATCHED_5F delete (2026-09-20T03:57:53Z) ==
==================================================
Delete
==================================================

Checking Tiled server at https://lcls-data-portal.slac.stanford.edu/tiled-test ...
Server is running.

Target:      https://lcls-data-portal.slac.stanford.edu/tiled-test/BENCH_BATCHED_5F
Granularity: dataset
Counts:      200 child nodes
Note:        External HDF5 files are NOT removed; only catalog entries.

  deleted: BENCH_BATCHED_5F

Done.
-- BENCH_BATCHED_5F delete: 4s rc=0
== BENCH_PER_ENTITY delete (2026-09-20T03:57:58Z) ==
Retrying…
==================================================
Delete
==================================================

Checking Tiled server at https://lcls-data-portal.slac.stanford.edu/tiled-test ...
Server is running.

Target:      https://lcls-data-portal.slac.stanford.edu/tiled-test/BENCH_PER_ENTITY
Granularity: dataset
Counts:      200 child nodes
Note:        External HDF5 files are NOT removed; only catalog entries.

Traceback (most recent call last):
  File "/sdf/data/lcls/ds/prj/prjmaiqmag01/results/ajshack/tiled-bench/.venv-tw/lib/python3.12/site-packages/httpx/_transports/default.py", line 101, in map_httpcore_exceptions
    yield
  File "/sdf/data/lcls/ds/prj/prjmaiqmag01/results/ajshack/tiled-bench/.venv-tw/lib/python3.12/site-packages/httpx/_transports/default.py", line 250, in handle_request
    resp = self._pool.handle_request(req)
           ^^^^^^^^^^^^^^^^^^^^^^^^^^^^^^
  File "/sdf/data/lcls/ds/prj/prjmaiqmag01/results/ajshack/tiled-bench/.venv-tw/lib/python3.12/site-packages/httpcore/_sync/connection_pool.py", line 256, in handle_request
    raise exc from None
  File "/sdf/data/lcls/ds/prj/prjmaiqmag01/results/ajshack/tiled-bench/.venv-tw/lib/python3.12/site-packages/httpcore/_sync/connection_pool.py", line 236, in handle_request
    response = connection.handle_request(
               ^^^^^^^^^^^^^^^^^^^^^^^^^^
  File "/sdf/data/lcls/ds/prj/prjmaiqmag01/results/ajshack/tiled-bench/.venv-tw/lib/python3.12/site-packages/httpcore/_sync/connection.py", line 103, in handle_request
    return self._connection.handle_request(request)
           ^^^^^^^^^^^^^^^^^^^^^^^^^^^^^^^^^^^^^^^^
  File "/sdf/data/lcls/ds/prj/prjmaiqmag01/results/ajshack/tiled-bench/.venv-tw/lib/python3.12/site-packages/httpcore/_sync/http11.py", line 136, in handle_request
    raise exc
  File "/sdf/data/lcls/ds/prj/prjmaiqmag01/results/ajshack/tiled-bench/.venv-tw/lib/python3.12/site-packages/httpcore/_sync/http11.py", line 106, in handle_request
    ) = self._receive_response_headers(**kwargs)
        ^^^^^^^^^^^^^^^^^^^^^^^^^^^^^^^^^^^^^^^^
  File "/sdf/data/lcls/ds/prj/prjmaiqmag01/results/ajshack/tiled-bench/.venv-tw/lib/python3.12/site-packages/httpcore/_sync/http11.py", line 177, in _receive_response_headers
    event = self._receive_event(timeout=timeout)
            ^^^^^^^^^^^^^^^^^^^^^^^^^^^^^^^^^^^^
  File "/sdf/data/lcls/ds/prj/prjmaiqmag01/results/ajshack/tiled-bench/.venv-tw/lib/python3.12/site-packages/httpcore/_sync/http11.py", line 217, in _receive_event
    data = self._network_stream.read(
           ^^^^^^^^^^^^^^^^^^^^^^^^^^
  File "/sdf/data/lcls/ds/prj/prjmaiqmag01/results/ajshack/tiled-bench/.venv-tw/lib/python3.12/site-packages/httpcore/_backends/sync.py", line 126, in read
    with map_exceptions(exc_map):
         ^^^^^^^^^^^^^^^^^^^^^^^
  File "/sdf/home/a/ajshack/.local/share/uv/python/cpython-3.12.12-linux-x86_64-gnu/lib/python3.12/contextlib.py", line 158, in __exit__
    self.gen.throw(value)
  File "/sdf/data/lcls/ds/prj/prjmaiqmag01/results/ajshack/tiled-bench/.venv-tw/lib/python3.12/site-packages/httpcore/_exceptions.py", line 14, in map_exceptions
    raise to_exc(exc) from exc
httpcore.ReadTimeout: The read operation timed out

The above exception was the direct cause of the following exception:

Traceback (most recent call last):
  File "/sdf/data/lcls/ds/prj/prjmaiqmag01/results/ajshack/tiled-bench/.venv-tw/bin/tilewright", line 10, in <module>
    sys.exit(main())
             ^^^^^^
  File "/sdf/data/lcls/ds/prj/prjmaiqmag01/results/ajshack/tilewright/src/tilewright/cli.py", line 465, in main
    commands[cmd]()
  File "/sdf/data/lcls/ds/prj/prjmaiqmag01/results/ajshack/tilewright/src/tilewright/cli.py", line 425, in delete_main
    delete_target(node, external_only=not uploaded)
  File "/sdf/data/lcls/ds/prj/prjmaiqmag01/results/ajshack/tilewright/src/tilewright/delete.py", line 91, in delete_target
    node.delete(recursive=True, external_only=external_only)
  File "/sdf/data/lcls/ds/prj/prjmaiqmag01/results/ajshack/tiled-bench/.venv-tw/lib/python3.12/site-packages/tiled/client/base.py", line 956, in delete
    for attempt in retry_context():
                   ^^^^^^^^^^^^^^^
  File "/sdf/data/lcls/ds/prj/prjmaiqmag01/results/ajshack/tiled-bench/.venv-tw/lib/python3.12/site-packages/tiled/client/utils.py", line 214, in retry_context
    attempt = next(it)
              ^^^^^^^^
  File "/sdf/data/lcls/ds/prj/prjmaiqmag01/results/ajshack/tiled-bench/.venv-tw/lib/python3.12/site-packages/stamina/_core.py", line 581, in __iter__
    for r in _t.Retrying(
             ^^^^^^^^^^^^
  File "/sdf/data/lcls/ds/prj/prjmaiqmag01/results/ajshack/tiled-bench/.venv-tw/lib/python3.12/site-packages/tenacity/__init__.py", line 438, in __iter__
    do = self.iter(retry_state=retry_state)
         ^^^^^^^^^^^^^^^^^^^^^^^^^^^^^^^^^^
  File "/sdf/data/lcls/ds/prj/prjmaiqmag01/results/ajshack/tiled-bench/.venv-tw/lib/python3.12/site-packages/tenacity/__init__.py", line 371, in iter
    result = action(retry_state)
             ^^^^^^^^^^^^^^^^^^^
  File "/sdf/data/lcls/ds/prj/prjmaiqmag01/results/ajshack/tiled-bench/.venv-tw/lib/python3.12/site-packages/tenacity/__init__.py", line 413, in exc_check
    raise retry_exc.reraise()
          ^^^^^^^^^^^^^^^^^^^
  File "/sdf/data/lcls/ds/prj/prjmaiqmag01/results/ajshack/tiled-bench/.venv-tw/lib/python3.12/site-packages/tenacity/__init__.py", line 184, in reraise
    raise self.last_attempt.result()
          ^^^^^^^^^^^^^^^^^^^^^^^^^^
  File "/sdf/home/a/ajshack/.local/share/uv/python/cpython-3.12.12-linux-x86_64-gnu/lib/python3.12/concurrent/futures/_base.py", line 449, in result
    return self.__get_result()
           ^^^^^^^^^^^^^^^^^^^
  File "/sdf/home/a/ajshack/.local/share/uv/python/cpython-3.12.12-linux-x86_64-gnu/lib/python3.12/concurrent/futures/_base.py", line 401, in __get_result
    raise self._exception
  File "/sdf/data/lcls/ds/prj/prjmaiqmag01/results/ajshack/tiled-bench/.venv-tw/lib/python3.12/site-packages/tiled/client/base.py", line 959, in delete
    self.context.http_client.delete(
  File "/sdf/data/lcls/ds/prj/prjmaiqmag01/results/ajshack/tiled-bench/.venv-tw/lib/python3.12/site-packages/httpx/_client.py", line 1251, in delete
    return self.request(
           ^^^^^^^^^^^^^
  File "/sdf/data/lcls/ds/prj/prjmaiqmag01/results/ajshack/tiled-bench/.venv-tw/lib/python3.12/site-packages/httpx/_client.py", line 825, in request
    return self.send(request, auth=auth, follow_redirects=follow_redirects)
           ^^^^^^^^^^^^^^^^^^^^^^^^^^^^^^^^^^^^^^^^^^^^^^^^^^^^^^^^^^^^^^^^
  File "/sdf/data/lcls/ds/prj/prjmaiqmag01/results/ajshack/tiled-bench/.venv-tw/lib/python3.12/site-packages/httpx/_client.py", line 914, in send
    response = self._send_handling_auth(
               ^^^^^^^^^^^^^^^^^^^^^^^^^
  File "/sdf/data/lcls/ds/prj/prjmaiqmag01/results/ajshack/tiled-bench/.venv-tw/lib/python3.12/site-packages/httpx/_client.py", line 942, in _send_handling_auth
    response = self._send_handling_redirects(
               ^^^^^^^^^^^^^^^^^^^^^^^^^^^^^^
  File "/sdf/data/lcls/ds/prj/prjmaiqmag01/results/ajshack/tiled-bench/.venv-tw/lib/python3.12/site-packages/httpx/_client.py", line 979, in _send_handling_redirects
    response = self._send_single_request(request)
               ^^^^^^^^^^^^^^^^^^^^^^^^^^^^^^^^^^
  File "/sdf/data/lcls/ds/prj/prjmaiqmag01/results/ajshack/tiled-bench/.venv-tw/lib/python3.12/site-packages/httpx/_client.py", line 1014, in _send_single_request
    response = transport.handle_request(request)
               ^^^^^^^^^^^^^^^^^^^^^^^^^^^^^^^^^
  File "/sdf/data/lcls/ds/prj/prjmaiqmag01/results/ajshack/tiled-bench/.venv-tw/lib/python3.12/site-packages/tiled/client/transport.py", line 153, in handle_request
    response = self._transport_for_url(request.url).handle_request(request)
               ^^^^^^^^^^^^^^^^^^^^^^^^^^^^^^^^^^^^^^^^^^^^^^^^^^^^^^^^^^^^
  File "/sdf/data/lcls/ds/prj/prjmaiqmag01/results/ajshack/tiled-bench/.venv-tw/lib/python3.12/site-packages/httpx/_transports/default.py", line 249, in handle_request
    with map_httpcore_exceptions():
         ^^^^^^^^^^^^^^^^^^^^^^^^^
  File "/sdf/home/a/ajshack/.local/share/uv/python/cpython-3.12.12-linux-x86_64-gnu/lib/python3.12/contextlib.py", line 158, in __exit__
    self.gen.throw(value)
  File "/sdf/data/lcls/ds/prj/prjmaiqmag01/results/ajshack/tiled-bench/.venv-tw/lib/python3.12/site-packages/httpx/_transports/default.py", line 118, in map_httpcore_exceptions
    raise mapped_exc(message) from exc
httpx.ReadTimeout: The read operation timed out
-- BENCH_PER_ENTITY delete: 64s rc=1
== BENCH_BATCHED_5F register (2026-09-20T03:59:02Z) ==
==================================================
Register (HTTP)
==================================================
Configs: ['/sdf/data/lcls/ds/prj/prjmaiqmag01/results/ajshack/tiled-bench/_bench_ws/trainbench/datasets/sam_klein_v2.yml']

Checking Tiled server at https://lcls-data-portal.slac.stanford.edu/tiled-test ...
Server is running.
Connected to https://lcls-data-portal.slac.stanford.edu/tiled-test (62 existing containers)
Created dataset container 'BENCH_BATCHED_5F' (storage: external)
  Registered shared axis 'eloss' shape=[151] dtype=float64
  Registered shared axis 'omega_bounds' shape=[2] dtype=float64
Pre-grouping artifacts by uid...

--- Registering Bench Batched 5F (10000 entities via HTTP, external, pool=8) ---
  Progress: 5/10000 entities (1.4/sec)
  Progress: 10/10000 entities (2.6/sec)
  Progress: 15/10000 entities (3.7/sec)
  Progress: 20/10000 entities (4.8/sec)
  Progress: 25/10000 entities (5.7/sec)
  Progress: 30/10000 entities (6.3/sec)
  Progress: 35/10000 entities (7.2/sec)
  Progress: 40/10000 entities (7.9/sec)
  Progress: 45/10000 entities (8.5/sec)
  Progress: 50/10000 entities (9.2/sec)
  Progress: 55/10000 entities (9.6/sec)
  Progress: 60/10000 entities (10.3/sec)
  Progress: 65/10000 entities (10.7/sec)
  Progress: 70/10000 entities (11.3/sec)
  Progress: 75/10000 entities (11.7/sec)
  Progress: 80/10000 entities (12.0/sec)
  Progress: 85/10000 entities (12.4/sec)
  Progress: 90/10000 entities (12.6/sec)
  Progress: 95/10000 entities (13.2/sec)
  Progress: 100/10000 entities (13.5/sec)
  Progress: 105/10000 entities (13.4/sec)
  Progress: 110/10000 entities (13.8/sec)
  Progress: 115/10000 entities (14.0/sec)
  Progress: 120/10000 entities (14.2/sec)
  Progress: 125/10000 entities (14.6/sec)
  Progress: 130/10000 entities (14.7/sec)
  Progress: 135/10000 entities (14.9/sec)
  Progress: 140/10000 entities (15.1/sec)
  Progress: 145/10000 entities (15.5/sec)
  Progress: 150/10000 entities (15.4/sec)
  Progress: 155/10000 entities (15.6/sec)
  Progress: 160/10000 entities (15.9/sec)
  Progress: 165/10000 entities (16.2/sec)
  Progress: 170/10000 entities (16.2/sec)
  Progress: 175/10000 entities (16.2/sec)
  Progress: 180/10000 entities (16.2/sec)
  Progress: 185/10000 entities (16.3/sec)
  Progress: 190/10000 entities (16.5/sec)
  Progress: 195/10000 entities (16.5/sec)
  Progress: 200/10000 entities (16.6/sec)
  Progress: 205/10000 entities (16.8/sec)
  Progress: 210/10000 entities (16.9/sec)
  Progress: 215/10000 entities (16.9/sec)
  Progress: 220/10000 entities (17.1/sec)
  Progress: 225/10000 entities (17.1/sec)
  Progress: 230/10000 entities (17.4/sec)
  Progress: 235/10000 entities (17.4/sec)
  Progress: 240/10000 entities (17.3/sec)
  Progress: 245/10000 entities (17.5/sec)
  Progress: 250/10000 entities (17.6/sec)
  Progress: 255/10000 entities (17.7/sec)
  Progress: 260/10000 entities (17.7/sec)
  Progress: 265/10000 entities (17.8/sec)
  Progress: 270/10000 entities (18.0/sec)
  Progress: 275/10000 entities (18.1/sec)
  Progress: 280/10000 entities (18.3/sec)
  Progress: 285/10000 entities (18.5/sec)
  Progress: 290/10000 entities (18.7/sec)
  Progress: 295/10000 entities (18.8/sec)
  Progress: 300/10000 entities (19.0/sec)
  Progress: 305/10000 entities (18.9/sec)
  Progress: 310/10000 entities (19.2/sec)
  Progress: 315/10000 entities (19.3/sec)
  Progress: 320/10000 entities (19.4/sec)
  Progress: 325/10000 entities (19.3/sec)
  Progress: 330/10000 entities (19.5/sec)
  Progress: 335/10000 entities (19.5/sec)
  Progress: 340/10000 entities (19.7/sec)
  Progress: 345/10000 entities (19.8/sec)
  Progress: 350/10000 entities (19.9/sec)
  Progress: 355/10000 entities (19.9/sec)
  Progress: 360/10000 entities (20.0/sec)
  Progress: 365/10000 entities (20.0/sec)
  Progress: 370/10000 entities (20.3/sec)
  Progress: 375/10000 entities (20.4/sec)
  Progress: 380/10000 entities (20.5/sec)
  Progress: 385/10000 entities (20.4/sec)
  Progress: 390/10000 entities (20.4/sec)
  Progress: 395/10000 entities (20.6/sec)
  Progress: 400/10000 entities (20.6/sec)
  Progress: 405/10000 entities (20.7/sec)
  Progress: 410/10000 entities (20.7/sec)
  Progress: 415/10000 entities (20.8/sec)
  Progress: 420/10000 entities (20.9/sec)
  Progress: 425/10000 entities (21.0/sec)
  Progress: 430/10000 entities (21.2/sec)
  Progress: 435/10000 entities (21.2/sec)
  Progress: 440/10000 entities (21.2/sec)
  Progress: 445/10000 entities (21.3/sec)
  Progress: 450/10000 entities (21.4/sec)
  Progress: 455/10000 entities (21.5/sec)
  Progress: 460/10000 entities (21.5/sec)
  Progress: 465/10000 entities (21.6/sec)
  Progress: 470/10000 entities (21.5/sec)
  Progress: 475/10000 entities (21.6/sec)
  Progress: 480/10000 entities (21.7/sec)
  Progress: 485/10000 entities (21.8/sec)
  Progress: 490/10000 entities (21.9/sec)
  Progress: 495/10000 entities (22.0/sec)
  Progress: 500/10000 entities (21.9/sec)
  Progress: 505/10000 entities (22.0/sec)
  Progress: 510/10000 entities (22.0/sec)
  Progress: 515/10000 entities (22.2/sec)
  Progress: 520/10000 entities (22.2/sec)
  Progress: 525/10000 entities (22.4/sec)
  Progress: 530/10000 entities (22.3/sec)
  Progress: 535/10000 entities (22.4/sec)
  Progress: 540/10000 entities (22.5/sec)
  Progress: 545/10000 entities (22.5/sec)
  Progress: 550/10000 entities (22.6/sec)
  Progress: 555/10000 entities (22.7/sec)
  Progress: 560/10000 entities (22.8/sec)
  Progress: 565/10000 entities (22.7/sec)
  Progress: 570/10000 entities (22.8/sec)
  Progress: 575/10000 entities (22.8/sec)
  Progress: 580/10000 entities (22.9/sec)
  Progress: 585/10000 entities (23.0/sec)
  Progress: 590/10000 entities (23.1/sec)
  Progress: 595/10000 entities (23.1/sec)
  Progress: 600/10000 entities (23.1/sec)
  Progress: 605/10000 entities (23.2/sec)
  Progress: 610/10000 entities (23.2/sec)
  Progress: 615/10000 entities (23.3/sec)
  Progress: 620/10000 entities (23.4/sec)
  Progress: 625/10000 entities (23.4/sec)
  Progress: 630/10000 entities (23.5/sec)
  Progress: 635/10000 entities (23.6/sec)
  Progress: 640/10000 entities (23.6/sec)
  Progress: 645/10000 entities (23.7/sec)
  Progress: 650/10000 entities (23.7/sec)
  Progress: 655/10000 entities (23.8/sec)
  Progress: 660/10000 entities (23.8/sec)
  Progress: 665/10000 entities (23.9/sec)
  Progress: 670/10000 entities (23.9/sec)
  Progress: 675/10000 entities (24.0/sec)
  Progress: 680/10000 entities (24.0/sec)
  Progress: 685/10000 entities (24.1/sec)
  Progress: 690/10000 entities (24.2/sec)
  Progress: 695/10000 entities (24.1/sec)
  Progress: 700/10000 entities (24.1/sec)
  Progress: 705/10000 entities (24.2/sec)
  Progress: 710/10000 entities (24.2/sec)
  Progress: 715/10000 entities (24.3/sec)
  Progress: 720/10000 entities (24.2/sec)
  Progress: 725/10000 entities (24.3/sec)
  Progress: 730/10000 entities (24.3/sec)
  Progress: 735/10000 entities (24.3/sec)
  Progress: 740/10000 entities (24.4/sec)
  Progress: 745/10000 entities (24.4/sec)
  Progress: 750/10000 entities (24.5/sec)
  Progress: 755/10000 entities (24.5/sec)
  Progress: 760/10000 entities (24.6/sec)
  Progress: 765/10000 entities (24.6/sec)
  Progress: 770/10000 entities (24.6/sec)
  Progress: 775/10000 entities (24.7/sec)
  Progress: 780/10000 entities (24.7/sec)
  Progress: 785/10000 entities (24.8/sec)
  Progress: 790/10000 entities (24.9/sec)
  Progress: 795/10000 entities (24.9/sec)
  Progress: 800/10000 entities (24.9/sec)
  Progress: 805/10000 entities (24.9/sec)
  Progress: 810/10000 entities (25.0/sec)
  Progress: 815/10000 entities (25.1/sec)
  Progress: 820/10000 entities (25.0/sec)
  Progress: 825/10000 entities (25.1/sec)
  Progress: 830/10000 entities (25.1/sec)
  Progress: 835/10000 entities (25.1/sec)
  Progress: 840/10000 entities (25.2/sec)
  Progress: 845/10000 entities (25.3/sec)
  Progress: 850/10000 entities (25.2/sec)
  Progress: 855/10000 entities (25.3/sec)
  Progress: 860/10000 entities (25.3/sec)
  Progress: 865/10000 entities (25.2/sec)
  Progress: 870/10000 entities (25.3/sec)
  Progress: 875/10000 entities (25.2/sec)
  Progress: 880/10000 entities (25.2/sec)
  Progress: 885/10000 entities (25.3/sec)
  Progress: 890/10000 entities (25.3/sec)
  Progress: 895/10000 entities (25.4/sec)
  Progress: 900/10000 entities (25.4/sec)
  Progress: 905/10000 entities (25.5/sec)
  Progress: 910/10000 entities (25.5/sec)
  Progress: 915/10000 entities (25.5/sec)
  Progress: 920/10000 entities (25.5/sec)
  Progress: 925/10000 entities (25.6/sec)
  Progress: 930/10000 entities (25.7/sec)
  Progress: 935/10000 entities (25.6/sec)
  Progress: 940/10000 entities (25.6/sec)
  Progress: 945/10000 entities (25.6/sec)
  Progress: 950/10000 entities (25.6/sec)
  Progress: 955/10000 entities (25.7/sec)
  Progress: 960/10000 entities (25.7/sec)
  Progress: 965/10000 entities (25.8/sec)
  Progress: 970/10000 entities (25.8/sec)
  Progress: 975/10000 entities (25.7/sec)
  Progress: 980/10000 entities (25.8/sec)
  Progress: 985/10000 entities (25.8/sec)
  Progress: 990/10000 entities (25.9/sec)
  Progress: 995/10000 entities (25.9/sec)
  Progress: 1000/10000 entities (25.8/sec)
  Progress: 1005/10000 entities (25.8/sec)
  Progress: 1010/10000 entities (25.9/sec)
  Progress: 1015/10000 entities (25.9/sec)
  Progress: 1020/10000 entities (25.9/sec)
  Progress: 1025/10000 entities (26.0/sec)
  Progress: 1030/10000 entities (25.9/sec)
  Progress: 1035/10000 entities (26.0/sec)
  Progress: 1040/10000 entities (26.1/sec)
  Progress: 1045/10000 entities (26.0/sec)
  Progress: 1050/10000 entities (26.1/sec)
  Progress: 1055/10000 entities (26.2/sec)
  Progress: 1060/10000 entities (26.2/sec)
  Progress: 1065/10000 entities (26.1/sec)
  Progress: 1070/10000 entities (26.1/sec)
  Progress: 1075/10000 entities (26.2/sec)
  Progress: 1080/10000 entities (26.2/sec)
  Progress: 1085/10000 entities (26.2/sec)
  Progress: 1090/10000 entities (26.3/sec)
  Progress: 1095/10000 entities (26.2/sec)
  Progress: 1100/10000 entities (26.3/sec)
  Progress: 1105/10000 entities (26.3/sec)
  Progress: 1110/10000 entities (26.4/sec)
  Progress: 1115/10000 entities (26.3/sec)
  Progress: 1120/10000 entities (26.4/sec)
  Progress: 1125/10000 entities (26.3/sec)
  Progress: 1130/10000 entities (26.3/sec)
  Progress: 1135/10000 entities (26.4/sec)
  Progress: 1140/10000 entities (26.4/sec)
  Progress: 1145/10000 entities (26.4/sec)
  Progress: 1150/10000 entities (26.4/sec)
  Progress: 1155/10000 entities (26.4/sec)
  Progress: 1160/10000 entities (26.5/sec)
  Progress: 1165/10000 entities (26.5/sec)
  Progress: 1170/10000 entities (26.5/sec)
  Progress: 1175/10000 entities (26.6/sec)
  Progress: 1180/10000 entities (26.6/sec)
  Progress: 1185/10000 entities (26.6/sec)
  Progress: 1190/10000 entities (26.6/sec)
  Progress: 1195/10000 entities (26.6/sec)
  Progress: 1200/10000 entities (26.6/sec)
  Progress: 1205/10000 entities (26.6/sec)
  Progress: 1210/10000 entities (26.6/sec)
  Progress: 1215/10000 entities (26.5/sec)
  Progress: 1220/10000 entities (26.5/sec)
  Progress: 1225/10000 entities (26.5/sec)
  Progress: 1230/10000 entities (26.5/sec)
  Progress: 1235/10000 entities (26.6/sec)
  Progress: 1240/10000 entities (26.5/sec)
  Progress: 1245/10000 entities (26.3/sec)
  Progress: 1250/10000 entities (26.4/sec)
  Progress: 1255/10000 entities (26.4/sec)
  Progress: 1260/10000 entities (26.4/sec)
  Progress: 1265/10000 entities (26.4/sec)
  Progress: 1270/10000 entities (26.3/sec)
  Progress: 1275/10000 entities (26.4/sec)
  Progress: 1280/10000 entities (26.3/sec)
  Progress: 1285/10000 entities (26.3/sec)
  Progress: 1290/10000 entities (26.3/sec)
  Progress: 1295/10000 entities (26.3/sec)
  Progress: 1300/10000 entities (26.4/sec)
  Progress: 1305/10000 entities (26.4/sec)
  Progress: 1310/10000 entities (26.4/sec)
  Progress: 1315/10000 entities (26.4/sec)
  Progress: 1320/10000 entities (26.4/sec)
  Progress: 1325/10000 entities (26.4/sec)
  Progress: 1330/10000 entities (26.4/sec)
  Progress: 1335/10000 entities (26.5/sec)
  Progress: 1340/10000 entities (26.4/sec)
  Progress: 1345/10000 entities (26.4/sec)
  Progress: 1350/10000 entities (26.5/sec)
  Progress: 1355/10000 entities (26.5/sec)
  Progress: 1360/10000 entities (26.6/sec)
  Progress: 1365/10000 entities (26.6/sec)
  Progress: 1370/10000 entities (26.5/sec)
  Progress: 1375/10000 entities (26.4/sec)
  Progress: 1380/10000 entities (26.4/sec)
  Progress: 1385/10000 entities (26.4/sec)
  Progress: 1390/10000 entities (26.5/sec)
  Progress: 1395/10000 entities (26.4/sec)
  Progress: 1400/10000 entities (26.4/sec)
  Progress: 1405/10000 entities (26.5/sec)
  Progress: 1410/10000 entities (26.5/sec)
  Progress: 1415/10000 entities (26.5/sec)
  Progress: 1420/10000 entities (26.4/sec)
  Progress: 1425/10000 entities (26.4/sec)
  Progress: 1430/10000 entities (26.5/sec)
  Progress: 1435/10000 entities (26.5/sec)
  Progress: 1440/10000 entities (26.5/sec)
  Progress: 1445/10000 entities (26.5/sec)
  Progress: 1450/10000 entities (26.5/sec)
  Progress: 1455/10000 entities (26.4/sec)
  Progress: 1460/10000 entities (26.4/sec)
  Progress: 1465/10000 entities (26.4/sec)
  Progress: 1470/10000 entities (26.4/sec)
  Progress: 1475/10000 entities (26.5/sec)
  Progress: 1480/10000 entities (26.5/sec)
  Progress: 1485/10000 entities (26.5/sec)
  Progress: 1490/10000 entities (26.5/sec)
  Progress: 1495/10000 entities (26.5/sec)
  Progress: 1500/10000 entities (26.5/sec)
  Progress: 1505/10000 entities (26.5/sec)
  Progress: 1510/10000 entities (26.5/sec)
  Progress: 1515/10000 entities (26.5/sec)
  Progress: 1520/10000 entities (26.5/sec)
  Progress: 1525/10000 entities (26.6/sec)
  Progress: 1530/10000 entities (26.6/sec)
  Progress: 1535/10000 entities (26.6/sec)
  Progress: 1540/10000 entities (26.6/sec)
  Progress: 1545/10000 entities (26.6/sec)
  Progress: 1550/10000 entities (26.6/sec)
  Progress: 1555/10000 entities (26.6/sec)
  Progress: 1560/10000 entities (26.6/sec)
  Progress: 1565/10000 entities (26.6/sec)
  Progress: 1570/10000 entities (26.6/sec)
  Progress: 1575/10000 entities (26.6/sec)
  Progress: 1580/10000 entities (26.7/sec)
  Progress: 1585/10000 entities (26.7/sec)
  Progress: 1590/10000 entities (26.7/sec)
  Progress: 1595/10000 entities (26.7/sec)
  Progress: 1600/10000 entities (26.7/sec)
  Progress: 1605/10000 entities (26.7/sec)
  Progress: 1610/10000 entities (26.7/sec)
  Progress: 1615/10000 entities (26.7/sec)
  Progress: 1620/10000 entities (26.7/sec)
  Progress: 1625/10000 entities (26.7/sec)
  Progress: 1630/10000 entities (26.7/sec)
  Progress: 1635/10000 entities (26.8/sec)
  Progress: 1640/10000 entities (26.8/sec)
  Progress: 1645/10000 entities (26.8/sec)
  Progress: 1650/10000 entities (26.8/sec)
  Progress: 1655/10000 entities (26.8/sec)
  Progress: 1660/10000 entities (26.8/sec)
  Progress: 1665/10000 entities (26.8/sec)
  Progress: 1670/10000 entities (26.8/sec)
  Progress: 1675/10000 entities (26.8/sec)
  Progress: 1680/10000 entities (26.9/sec)
  Progress: 1685/10000 entities (26.8/sec)
  Progress: 1690/10000 entities (26.9/sec)
  Progress: 1695/10000 entities (26.9/sec)
  Progress: 1700/10000 entities (26.9/sec)
  Progress: 1705/10000 entities (26.9/sec)
  Progress: 1710/10000 entities (26.9/sec)
  Progress: 1715/10000 entities (27.0/sec)
  Progress: 1720/10000 entities (26.9/sec)
  Progress: 1725/10000 entities (27.0/sec)
  Progress: 1730/10000 entities (26.9/sec)
  Progress: 1735/10000 entities (27.0/sec)
  Progress: 1740/10000 entities (27.0/sec)
  Progress: 1745/10000 entities (26.9/sec)
  Progress: 1750/10000 entities (27.0/sec)
  Progress: 1755/10000 entities (27.0/sec)
  Progress: 1760/10000 entities (27.0/sec)
  Progress: 1765/10000 entities (27.0/sec)
  Progress: 1770/10000 entities (27.0/sec)
  Progress: 1775/10000 entities (27.0/sec)
  Progress: 1780/10000 entities (27.0/sec)
  Progress: 1785/10000 entities (27.0/sec)
  Progress: 1790/10000 entities (26.9/sec)
  Progress: 1795/10000 entities (26.9/sec)
  Progress: 1800/10000 entities (26.9/sec)
  Progress: 1805/10000 entities (26.9/sec)
  Progress: 1810/10000 entities (26.9/sec)
  Progress: 1815/10000 entities (27.0/sec)
  Progress: 1820/10000 entities (27.0/sec)
  Progress: 1825/10000 entities (27.0/sec)
  Progress: 1830/10000 entities (27.0/sec)
  Progress: 1835/10000 entities (27.0/sec)
  Progress: 1840/10000 entities (27.0/sec)
  Progress: 1845/10000 entities (27.0/sec)
  Progress: 1850/10000 entities (27.0/sec)
  Progress: 1855/10000 entities (27.0/sec)
  Progress: 1860/10000 entities (27.0/sec)
  Progress: 1865/10000 entities (27.0/sec)
  Progress: 1870/10000 entities (27.0/sec)
  Progress: 1875/10000 entities (27.0/sec)
  Progress: 1880/10000 entities (27.1/sec)
  Progress: 1885/10000 entities (27.0/sec)
  Progress: 1890/10000 entities (27.1/sec)
  Progress: 1895/10000 entities (27.0/sec)
  Progress: 1900/10000 entities (27.1/sec)
  Progress: 1905/10000 entities (27.1/sec)
  Progress: 1910/10000 entities (27.1/sec)
  Progress: 1915/10000 entities (27.1/sec)
  Progress: 1920/10000 entities (27.0/sec)
  Progress: 1925/10000 entities (27.1/sec)
  Progress: 1930/10000 entities (27.1/sec)
  Progress: 1935/10000 entities (27.1/sec)
  Progress: 1940/10000 entities (27.0/sec)
  Progress: 1945/10000 entities (27.1/sec)
  Progress: 1950/10000 entities (27.0/sec)
  Progress: 1955/10000 entities (27.0/sec)
  Progress: 1960/10000 entities (27.0/sec)
  Progress: 1965/10000 entities (27.0/sec)
  Progress: 1970/10000 entities (27.1/sec)
  Progress: 1975/10000 entities (27.1/sec)
  Progress: 1980/10000 entities (27.1/sec)
  Progress: 1985/10000 entities (27.1/sec)
  Progress: 1990/10000 entities (27.1/sec)
  Progress: 1995/10000 entities (27.1/sec)
  Progress: 2000/10000 entities (27.1/sec)
  Progress: 2005/10000 entities (27.2/sec)
  Progress: 2010/10000 entities (27.2/sec)
  Progress: 2015/10000 entities (27.2/sec)
  Progress: 2020/10000 entities (27.2/sec)
  Progress: 2025/10000 entities (27.2/sec)
  Progress: 2030/10000 entities (27.2/sec)
  Progress: 2035/10000 entities (27.2/sec)
  Progress: 2040/10000 entities (27.2/sec)
  Progress: 2045/10000 entities (27.2/sec)
  Progress: 2050/10000 entities (27.2/sec)
  Progress: 2055/10000 entities (27.2/sec)
  Progress: 2060/10000 entities (27.2/sec)
  Progress: 2065/10000 entities (27.2/sec)
  Progress: 2070/10000 entities (27.2/sec)
  Progress: 2075/10000 entities (27.2/sec)
  Progress: 2080/10000 entities (27.2/sec)
  Progress: 2085/10000 entities (27.3/sec)
  Progress: 2090/10000 entities (27.2/sec)
  Progress: 2095/10000 entities (27.2/sec)
  Progress: 2100/10000 entities (27.2/sec)
  Progress: 2105/10000 entities (27.2/sec)
  Progress: 2110/10000 entities (27.3/sec)
  Progress: 2115/10000 entities (27.3/sec)
  Progress: 2120/10000 entities (27.3/sec)
  Progress: 2125/10000 entities (27.3/sec)
  Progress: 2130/10000 entities (27.3/sec)
  Progress: 2135/10000 entities (27.3/sec)
  Progress: 2140/10000 entities (27.3/sec)
  Progress: 2145/10000 entities (27.3/sec)
  Progress: 2150/10000 entities (27.4/sec)
  Progress: 2155/10000 entities (27.3/sec)
  Progress: 2160/10000 entities (27.3/sec)
  Progress: 2165/10000 entities (27.4/sec)
  Progress: 2170/10000 entities (27.4/sec)
  Progress: 2175/10000 entities (27.4/sec)
  Progress: 2180/10000 entities (27.4/sec)
  Progress: 2185/10000 entities (27.4/sec)
  Progress: 2190/10000 entities (27.4/sec)
  Progress: 2195/10000 entities (27.4/sec)
  Progress: 2200/10000 entities (27.4/sec)
  Progress: 2205/10000 entities (27.4/sec)
  Progress: 2210/10000 entities (27.4/sec)
  Progress: 2215/10000 entities (27.4/sec)
  Progress: 2220/10000 entities (27.4/sec)
  Progress: 2225/10000 entities (27.4/sec)
  Progress: 2230/10000 entities (27.5/sec)
  Progress: 2235/10000 entities (27.5/sec)
  Progress: 2240/10000 entities (27.5/sec)
  Progress: 2245/10000 entities (27.4/sec)
  Progress: 2250/10000 entities (27.5/sec)
  Progress: 2255/10000 entities (27.5/sec)
  Progress: 2260/10000 entities (27.5/sec)
  Progress: 2265/10000 entities (27.5/sec)
  Progress: 2270/10000 entities (27.5/sec)
  Progress: 2275/10000 entities (27.5/sec)
  Progress: 2280/10000 entities (27.5/sec)
  Progress: 2285/10000 entities (27.4/sec)
  Progress: 2290/10000 entities (27.5/sec)
  Progress: 2295/10000 entities (27.5/sec)
  Progress: 2300/10000 entities (27.5/sec)
  Progress: 2305/10000 entities (27.5/sec)
  Progress: 2310/10000 entities (27.5/sec)
  Progress: 2315/10000 entities (27.5/sec)
  Progress: 2320/10000 entities (27.5/sec)
  Progress: 2325/10000 entities (27.5/sec)
  Progress: 2330/10000 entities (27.5/sec)
  Progress: 2335/10000 entities (27.5/sec)
  Progress: 2340/10000 entities (27.6/sec)
  Progress: 2345/10000 entities (27.6/sec)
  Progress: 2350/10000 entities (27.6/sec)
  Progress: 2355/10000 entities (27.6/sec)
  Progress: 2360/10000 entities (27.6/sec)
  Progress: 2365/10000 entities (27.6/sec)
  Progress: 2370/10000 entities (27.6/sec)
  Progress: 2375/10000 entities (27.7/sec)
  Progress: 2380/10000 entities (27.7/sec)
  Progress: 2385/10000 entities (27.7/sec)
  Progress: 2390/10000 entities (27.7/sec)
  Progress: 2395/10000 entities (27.7/sec)
  Progress: 2400/10000 entities (27.8/sec)
  Progress: 2405/10000 entities (27.7/sec)
  Progress: 2410/10000 entities (27.7/sec)
  Progress: 2415/10000 entities (27.7/sec)
  Progress: 2420/10000 entities (27.7/sec)
  Progress: 2425/10000 entities (27.8/sec)
  Progress: 2430/10000 entities (27.8/sec)
  Progress: 2435/10000 entities (27.8/sec)
  Progress: 2440/10000 entities (27.8/sec)
  Progress: 2445/10000 entities (27.8/sec)
  Progress: 2450/10000 entities (27.8/sec)
  Progress: 2455/10000 entities (27.8/sec)
  Progress: 2460/10000 entities (27.9/sec)
  Progress: 2465/10000 entities (27.9/sec)
  Progress: 2470/10000 entities (27.9/sec)
  Progress: 2475/10000 entities (27.9/sec)
  Progress: 2480/10000 entities (27.9/sec)
  Progress: 2485/10000 entities (27.9/sec)
  Progress: 2490/10000 entities (27.9/sec)
  Progress: 2495/10000 entities (27.9/sec)
  Progress: 2500/10000 entities (27.9/sec)
  Progress: 2505/10000 entities (27.9/sec)
  Progress: 2510/10000 entities (27.9/sec)
  Progress: 2515/10000 entities (27.9/sec)
  Progress: 2520/10000 entities (27.9/sec)
  Progress: 2525/10000 entities (27.9/sec)
  Progress: 2530/10000 entities (27.9/sec)
  Progress: 2535/10000 entities (27.9/sec)
  Progress: 2540/10000 entities (27.9/sec)
  Progress: 2545/10000 entities (27.9/sec)
  Progress: 2550/10000 entities (27.9/sec)
  Progress: 2555/10000 entities (27.9/sec)
  Progress: 2560/10000 entities (27.9/sec)
  Progress: 2565/10000 entities (27.9/sec)
  Progress: 2570/10000 entities (27.9/sec)
  Progress: 2575/10000 entities (28.0/sec)
  Progress: 2580/10000 entities (28.0/sec)
  Progress: 2585/10000 entities (28.0/sec)
  Progress: 2590/10000 entities (28.0/sec)
  Progress: 2595/10000 entities (28.0/sec)
  Progress: 2600/10000 entities (28.0/sec)
  Progress: 2605/10000 entities (28.0/sec)
  Progress: 2610/10000 entities (28.0/sec)
  Progress: 2615/10000 entities (28.0/sec)
  Progress: 2620/10000 entities (28.1/sec)
  Progress: 2625/10000 entities (28.1/sec)
  Progress: 2630/10000 entities (28.0/sec)
  Progress: 2635/10000 entities (28.0/sec)
  Progress: 2640/10000 entities (28.1/sec)
  Progress: 2645/10000 entities (28.1/sec)
  Progress: 2650/10000 entities (28.1/sec)
  Progress: 2655/10000 entities (28.1/sec)
  Progress: 2660/10000 entities (28.1/sec)
  Progress: 2665/10000 entities (28.1/sec)
  Progress: 2670/10000 entities (28.1/sec)
  Progress: 2675/10000 entities (28.1/sec)
  Progress: 2680/10000 entities (28.1/sec)
  Progress: 2685/10000 entities (28.0/sec)
  Progress: 2690/10000 entities (28.1/sec)
  Progress: 2695/10000 entities (28.1/sec)
  Progress: 2700/10000 entities (28.1/sec)
  Progress: 2705/10000 entities (28.1/sec)
  Progress: 2710/10000 entities (28.1/sec)
  Progress: 2715/10000 entities (28.1/sec)
  Progress: 2720/10000 entities (28.1/sec)
  Progress: 2725/10000 entities (28.1/sec)
  Progress: 2730/10000 entities (28.1/sec)
  Progress: 2735/10000 entities (28.1/sec)
  Progress: 2740/10000 entities (28.1/sec)
  Progress: 2745/10000 entities (28.2/sec)
  Progress: 2750/10000 entities (28.1/sec)
  Progress: 2755/10000 entities (28.1/sec)
  Progress: 2760/10000 entities (28.1/sec)
  Progress: 2765/10000 entities (28.2/sec)
  Progress: 2770/10000 entities (28.2/sec)
  Progress: 2775/10000 entities (28.1/sec)
  Progress: 2780/10000 entities (28.1/sec)
  Progress: 2785/10000 entities (28.1/sec)
  Progress: 2790/10000 entities (28.2/sec)
  Progress: 2795/10000 entities (28.2/sec)
  Progress: 2800/10000 entities (28.2/sec)
  Progress: 2805/10000 entities (28.2/sec)
  Progress: 2810/10000 entities (28.2/sec)
  Progress: 2815/10000 entities (28.2/sec)
  Progress: 2820/10000 entities (28.2/sec)
  Progress: 2825/10000 entities (28.2/sec)
  Progress: 2830/10000 entities (28.2/sec)
  Progress: 2835/10000 entities (28.2/sec)
  Progress: 2840/10000 entities (28.2/sec)
  Progress: 2845/10000 entities (28.2/sec)
  Progress: 2850/10000 entities (28.2/sec)
  Progress: 2855/10000 entities (28.2/sec)
  Progress: 2860/10000 entities (28.2/sec)
  Progress: 2865/10000 entities (28.2/sec)
  Progress: 2870/10000 entities (28.3/sec)
  Progress: 2875/10000 entities (28.2/sec)
  Progress: 2880/10000 entities (28.2/sec)
  Progress: 2885/10000 entities (28.2/sec)
  Progress: 2890/10000 entities (28.2/sec)
  Progress: 2895/10000 entities (28.3/sec)
  Progress: 2900/10000 entities (28.2/sec)
  Progress: 2905/10000 entities (28.3/sec)
  Progress: 2910/10000 entities (28.3/sec)
  Progress: 2915/10000 entities (28.3/sec)
  Progress: 2920/10000 entities (28.3/sec)
  Progress: 2925/10000 entities (28.3/sec)
  Progress: 2930/10000 entities (28.3/sec)
  Progress: 2935/10000 entities (28.3/sec)
  Progress: 2940/10000 entities (28.3/sec)
  Progress: 2945/10000 entities (28.3/sec)
  Progress: 2950/10000 entities (28.3/sec)
  Progress: 2955/10000 entities (28.4/sec)
  Progress: 2960/10000 entities (28.4/sec)
  Progress: 2965/10000 entities (28.4/sec)
  Progress: 2970/10000 entities (28.4/sec)
  Progress: 2975/10000 entities (28.4/sec)
  Progress: 2980/10000 entities (28.4/sec)
  Progress: 2985/10000 entities (28.4/sec)
  Progress: 2990/10000 entities (28.4/sec)
  Progress: 2995/10000 entities (28.4/sec)
  Progress: 3000/10000 entities (28.4/sec)
  Progress: 3005/10000 entities (28.4/sec)
  Progress: 3010/10000 entities (28.4/sec)
  Progress: 3015/10000 entities (28.5/sec)
  Progress: 3020/10000 entities (28.5/sec)
  Progress: 3025/10000 entities (28.5/sec)
  Progress: 3030/10000 entities (28.5/sec)
  Progress: 3035/10000 entities (28.5/sec)
  Progress: 3040/10000 entities (28.5/sec)
  Progress: 3045/10000 entities (28.5/sec)
  Progress: 3050/10000 entities (28.4/sec)
  Progress: 3055/10000 entities (28.4/sec)
  Progress: 3060/10000 entities (28.4/sec)
  Progress: 3065/10000 entities (28.3/sec)
  Progress: 3070/10000 entities (28.4/sec)
  Progress: 3075/10000 entities (28.4/sec)
  Progress: 3080/10000 entities (28.4/sec)
  Progress: 3085/10000 entities (28.4/sec)
  Progress: 3090/10000 entities (28.4/sec)
  Progress: 3095/10000 entities (28.4/sec)
  Progress: 3100/10000 entities (28.4/sec)
  Progress: 3105/10000 entities (28.4/sec)
  Progress: 3110/10000 entities (28.4/sec)
  Progress: 3115/10000 entities (28.4/sec)
  Progress: 3120/10000 entities (28.4/sec)
  Progress: 3125/10000 entities (28.4/sec)
  Progress: 3130/10000 entities (28.5/sec)
  Progress: 3135/10000 entities (28.5/sec)
  Progress: 3140/10000 entities (28.5/sec)
  Progress: 3145/10000 entities (28.5/sec)
  Progress: 3150/10000 entities (28.4/sec)
  Progress: 3155/10000 entities (28.4/sec)
  Progress: 3160/10000 entities (28.4/sec)
  Progress: 3165/10000 entities (28.4/sec)
  Progress: 3170/10000 entities (28.5/sec)
  Progress: 3175/10000 entities (28.5/sec)
  Progress: 3180/10000 entities (28.5/sec)
  Progress: 3185/10000 entities (28.5/sec)
  Progress: 3190/10000 entities (28.5/sec)
  Progress: 3195/10000 entities (28.5/sec)
  Progress: 3200/10000 entities (28.5/sec)
  Progress: 3205/10000 entities (28.5/sec)
  Progress: 3210/10000 entities (28.5/sec)
  Progress: 3215/10000 entities (28.5/sec)
  Progress: 3220/10000 entities (28.5/sec)
  Progress: 3225/10000 entities (28.5/sec)
  Progress: 3230/10000 entities (28.5/sec)
  Progress: 3235/10000 entities (28.5/sec)
  Progress: 3240/10000 entities (28.5/sec)
  Progress: 3245/10000 entities (28.5/sec)
  Progress: 3250/10000 entities (28.5/sec)
  Progress: 3255/10000 entities (28.5/sec)
  Progress: 3260/10000 entities (28.5/sec)
  Progress: 3265/10000 entities (28.6/sec)
  Progress: 3270/10000 entities (28.6/sec)
  Progress: 3275/10000 entities (28.5/sec)
  Progress: 3280/10000 entities (28.6/sec)
  Progress: 3285/10000 entities (28.6/sec)
  Progress: 3290/10000 entities (28.6/sec)
  Progress: 3295/10000 entities (28.6/sec)
  Progress: 3300/10000 entities (28.6/sec)
  Progress: 3305/10000 entities (28.6/sec)
  Progress: 3310/10000 entities (28.6/sec)
  Progress: 3315/10000 entities (28.6/sec)
  Progress: 3320/10000 entities (28.6/sec)
  Progress: 3325/10000 entities (28.6/sec)
  Progress: 3330/10000 entities (28.6/sec)
  Progress: 3335/10000 entities (28.6/sec)
  Progress: 3340/10000 entities (28.6/sec)
  Progress: 3345/10000 entities (28.6/sec)
  Progress: 3350/10000 entities (28.6/sec)
  Progress: 3355/10000 entities (28.6/sec)
  Progress: 3360/10000 entities (28.6/sec)
  Progress: 3365/10000 entities (28.6/sec)
  Progress: 3370/10000 entities (28.6/sec)
  Progress: 3375/10000 entities (28.6/sec)
  Progress: 3380/10000 entities (28.6/sec)
  Progress: 3385/10000 entities (28.6/sec)
  Progress: 3390/10000 entities (28.6/sec)
  Progress: 3395/10000 entities (28.6/sec)
  Progress: 3400/10000 entities (28.6/sec)
  Progress: 3405/10000 entities (28.6/sec)
  Progress: 3410/10000 entities (28.6/sec)
  Progress: 3415/10000 entities (28.6/sec)
  Progress: 3420/10000 entities (28.6/sec)
  Progress: 3425/10000 entities (28.6/sec)
  Progress: 3430/10000 entities (28.6/sec)
  Progress: 3435/10000 entities (28.6/sec)
  Progress: 3440/10000 entities (28.7/sec)
  Progress: 3445/10000 entities (28.7/sec)
  Progress: 3450/10000 entities (28.7/sec)
  Progress: 3455/10000 entities (28.7/sec)
  Progress: 3460/10000 entities (28.7/sec)
  Progress: 3465/10000 entities (28.7/sec)
  Progress: 3470/10000 entities (28.7/sec)
  Progress: 3475/10000 entities (28.7/sec)
  Progress: 3480/10000 entities (28.7/sec)
  Progress: 3485/10000 entities (28.7/sec)
  Progress: 3490/10000 entities (28.7/sec)
  Progress: 3495/10000 entities (28.7/sec)
  Progress: 3500/10000 entities (28.7/sec)
  Progress: 3505/10000 entities (28.7/sec)
  Progress: 3510/10000 entities (28.7/sec)
  Progress: 3515/10000 entities (28.8/sec)
  Progress: 3520/10000 entities (28.8/sec)
  Progress: 3525/10000 entities (28.8/sec)
  Progress: 3530/10000 entities (28.7/sec)
  Progress: 3535/10000 entities (28.7/sec)
  Progress: 3540/10000 entities (28.7/sec)
  Progress: 3545/10000 entities (28.8/sec)
  Progress: 3550/10000 entities (28.8/sec)
  Progress: 3555/10000 entities (28.8/sec)
  Progress: 3560/10000 entities (28.7/sec)
  Progress: 3565/10000 entities (28.8/sec)
  Progress: 3570/10000 entities (28.8/sec)
  Progress: 3575/10000 entities (28.8/sec)
  Progress: 3580/10000 entities (28.8/sec)
  Progress: 3585/10000 entities (28.8/sec)
  Progress: 3590/10000 entities (28.8/sec)
  Progress: 3595/10000 entities (28.8/sec)
  Progress: 3600/10000 entities (28.8/sec)
  Progress: 3605/10000 entities (28.8/sec)
  Progress: 3610/10000 entities (28.8/sec)
  Progress: 3615/10000 entities (28.8/sec)
  Progress: 3620/10000 entities (28.8/sec)
  Progress: 3625/10000 entities (28.8/sec)
  Progress: 3630/10000 entities (28.8/sec)
  Progress: 3635/10000 entities (28.8/sec)
  Progress: 3640/10000 entities (28.8/sec)
  Progress: 3645/10000 entities (28.8/sec)
  Progress: 3650/10000 entities (28.8/sec)
  Progress: 3655/10000 entities (28.8/sec)
  Progress: 3660/10000 entities (28.8/sec)
  Progress: 3665/10000 entities (28.8/sec)
  Progress: 3670/10000 entities (28.8/sec)
  Progress: 3675/10000 entities (28.8/sec)
  Progress: 3680/10000 entities (28.8/sec)
  Progress: 3685/10000 entities (28.8/sec)
  Progress: 3690/10000 entities (28.8/sec)
  Progress: 3695/10000 entities (28.8/sec)
  Progress: 3700/10000 entities (28.8/sec)
  Progress: 3705/10000 entities (28.8/sec)
  Progress: 3710/10000 entities (28.8/sec)
  Progress: 3715/10000 entities (28.8/sec)
  Progress: 3720/10000 entities (28.8/sec)
  Progress: 3725/10000 entities (28.8/sec)
  Progress: 3730/10000 entities (28.8/sec)
  Progress: 3735/10000 entities (28.8/sec)
  Progress: 3740/10000 entities (28.8/sec)
  Progress: 3745/10000 entities (28.8/sec)
  Progress: 3750/10000 entities (28.8/sec)
  Progress: 3755/10000 entities (28.8/sec)
  Progress: 3760/10000 entities (28.8/sec)
  Progress: 3765/10000 entities (28.8/sec)
  Progress: 3770/10000 entities (28.8/sec)
  Progress: 3775/10000 entities (28.8/sec)
  Progress: 3780/10000 entities (28.8/sec)
  Progress: 3785/10000 entities (28.8/sec)
  Progress: 3790/10000 entities (28.7/sec)
  Progress: 3795/10000 entities (28.8/sec)
  Progress: 3800/10000 entities (28.8/sec)
  Progress: 3805/10000 entities (28.8/sec)
  Progress: 3810/10000 entities (28.8/sec)
  Progress: 3815/10000 entities (28.8/sec)
  Progress: 3820/10000 entities (28.8/sec)
  Progress: 3825/10000 entities (28.8/sec)
  Progress: 3830/10000 entities (28.8/sec)
  Progress: 3835/10000 entities (28.8/sec)
  Progress: 3840/10000 entities (28.8/sec)
  Progress: 3845/10000 entities (28.8/sec)
  Progress: 3850/10000 entities (28.8/sec)
  Progress: 3855/10000 entities (28.8/sec)
  Progress: 3860/10000 entities (28.8/sec)
  Progress: 3865/10000 entities (28.8/sec)
  Progress: 3870/10000 entities (28.8/sec)
  Progress: 3875/10000 entities (28.8/sec)
  Progress: 3880/10000 entities (28.8/sec)
  Progress: 3885/10000 entities (28.8/sec)
  Progress: 3890/10000 entities (28.8/sec)
  Progress: 3895/10000 entities (28.8/sec)
  Progress: 3900/10000 entities (28.8/sec)
  Progress: 3905/10000 entities (28.8/sec)
  Progress: 3910/10000 entities (28.8/sec)
  Progress: 3915/10000 entities (28.8/sec)
  Progress: 3920/10000 entities (28.8/sec)
  Progress: 3925/10000 entities (28.8/sec)
  Progress: 3930/10000 entities (28.8/sec)
  Progress: 3935/10000 entities (28.8/sec)
  Progress: 3940/10000 entities (28.9/sec)
  Progress: 3945/10000 entities (28.8/sec)
  Progress: 3950/10000 entities (28.8/sec)
  Progress: 3955/10000 entities (28.8/sec)
  Progress: 3960/10000 entities (28.9/sec)
  Progress: 3965/10000 entities (28.9/sec)
  Progress: 3970/10000 entities (28.9/sec)
  Progress: 3975/10000 entities (28.9/sec)
  Progress: 3980/10000 entities (28.9/sec)
  Progress: 3985/10000 entities (28.9/sec)
  Progress: 3990/10000 entities (28.9/sec)
  Progress: 3995/10000 entities (28.9/sec)
  Progress: 4000/10000 entities (28.9/sec)
  Progress: 4005/10000 entities (28.9/sec)
  Progress: 4010/10000 entities (28.9/sec)
  Progress: 4015/10000 entities (28.9/sec)
  Progress: 4020/10000 entities (28.9/sec)
  Progress: 4025/10000 entities (28.9/sec)
  Progress: 4030/10000 entities (28.9/sec)
  Progress: 4035/10000 entities (28.9/sec)
  Progress: 4040/10000 entities (28.9/sec)
  Progress: 4045/10000 entities (28.9/sec)
  Progress: 4050/10000 entities (29.0/sec)
  Progress: 4055/10000 entities (29.0/sec)
  Progress: 4060/10000 entities (29.0/sec)
  Progress: 4065/10000 entities (29.0/sec)
  Progress: 4070/10000 entities (29.0/sec)
  Progress: 4075/10000 entities (29.0/sec)
  Progress: 4080/10000 entities (29.0/sec)
  Progress: 4085/10000 entities (29.0/sec)
  Progress: 4090/10000 entities (29.0/sec)
  Progress: 4095/10000 entities (29.0/sec)
  Progress: 4100/10000 entities (29.0/sec)
  Progress: 4105/10000 entities (28.9/sec)
  Progress: 4110/10000 entities (28.9/sec)
  Progress: 4115/10000 entities (28.9/sec)
  Progress: 4120/10000 entities (28.9/sec)
  Progress: 4125/10000 entities (28.9/sec)
  Progress: 4130/10000 entities (28.9/sec)
  Progress: 4135/10000 entities (28.9/sec)
  Progress: 4140/10000 entities (28.9/sec)
  Progress: 4145/10000 entities (28.9/sec)
  Progress: 4150/10000 entities (29.0/sec)
  Progress: 4155/10000 entities (29.0/sec)
  Progress: 4160/10000 entities (28.9/sec)
  Progress: 4165/10000 entities (28.9/sec)
  Progress: 4170/10000 entities (29.0/sec)
  Progress: 4175/10000 entities (29.0/sec)
  Progress: 4180/10000 entities (29.0/sec)
  Progress: 4185/10000 entities (29.0/sec)
  Progress: 4190/10000 entities (29.0/sec)
  Progress: 4195/10000 entities (29.0/sec)
  Progress: 4200/10000 entities (29.0/sec)
  Progress: 4205/10000 entities (29.0/sec)
  Progress: 4210/10000 entities (29.0/sec)
  Progress: 4215/10000 entities (29.0/sec)
  Progress: 4220/10000 entities (29.0/sec)
  Progress: 4225/10000 entities (29.0/sec)
  Progress: 4230/10000 entities (29.1/sec)
  Progress: 4235/10000 entities (29.0/sec)
  Progress: 4240/10000 entities (29.0/sec)
  Progress: 4245/10000 entities (29.1/sec)
  Progress: 4250/10000 entities (29.1/sec)
  Progress: 4255/10000 entities (29.1/sec)
  Progress: 4260/10000 entities (29.1/sec)
  Progress: 4265/10000 entities (29.1/sec)
  Progress: 4270/10000 entities (29.1/sec)
  Progress: 4275/10000 entities (29.1/sec)
  Progress: 4280/10000 entities (29.1/sec)
  Progress: 4285/10000 entities (29.1/sec)
  Progress: 4290/10000 entities (29.1/sec)
  Progress: 4295/10000 entities (29.1/sec)
  Progress: 4300/10000 entities (29.1/sec)
  Progress: 4305/10000 entities (29.1/sec)
  Progress: 4310/10000 entities (29.1/sec)
  Progress: 4315/10000 entities (29.1/sec)
  Progress: 4320/10000 entities (29.1/sec)
  Progress: 4325/10000 entities (29.1/sec)
  Progress: 4330/10000 entities (29.1/sec)
  Progress: 4335/10000 entities (29.1/sec)
  Progress: 4340/10000 entities (29.1/sec)
  Progress: 4345/10000 entities (29.1/sec)
  Progress: 4350/10000 entities (29.1/sec)
  Progress: 4355/10000 entities (29.1/sec)
  Progress: 4360/10000 entities (29.1/sec)
  Progress: 4365/10000 entities (29.1/sec)
  Progress: 4370/10000 entities (29.1/sec)
  Progress: 4375/10000 entities (29.1/sec)
  Progress: 4380/10000 entities (29.1/sec)
  Progress: 4385/10000 entities (29.1/sec)
  Progress: 4390/10000 entities (29.1/sec)
  Progress: 4395/10000 entities (29.1/sec)
  Progress: 4400/10000 entities (29.1/sec)
  Progress: 4405/10000 entities (29.2/sec)
  Progress: 4410/10000 entities (29.2/sec)
  Progress: 4415/10000 entities (29.2/sec)
  Progress: 4420/10000 entities (29.2/sec)
  Progress: 4425/10000 entities (29.2/sec)
  Progress: 4430/10000 entities (29.2/sec)
  Progress: 4435/10000 entities (29.2/sec)
  Progress: 4440/10000 entities (29.2/sec)
  Progress: 4445/10000 entities (29.2/sec)
  Progress: 4450/10000 entities (29.2/sec)
  Progress: 4455/10000 entities (29.2/sec)
  Progress: 4460/10000 entities (29.2/sec)
  Progress: 4465/10000 entities (29.2/sec)
  Progress: 4470/10000 entities (29.2/sec)
  Progress: 4475/10000 entities (29.2/sec)
  Progress: 4480/10000 entities (29.2/sec)
  Progress: 4485/10000 entities (29.2/sec)
  Progress: 4490/10000 entities (29.2/sec)
  Progress: 4495/10000 entities (29.2/sec)
  Progress: 4500/10000 entities (29.2/sec)
  Progress: 4505/10000 entities (29.2/sec)
  Progress: 4510/10000 entities (29.2/sec)
  Progress: 4515/10000 entities (29.2/sec)
  Progress: 4520/10000 entities (29.2/sec)
  Progress: 4525/10000 entities (29.2/sec)
  Progress: 4530/10000 entities (29.2/sec)
  Progress: 4535/10000 entities (29.2/sec)
  Progress: 4540/10000 entities (29.2/sec)
  Progress: 4545/10000 entities (29.2/sec)
  Progress: 4550/10000 entities (29.2/sec)
  Progress: 4555/10000 entities (29.2/sec)
  Progress: 4560/10000 entities (29.2/sec)
  Progress: 4565/10000 entities (29.2/sec)
  Progress: 4570/10000 entities (29.2/sec)
  Progress: 4575/10000 entities (29.2/sec)
  Progress: 4580/10000 entities (29.2/sec)
  Progress: 4585/10000 entities (29.2/sec)
  Progress: 4590/10000 entities (29.2/sec)
  Progress: 4595/10000 entities (29.2/sec)
  Progress: 4600/10000 entities (29.1/sec)
  Progress: 4605/10000 entities (29.1/sec)
  Progress: 4610/10000 entities (29.2/sec)
  Progress: 4615/10000 entities (29.2/sec)
  Progress: 4620/10000 entities (29.2/sec)
  Progress: 4625/10000 entities (29.2/sec)
  Progress: 4630/10000 entities (29.2/sec)
  Progress: 4635/10000 entities (29.2/sec)
  Progress: 4640/10000 entities (29.2/sec)
  Progress: 4645/10000 entities (29.2/sec)
  Progress: 4650/10000 entities (29.2/sec)
  Progress: 4655/10000 entities (29.2/sec)
  Progress: 4660/10000 entities (29.2/sec)
  Progress: 4665/10000 entities (29.2/sec)
  Progress: 4670/10000 entities (29.2/sec)
  Progress: 4675/10000 entities (29.2/sec)
  Progress: 4680/10000 entities (29.2/sec)
  Progress: 4685/10000 entities (29.2/sec)
  Progress: 4690/10000 entities (29.2/sec)
  Progress: 4695/10000 entities (29.2/sec)
  Progress: 4700/10000 entities (29.2/sec)
  Progress: 4705/10000 entities (29.2/sec)
  Progress: 4710/10000 entities (29.2/sec)
  Progress: 4715/10000 entities (29.2/sec)
  Progress: 4720/10000 entities (29.2/sec)
  Progress: 4725/10000 entities (29.2/sec)
  Progress: 4730/10000 entities (29.2/sec)
  Progress: 4735/10000 entities (29.2/sec)
  Progress: 4740/10000 entities (29.2/sec)
  Progress: 4745/10000 entities (29.2/sec)
  Progress: 4750/10000 entities (29.2/sec)
  Progress: 4755/10000 entities (29.2/sec)
  Progress: 4760/10000 entities (29.2/sec)
  Progress: 4765/10000 entities (29.2/sec)
  Progress: 4770/10000 entities (29.2/sec)
  Progress: 4775/10000 entities (29.2/sec)
  Progress: 4780/10000 entities (29.2/sec)
  Progress: 4785/10000 entities (29.2/sec)
  Progress: 4790/10000 entities (29.2/sec)
  Progress: 4795/10000 entities (29.2/sec)
  Progress: 4800/10000 entities (29.2/sec)
  Progress: 4805/10000 entities (29.2/sec)
  Progress: 4810/10000 entities (29.2/sec)
  Progress: 4815/10000 entities (29.2/sec)
  Progress: 4820/10000 entities (29.2/sec)
  Progress: 4825/10000 entities (29.2/sec)
  Progress: 4830/10000 entities (29.3/sec)
  Progress: 4835/10000 entities (29.3/sec)
  Progress: 4840/10000 entities (29.3/sec)
  Progress: 4845/10000 entities (29.3/sec)
  Progress: 4850/10000 entities (29.2/sec)
  Progress: 4855/10000 entities (29.3/sec)
  Progress: 4860/10000 entities (29.2/sec)
  Progress: 4865/10000 entities (29.3/sec)
  Progress: 4870/10000 entities (29.3/sec)
  Progress: 4875/10000 entities (29.2/sec)
  Progress: 4880/10000 entities (29.2/sec)
  Progress: 4885/10000 entities (29.2/sec)
  Progress: 4890/10000 entities (29.2/sec)
  Progress: 4895/10000 entities (29.2/sec)
  Progress: 4900/10000 entities (29.2/sec)
  Progress: 4905/10000 entities (29.2/sec)
  Progress: 4910/10000 entities (29.2/sec)
  Progress: 4915/10000 entities (29.2/sec)
  Progress: 4920/10000 entities (29.2/sec)
  Progress: 4925/10000 entities (29.2/sec)
  Progress: 4930/10000 entities (29.2/sec)
  Progress: 4935/10000 entities (29.2/sec)
  Progress: 4940/10000 entities (29.2/sec)
  Progress: 4945/10000 entities (29.2/sec)
  Progress: 4950/10000 entities (29.2/sec)
  Progress: 4955/10000 entities (29.2/sec)
  Progress: 4960/10000 entities (29.2/sec)
  Progress: 4965/10000 entities (29.2/sec)
  Progress: 4970/10000 entities (29.2/sec)
  Progress: 4975/10000 entities (29.2/sec)
  Progress: 4980/10000 entities (29.2/sec)
  Progress: 4985/10000 entities (29.2/sec)
  Progress: 4990/10000 entities (29.2/sec)
  Progress: 4995/10000 entities (29.2/sec)
  Progress: 5000/10000 entities (29.2/sec)
  Progress: 5005/10000 entities (29.2/sec)
  Progress: 5010/10000 entities (29.2/sec)
  Progress: 5015/10000 entities (29.2/sec)
  Progress: 5020/10000 entities (29.2/sec)
  Progress: 5025/10000 entities (29.2/sec)
  Progress: 5030/10000 entities (29.2/sec)
  Progress: 5035/10000 entities (29.2/sec)
  Progress: 5040/10000 entities (29.2/sec)
  Progress: 5045/10000 entities (29.2/sec)
  Progress: 5050/10000 entities (29.2/sec)
  Progress: 5055/10000 entities (29.2/sec)
  Progress: 5060/10000 entities (29.2/sec)
  Progress: 5065/10000 entities (29.1/sec)
  Progress: 5070/10000 entities (29.1/sec)
  Progress: 5075/10000 entities (29.1/sec)
  Progress: 5080/10000 entities (29.1/sec)
  Progress: 5085/10000 entities (29.1/sec)
  Progress: 5090/10000 entities (29.1/sec)
  Progress: 5095/10000 entities (29.2/sec)
  Progress: 5100/10000 entities (29.1/sec)
  Progress: 5105/10000 entities (29.1/sec)
  Progress: 5110/10000 entities (29.2/sec)
  Progress: 5115/10000 entities (29.2/sec)
  Progress: 5120/10000 entities (29.2/sec)
  Progress: 5125/10000 entities (29.2/sec)
  Progress: 5130/10000 entities (29.2/sec)
  Progress: 5135/10000 entities (29.2/sec)
  Progress: 5140/10000 entities (29.2/sec)
  Progress: 5145/10000 entities (29.2/sec)
  Progress: 5150/10000 entities (29.2/sec)
  Progress: 5155/10000 entities (29.2/sec)
  Progress: 5160/10000 entities (29.2/sec)
  Progress: 5165/10000 entities (29.2/sec)
  Progress: 5170/10000 entities (29.2/sec)
  Progress: 5175/10000 entities (29.2/sec)
  Progress: 5180/10000 entities (29.2/sec)
  Progress: 5185/10000 entities (29.2/sec)
  Progress: 5190/10000 entities (29.2/sec)
  Progress: 5195/10000 entities (29.2/sec)
  Progress: 5200/10000 entities (29.2/sec)
  Progress: 5205/10000 entities (29.2/sec)
  Progress: 5210/10000 entities (29.2/sec)
  Progress: 5215/10000 entities (29.2/sec)
  Progress: 5220/10000 entities (29.2/sec)
  Progress: 5225/10000 entities (29.2/sec)
  Progress: 5230/10000 entities (29.2/sec)
  Progress: 5235/10000 entities (29.2/sec)
  Progress: 5240/10000 entities (29.2/sec)
  Progress: 5245/10000 entities (29.2/sec)
  Progress: 5250/10000 entities (29.2/sec)
  Progress: 5255/10000 entities (29.2/sec)
  Progress: 5260/10000 entities (29.2/sec)
  Progress: 5265/10000 entities (29.2/sec)
  Progress: 5270/10000 entities (29.2/sec)
  Progress: 5275/10000 entities (29.3/sec)
  Progress: 5280/10000 entities (29.3/sec)
  Progress: 5285/10000 entities (29.2/sec)
  Progress: 5290/10000 entities (29.2/sec)
  Progress: 5295/10000 entities (29.3/sec)
  Progress: 5300/10000 entities (29.3/sec)
  Progress: 5305/10000 entities (29.3/sec)
  Progress: 5310/10000 entities (29.3/sec)
  Progress: 5315/10000 entities (29.3/sec)
  Progress: 5320/10000 entities (29.3/sec)
  Progress: 5325/10000 entities (29.3/sec)
  Progress: 5330/10000 entities (29.3/sec)
  Progress: 5335/10000 entities (29.3/sec)
  Progress: 5340/10000 entities (29.3/sec)
  Progress: 5345/10000 entities (29.3/sec)
  Progress: 5350/10000 entities (29.3/sec)
  Progress: 5355/10000 entities (29.3/sec)
  Progress: 5360/10000 entities (29.3/sec)
  Progress: 5365/10000 entities (29.3/sec)
  Progress: 5370/10000 entities (29.3/sec)
  Progress: 5375/10000 entities (29.3/sec)
  Progress: 5380/10000 entities (29.3/sec)
  Progress: 5385/10000 entities (29.3/sec)
  Progress: 5390/10000 entities (29.3/sec)
  Progress: 5395/10000 entities (29.3/sec)
  Progress: 5400/10000 entities (29.3/sec)
  Progress: 5405/10000 entities (29.3/sec)
  Progress: 5410/10000 entities (29.3/sec)
  Progress: 5415/10000 entities (29.3/sec)
  Progress: 5420/10000 entities (29.3/sec)
  Progress: 5425/10000 entities (29.3/sec)
  Progress: 5430/10000 entities (29.3/sec)
  Progress: 5435/10000 entities (29.3/sec)
  Progress: 5440/10000 entities (29.3/sec)
  Progress: 5445/10000 entities (29.3/sec)
  Progress: 5450/10000 entities (29.3/sec)
  Progress: 5455/10000 entities (29.3/sec)
  Progress: 5460/10000 entities (29.2/sec)
  Progress: 5465/10000 entities (29.3/sec)
  Progress: 5470/10000 entities (29.3/sec)
  Progress: 5475/10000 entities (29.3/sec)
  Progress: 5480/10000 entities (29.3/sec)
  Progress: 5485/10000 entities (29.3/sec)
  Progress: 5490/10000 entities (29.3/sec)
  Progress: 5495/10000 entities (29.2/sec)
  Progress: 5500/10000 entities (29.3/sec)
  Progress: 5505/10000 entities (29.2/sec)
  Progress: 5510/10000 entities (29.3/sec)
  Progress: 5515/10000 entities (29.3/sec)
  Progress: 5520/10000 entities (29.2/sec)
  Progress: 5525/10000 entities (29.2/sec)
  Progress: 5530/10000 entities (29.2/sec)
  Progress: 5535/10000 entities (29.3/sec)
  Progress: 5540/10000 entities (29.3/sec)
  Progress: 5545/10000 entities (29.3/sec)
  Progress: 5550/10000 entities (29.3/sec)
  Progress: 5555/10000 entities (29.3/sec)
  Progress: 5560/10000 entities (29.3/sec)
  Progress: 5565/10000 entities (29.3/sec)
  Progress: 5570/10000 entities (29.3/sec)
  Progress: 5575/10000 entities (29.3/sec)
  Progress: 5580/10000 entities (29.3/sec)
  Progress: 5585/10000 entities (29.3/sec)
  Progress: 5590/10000 entities (29.3/sec)
  Progress: 5595/10000 entities (29.3/sec)
  Progress: 5600/10000 entities (29.3/sec)
  Progress: 5605/10000 entities (29.3/sec)
  Progress: 5610/10000 entities (29.3/sec)
  Progress: 5615/10000 entities (29.3/sec)
  Progress: 5620/10000 entities (29.3/sec)
  Progress: 5625/10000 entities (29.3/sec)
  Progress: 5630/10000 entities (29.3/sec)
  Progress: 5635/10000 entities (29.3/sec)
  Progress: 5640/10000 entities (29.3/sec)
  Progress: 5645/10000 entities (29.3/sec)
  Progress: 5650/10000 entities (29.3/sec)
  Progress: 5655/10000 entities (29.3/sec)
  Progress: 5660/10000 entities (29.3/sec)
  Progress: 5665/10000 entities (29.3/sec)
  Progress: 5670/10000 entities (29.3/sec)
  Progress: 5675/10000 entities (29.3/sec)
  Progress: 5680/10000 entities (29.3/sec)
  Progress: 5685/10000 entities (29.3/sec)
  Progress: 5690/10000 entities (29.3/sec)
  Progress: 5695/10000 entities (29.3/sec)
  Progress: 5700/10000 entities (29.3/sec)
  Progress: 5705/10000 entities (29.3/sec)
  Progress: 5710/10000 entities (29.3/sec)
  Progress: 5715/10000 entities (29.3/sec)
  Progress: 5720/10000 entities (29.3/sec)
  Progress: 5725/10000 entities (29.3/sec)
  Progress: 5730/10000 entities (29.3/sec)
  Progress: 5735/10000 entities (29.3/sec)
  Progress: 5740/10000 entities (29.3/sec)
  Progress: 5745/10000 entities (29.3/sec)
  Progress: 5750/10000 entities (29.3/sec)
  Progress: 5755/10000 entities (29.3/sec)
  Progress: 5760/10000 entities (29.3/sec)
  Progress: 5765/10000 entities (29.3/sec)
  Progress: 5770/10000 entities (29.3/sec)
  Progress: 5775/10000 entities (29.3/sec)
  Progress: 5780/10000 entities (29.3/sec)
  Progress: 5785/10000 entities (29.3/sec)
  Progress: 5790/10000 entities (29.3/sec)
  Progress: 5795/10000 entities (29.3/sec)
  Progress: 5800/10000 entities (29.3/sec)
  Progress: 5805/10000 entities (29.3/sec)
  Progress: 5810/10000 entities (29.3/sec)
  Progress: 5815/10000 entities (29.3/sec)
  Progress: 5820/10000 entities (29.3/sec)
  Progress: 5825/10000 entities (29.3/sec)
  Progress: 5830/10000 entities (29.3/sec)
  Progress: 5835/10000 entities (29.3/sec)
  Progress: 5840/10000 entities (29.3/sec)
  Progress: 5845/10000 entities (29.3/sec)
  Progress: 5850/10000 entities (29.3/sec)
  Progress: 5855/10000 entities (29.3/sec)
  Progress: 5860/10000 entities (29.3/sec)
  Progress: 5865/10000 entities (29.3/sec)
  Progress: 5870/10000 entities (29.3/sec)
  Progress: 5875/10000 entities (29.2/sec)
  Progress: 5880/10000 entities (29.2/sec)
  Progress: 5885/10000 entities (29.2/sec)
  Progress: 5890/10000 entities (29.3/sec)
  Progress: 5895/10000 entities (29.3/sec)
  Progress: 5900/10000 entities (29.3/sec)
  Progress: 5905/10000 entities (29.3/sec)
  Progress: 5910/10000 entities (29.3/sec)
  Progress: 5915/10000 entities (29.3/sec)
  Progress: 5920/10000 entities (29.3/sec)
  Progress: 5925/10000 entities (29.3/sec)
  Progress: 5930/10000 entities (29.2/sec)
  Progress: 5935/10000 entities (29.2/sec)
  Progress: 5940/10000 entities (29.2/sec)
  Progress: 5945/10000 entities (29.2/sec)
  Progress: 5950/10000 entities (29.2/sec)
  Progress: 5955/10000 entities (29.2/sec)
  Progress: 5960/10000 entities (29.2/sec)
  Progress: 5965/10000 entities (29.2/sec)
  Progress: 5970/10000 entities (29.2/sec)
  Progress: 5975/10000 entities (29.2/sec)
  Progress: 5980/10000 entities (29.2/sec)
  Progress: 5985/10000 entities (29.2/sec)
  Progress: 5990/10000 entities (29.2/sec)
  Progress: 5995/10000 entities (29.2/sec)
  Progress: 6000/10000 entities (29.2/sec)
  Progress: 6005/10000 entities (29.2/sec)
  Progress: 6010/10000 entities (29.2/sec)
  Progress: 6015/10000 entities (29.2/sec)
  Progress: 6020/10000 entities (29.2/sec)
  Progress: 6025/10000 entities (29.2/sec)
  Progress: 6030/10000 entities (29.2/sec)
  Progress: 6035/10000 entities (29.2/sec)
  Progress: 6040/10000 entities (29.2/sec)
  Progress: 6045/10000 entities (29.2/sec)
  Progress: 6050/10000 entities (29.2/sec)
  Progress: 6055/10000 entities (29.2/sec)
  Progress: 6060/10000 entities (29.2/sec)
  Progress: 6065/10000 entities (29.3/sec)
  Progress: 6070/10000 entities (29.3/sec)
  Progress: 6075/10000 entities (29.2/sec)
  Progress: 6080/10000 entities (29.3/sec)
  Progress: 6085/10000 entities (29.3/sec)
  Progress: 6090/10000 entities (29.3/sec)
  Progress: 6095/10000 entities (29.3/sec)
  Progress: 6100/10000 entities (29.3/sec)
  Progress: 6105/10000 entities (29.3/sec)
  Progress: 6110/10000 entities (29.3/sec)
  Progress: 6115/10000 entities (29.3/sec)
  Progress: 6120/10000 entities (29.3/sec)
  Progress: 6125/10000 entities (29.3/sec)
  Progress: 6130/10000 entities (29.3/sec)
  Progress: 6135/10000 entities (29.3/sec)
  Progress: 6140/10000 entities (29.3/sec)
  Progress: 6145/10000 entities (29.3/sec)
  Progress: 6150/10000 entities (29.3/sec)
  Progress: 6155/10000 entities (29.3/sec)
  Progress: 6160/10000 entities (29.3/sec)
  Progress: 6165/10000 entities (29.3/sec)
  Progress: 6170/10000 entities (29.3/sec)
  Progress: 6175/10000 entities (29.3/sec)
  Progress: 6180/10000 entities (29.3/sec)
  Progress: 6185/10000 entities (29.3/sec)
  Progress: 6190/10000 entities (29.3/sec)
  Progress: 6195/10000 entities (29.3/sec)
  Progress: 6200/10000 entities (29.3/sec)
  Progress: 6205/10000 entities (29.3/sec)
  Progress: 6210/10000 entities (29.3/sec)
  Progress: 6215/10000 entities (29.3/sec)
  Progress: 6220/10000 entities (29.3/sec)
  Progress: 6225/10000 entities (29.3/sec)
  Progress: 6230/10000 entities (29.3/sec)
  Progress: 6235/10000 entities (29.3/sec)
  Progress: 6240/10000 entities (29.3/sec)
  Progress: 6245/10000 entities (29.3/sec)
  Progress: 6250/10000 entities (29.3/sec)
  Progress: 6255/10000 entities (29.3/sec)
  Progress: 6260/10000 entities (29.3/sec)
  Progress: 6265/10000 entities (29.3/sec)
  Progress: 6270/10000 entities (29.3/sec)
  Progress: 6275/10000 entities (29.3/sec)
  Progress: 6280/10000 entities (29.3/sec)
  Progress: 6285/10000 entities (29.3/sec)
  Progress: 6290/10000 entities (29.3/sec)
  Progress: 6295/10000 entities (29.3/sec)
  Progress: 6300/10000 entities (29.3/sec)
  Progress: 6305/10000 entities (29.3/sec)
  Progress: 6310/10000 entities (29.3/sec)
  Progress: 6315/10000 entities (29.3/sec)
  Progress: 6320/10000 entities (29.3/sec)
  Progress: 6325/10000 entities (29.3/sec)
  Progress: 6330/10000 entities (29.3/sec)
  Progress: 6335/10000 entities (29.3/sec)
  Progress: 6340/10000 entities (29.3/sec)
  Progress: 6345/10000 entities (29.3/sec)
  Progress: 6350/10000 entities (29.3/sec)
  Progress: 6355/10000 entities (29.3/sec)
  Progress: 6360/10000 entities (29.3/sec)
  Progress: 6365/10000 entities (29.3/sec)
  Progress: 6370/10000 entities (29.3/sec)
  Progress: 6375/10000 entities (29.3/sec)
  Progress: 6380/10000 entities (29.3/sec)
  Progress: 6385/10000 entities (29.3/sec)
  Progress: 6390/10000 entities (29.3/sec)
  Progress: 6395/10000 entities (29.3/sec)
  Progress: 6400/10000 entities (29.3/sec)
  Progress: 6405/10000 entities (29.3/sec)
  Progress: 6410/10000 entities (29.3/sec)
  Progress: 6415/10000 entities (29.3/sec)
  Progress: 6420/10000 entities (29.3/sec)
  Progress: 6425/10000 entities (29.3/sec)
  Progress: 6430/10000 entities (29.3/sec)
  Progress: 6435/10000 entities (29.3/sec)
  Progress: 6440/10000 entities (29.3/sec)
  Progress: 6445/10000 entities (29.3/sec)
  Progress: 6450/10000 entities (29.3/sec)
  Progress: 6455/10000 entities (29.3/sec)
  Progress: 6460/10000 entities (29.3/sec)
  Progress: 6465/10000 entities (29.3/sec)
  Progress: 6470/10000 entities (29.4/sec)
  Progress: 6475/10000 entities (29.4/sec)
  Progress: 6480/10000 entities (29.3/sec)
  Progress: 6485/10000 entities (29.4/sec)
  Progress: 6490/10000 entities (29.4/sec)
  Progress: 6495/10000 entities (29.4/sec)
  Progress: 6500/10000 entities (29.4/sec)
  Progress: 6505/10000 entities (29.4/sec)
  Progress: 6510/10000 entities (29.4/sec)
  Progress: 6515/10000 entities (29.4/sec)
  Progress: 6520/10000 entities (29.4/sec)
  Progress: 6525/10000 entities (29.4/sec)
  Progress: 6530/10000 entities (29.4/sec)
  Progress: 6535/10000 entities (29.4/sec)
  Progress: 6540/10000 entities (29.4/sec)
  Progress: 6545/10000 entities (29.4/sec)
  Progress: 6550/10000 entities (29.4/sec)
  Progress: 6555/10000 entities (29.4/sec)
  Progress: 6560/10000 entities (29.4/sec)
  Progress: 6565/10000 entities (29.4/sec)
  Progress: 6570/10000 entities (29.4/sec)
  Progress: 6575/10000 entities (29.4/sec)
  Progress: 6580/10000 entities (29.4/sec)
  Progress: 6585/10000 entities (29.4/sec)
  Progress: 6590/10000 entities (29.4/sec)
  Progress: 6595/10000 entities (29.4/sec)
  Progress: 6600/10000 entities (29.4/sec)
  Progress: 6605/10000 entities (29.4/sec)
  Progress: 6610/10000 entities (29.4/sec)
  Progress: 6615/10000 entities (29.4/sec)
  Progress: 6620/10000 entities (29.4/sec)
  Progress: 6625/10000 entities (29.4/sec)
  Progress: 6630/10000 entities (29.4/sec)
  Progress: 6635/10000 entities (29.4/sec)
  Progress: 6640/10000 entities (29.5/sec)
  Progress: 6645/10000 entities (29.4/sec)
  Progress: 6650/10000 entities (29.4/sec)
  Progress: 6655/10000 entities (29.4/sec)
  Progress: 6660/10000 entities (29.4/sec)
  Progress: 6665/10000 entities (29.4/sec)
  Progress: 6670/10000 entities (29.5/sec)
  Progress: 6675/10000 entities (29.5/sec)
  Progress: 6680/10000 entities (29.5/sec)
  Progress: 6685/10000 entities (29.5/sec)
  Progress: 6690/10000 entities (29.4/sec)
  Progress: 6695/10000 entities (29.4/sec)
  Progress: 6700/10000 entities (29.4/sec)
  Progress: 6705/10000 entities (29.4/sec)
  Progress: 6710/10000 entities (29.5/sec)
  Progress: 6715/10000 entities (29.5/sec)
  Progress: 6720/10000 entities (29.5/sec)
  Progress: 6725/10000 entities (29.5/sec)
  Progress: 6730/10000 entities (29.5/sec)
  Progress: 6735/10000 entities (29.5/sec)
  Progress: 6740/10000 entities (29.5/sec)
  Progress: 6745/10000 entities (29.5/sec)
  Progress: 6750/10000 entities (29.5/sec)
  Progress: 6755/10000 entities (29.5/sec)
  Progress: 6760/10000 entities (29.5/sec)
  Progress: 6765/10000 entities (29.5/sec)
  Progress: 6770/10000 entities (29.5/sec)
  Progress: 6775/10000 entities (29.5/sec)
  Progress: 6780/10000 entities (29.5/sec)
  Progress: 6785/10000 entities (29.5/sec)
  Progress: 6790/10000 entities (29.5/sec)
  Progress: 6795/10000 entities (29.5/sec)
  Progress: 6800/10000 entities (29.5/sec)
  Progress: 6805/10000 entities (29.5/sec)
  Progress: 6810/10000 entities (29.5/sec)
  Progress: 6815/10000 entities (29.5/sec)
  Progress: 6820/10000 entities (29.5/sec)
  Progress: 6825/10000 entities (29.5/sec)
  Progress: 6830/10000 entities (29.5/sec)
  Progress: 6835/10000 entities (29.5/sec)
  Progress: 6840/10000 entities (29.5/sec)
  Progress: 6845/10000 entities (29.5/sec)
  Progress: 6850/10000 entities (29.5/sec)
  Progress: 6855/10000 entities (29.5/sec)
  Progress: 6860/10000 entities (29.5/sec)
  Progress: 6865/10000 entities (29.5/sec)
  Progress: 6870/10000 entities (29.5/sec)
  Progress: 6875/10000 entities (29.5/sec)
  Progress: 6880/10000 entities (29.5/sec)
  Progress: 6885/10000 entities (29.5/sec)
  Progress: 6890/10000 entities (29.5/sec)
  Progress: 6895/10000 entities (29.5/sec)
  Progress: 6900/10000 entities (29.5/sec)
  Progress: 6905/10000 entities (29.5/sec)
  Progress: 6910/10000 entities (29.5/sec)
  Progress: 6915/10000 entities (29.5/sec)
  Progress: 6920/10000 entities (29.5/sec)
  Progress: 6925/10000 entities (29.5/sec)
  Progress: 6930/10000 entities (29.5/sec)
  Progress: 6935/10000 entities (29.5/sec)
  Progress: 6940/10000 entities (29.5/sec)
  Progress: 6945/10000 entities (29.5/sec)
  Progress: 6950/10000 entities (29.5/sec)
  Progress: 6955/10000 entities (29.5/sec)
  Progress: 6960/10000 entities (29.5/sec)
  Progress: 6965/10000 entities (29.5/sec)
  Progress: 6970/10000 entities (29.5/sec)
  Progress: 6975/10000 entities (29.5/sec)
  Progress: 6980/10000 entities (29.5/sec)
  Progress: 6985/10000 entities (29.5/sec)
  Progress: 6990/10000 entities (29.6/sec)
  Progress: 6995/10000 entities (29.5/sec)
  Progress: 7000/10000 entities (29.6/sec)
  Progress: 7005/10000 entities (29.6/sec)
  Progress: 7010/10000 entities (29.6/sec)
  Progress: 7015/10000 entities (29.6/sec)
  Progress: 7020/10000 entities (29.6/sec)
  Progress: 7025/10000 entities (29.6/sec)
  Progress: 7030/10000 entities (29.6/sec)
  Progress: 7035/10000 entities (29.6/sec)
  Progress: 7040/10000 entities (29.6/sec)
  Progress: 7045/10000 entities (29.6/sec)
  Progress: 7050/10000 entities (29.6/sec)
  Progress: 7055/10000 entities (29.6/sec)
  Progress: 7060/10000 entities (29.6/sec)
  Progress: 7065/10000 entities (29.6/sec)
  Progress: 7070/10000 entities (29.6/sec)
  Progress: 7075/10000 entities (29.6/sec)
  Progress: 7080/10000 entities (29.6/sec)
  Progress: 7085/10000 entities (29.6/sec)
  Progress: 7090/10000 entities (29.6/sec)
  Progress: 7095/10000 entities (29.6/sec)
  Progress: 7100/10000 entities (29.6/sec)
  Progress: 7105/10000 entities (29.6/sec)
  Progress: 7110/10000 entities (29.6/sec)
  Progress: 7115/10000 entities (29.6/sec)
  Progress: 7120/10000 entities (29.6/sec)
  Progress: 7125/10000 entities (29.6/sec)
  Progress: 7130/10000 entities (29.6/sec)
  Progress: 7135/10000 entities (29.6/sec)
  Progress: 7140/10000 entities (29.6/sec)
  Progress: 7145/10000 entities (29.6/sec)
  Progress: 7150/10000 entities (29.6/sec)
  Progress: 7155/10000 entities (29.6/sec)
  Progress: 7160/10000 entities (29.6/sec)
  Progress: 7165/10000 entities (29.6/sec)
  Progress: 7170/10000 entities (29.6/sec)
  Progress: 7175/10000 entities (29.6/sec)
  Progress: 7180/10000 entities (29.6/sec)
  Progress: 7185/10000 entities (29.6/sec)
  Progress: 7190/10000 entities (29.6/sec)
  Progress: 7195/10000 entities (29.6/sec)
  Progress: 7200/10000 entities (29.6/sec)
  Progress: 7205/10000 entities (29.6/sec)
  Progress: 7210/10000 entities (29.6/sec)
  Progress: 7215/10000 entities (29.6/sec)
  Progress: 7220/10000 entities (29.6/sec)
  Progress: 7225/10000 entities (29.6/sec)
  Progress: 7230/10000 entities (29.6/sec)
  Progress: 7235/10000 entities (29.6/sec)
  Progress: 7240/10000 entities (29.6/sec)
  Progress: 7245/10000 entities (29.6/sec)
  Progress: 7250/10000 entities (29.7/sec)
  Progress: 7255/10000 entities (29.6/sec)
  Progress: 7260/10000 entities (29.6/sec)
  Progress: 7265/10000 entities (29.6/sec)
  Progress: 7270/10000 entities (29.7/sec)
  Progress: 7275/10000 entities (29.7/sec)
  Progress: 7280/10000 entities (29.7/sec)
  Progress: 7285/10000 entities (29.6/sec)
  Progress: 7290/10000 entities (29.7/sec)
  Progress: 7295/10000 entities (29.7/sec)
  Progress: 7300/10000 entities (29.7/sec)
  Progress: 7305/10000 entities (29.7/sec)
  Progress: 7310/10000 entities (29.7/sec)
  Progress: 7315/10000 entities (29.7/sec)
  Progress: 7320/10000 entities (29.7/sec)
  Progress: 7325/10000 entities (29.7/sec)
  Progress: 7330/10000 entities (29.7/sec)
  Progress: 7335/10000 entities (29.7/sec)
  Progress: 7340/10000 entities (29.7/sec)
  Progress: 7345/10000 entities (29.7/sec)
  Progress: 7350/10000 entities (29.7/sec)
  Progress: 7355/10000 entities (29.7/sec)
  Progress: 7360/10000 entities (29.7/sec)
  Progress: 7365/10000 entities (29.7/sec)
  Progress: 7370/10000 entities (29.7/sec)
  Progress: 7375/10000 entities (29.7/sec)
  Progress: 7380/10000 entities (29.7/sec)
  Progress: 7385/10000 entities (29.6/sec)
  Progress: 7390/10000 entities (29.6/sec)
  Progress: 7395/10000 entities (29.6/sec)
  Progress: 7400/10000 entities (29.7/sec)
  Progress: 7405/10000 entities (29.6/sec)
  Progress: 7410/10000 entities (29.6/sec)
  Progress: 7415/10000 entities (29.7/sec)
  Progress: 7420/10000 entities (29.7/sec)
  Progress: 7425/10000 entities (29.7/sec)
  Progress: 7430/10000 entities (29.7/sec)
  Progress: 7435/10000 entities (29.6/sec)
  Progress: 7440/10000 entities (29.6/sec)
  Progress: 7445/10000 entities (29.7/sec)
  Progress: 7450/10000 entities (29.7/sec)
  Progress: 7455/10000 entities (29.7/sec)
  Progress: 7460/10000 entities (29.7/sec)
  Progress: 7465/10000 entities (29.7/sec)
  Progress: 7470/10000 entities (29.7/sec)
  Progress: 7475/10000 entities (29.7/sec)
  Progress: 7480/10000 entities (29.7/sec)
  Progress: 7485/10000 entities (29.7/sec)
  Progress: 7490/10000 entities (29.7/sec)
  Progress: 7495/10000 entities (29.7/sec)
  Progress: 7500/10000 entities (29.7/sec)
  Progress: 7505/10000 entities (29.7/sec)
  Progress: 7510/10000 entities (29.7/sec)
  Progress: 7515/10000 entities (29.7/sec)
  Progress: 7520/10000 entities (29.7/sec)
  Progress: 7525/10000 entities (29.7/sec)
  Progress: 7530/10000 entities (29.7/sec)
  Progress: 7535/10000 entities (29.7/sec)
  Progress: 7540/10000 entities (29.7/sec)
  Progress: 7545/10000 entities (29.7/sec)
  Progress: 7550/10000 entities (29.7/sec)
  Progress: 7555/10000 entities (29.7/sec)
  Progress: 7560/10000 entities (29.7/sec)
  Progress: 7565/10000 entities (29.7/sec)
  Progress: 7570/10000 entities (29.7/sec)
  Progress: 7575/10000 entities (29.7/sec)
  Progress: 7580/10000 entities (29.7/sec)
  Progress: 7585/10000 entities (29.7/sec)
  Progress: 7590/10000 entities (29.7/sec)
  Progress: 7595/10000 entities (29.7/sec)
  Progress: 7600/10000 entities (29.7/sec)
  Progress: 7605/10000 entities (29.7/sec)
  Progress: 7610/10000 entities (29.7/sec)
  Progress: 7615/10000 entities (29.7/sec)
  Progress: 7620/10000 entities (29.7/sec)
  Progress: 7625/10000 entities (29.7/sec)
  Progress: 7630/10000 entities (29.7/sec)
  Progress: 7635/10000 entities (29.7/sec)
  Progress: 7640/10000 entities (29.7/sec)
  Progress: 7645/10000 entities (29.6/sec)
  Progress: 7650/10000 entities (29.6/sec)
  Progress: 7655/10000 entities (29.7/sec)
  Progress: 7660/10000 entities (29.7/sec)
  Progress: 7665/10000 entities (29.7/sec)
  Progress: 7670/10000 entities (29.7/sec)
  Progress: 7675/10000 entities (29.7/sec)
  Progress: 7680/10000 entities (29.7/sec)
  Progress: 7685/10000 entities (29.7/sec)
  Progress: 7690/10000 entities (29.7/sec)
  Progress: 7695/10000 entities (29.7/sec)
  Progress: 7700/10000 entities (29.7/sec)
  Progress: 7705/10000 entities (29.7/sec)
  Progress: 7710/10000 entities (29.7/sec)
  Progress: 7715/10000 entities (29.7/sec)
  Progress: 7720/10000 entities (29.7/sec)
  Progress: 7725/10000 entities (29.7/sec)
  Progress: 7730/10000 entities (29.7/sec)
  Progress: 7735/10000 entities (29.7/sec)
  Progress: 7740/10000 entities (29.7/sec)
  Progress: 7745/10000 entities (29.7/sec)
  Progress: 7750/10000 entities (29.7/sec)
  Progress: 7755/10000 entities (29.7/sec)
  Progress: 7760/10000 entities (29.7/sec)
  Progress: 7765/10000 entities (29.7/sec)
  Progress: 7770/10000 entities (29.7/sec)
  Progress: 7775/10000 entities (29.7/sec)
  Progress: 7780/10000 entities (29.7/sec)
  Progress: 7785/10000 entities (29.7/sec)
  Progress: 7790/10000 entities (29.6/sec)
  Progress: 7795/10000 entities (29.7/sec)
  Progress: 7800/10000 entities (29.7/sec)
  Progress: 7805/10000 entities (29.7/sec)
  Progress: 7810/10000 entities (29.7/sec)
  Progress: 7815/10000 entities (29.7/sec)
  Progress: 7820/10000 entities (29.6/sec)
  Progress: 7825/10000 entities (29.7/sec)
  Progress: 7830/10000 entities (29.6/sec)
  Progress: 7835/10000 entities (29.6/sec)
  Progress: 7840/10000 entities (29.6/sec)
  Progress: 7845/10000 entities (29.6/sec)
  Progress: 7850/10000 entities (29.6/sec)
  Progress: 7855/10000 entities (29.6/sec)
  Progress: 7860/10000 entities (29.6/sec)
  Progress: 7865/10000 entities (29.6/sec)
  Progress: 7870/10000 entities (29.6/sec)
  Progress: 7875/10000 entities (29.6/sec)
  Progress: 7880/10000 entities (29.6/sec)
  Progress: 7885/10000 entities (29.6/sec)
  Progress: 7890/10000 entities (29.6/sec)
  Progress: 7895/10000 entities (29.6/sec)
  Progress: 7900/10000 entities (29.6/sec)
  Progress: 7905/10000 entities (29.7/sec)
  Progress: 7910/10000 entities (29.6/sec)
  Progress: 7915/10000 entities (29.7/sec)
  Progress: 7920/10000 entities (29.7/sec)
  Progress: 7925/10000 entities (29.7/sec)
  Progress: 7930/10000 entities (29.7/sec)
  Progress: 7935/10000 entities (29.7/sec)
  Progress: 7940/10000 entities (29.7/sec)
  Progress: 7945/10000 entities (29.7/sec)
  Progress: 7950/10000 entities (29.7/sec)
  Progress: 7955/10000 entities (29.7/sec)
  Progress: 7960/10000 entities (29.7/sec)
  Progress: 7965/10000 entities (29.7/sec)
  Progress: 7970/10000 entities (29.6/sec)
  Progress: 7975/10000 entities (29.6/sec)
  Progress: 7980/10000 entities (29.6/sec)
  Progress: 7985/10000 entities (29.6/sec)
  Progress: 7990/10000 entities (29.6/sec)
  Progress: 7995/10000 entities (29.6/sec)
  Progress: 8000/10000 entities (29.6/sec)
  Progress: 8005/10000 entities (29.7/sec)
  Progress: 8010/10000 entities (29.6/sec)
  Progress: 8015/10000 entities (29.7/sec)
  Progress: 8020/10000 entities (29.7/sec)
  Progress: 8025/10000 entities (29.7/sec)
  Progress: 8030/10000 entities (29.7/sec)
  Progress: 8035/10000 entities (29.7/sec)
  Progress: 8040/10000 entities (29.7/sec)
  Progress: 8045/10000 entities (29.7/sec)
  Progress: 8050/10000 entities (29.7/sec)
  Progress: 8055/10000 entities (29.7/sec)
  Progress: 8060/10000 entities (29.7/sec)
  Progress: 8065/10000 entities (29.7/sec)
  Progress: 8070/10000 entities (29.7/sec)
  Progress: 8075/10000 entities (29.7/sec)
  Progress: 8080/10000 entities (29.7/sec)
  Progress: 8085/10000 entities (29.7/sec)
  Progress: 8090/10000 entities (29.7/sec)
  Progress: 8095/10000 entities (29.7/sec)
  Progress: 8100/10000 entities (29.7/sec)
  Progress: 8105/10000 entities (29.7/sec)
  Progress: 8110/10000 entities (29.7/sec)
  Progress: 8115/10000 entities (29.7/sec)
  Progress: 8120/10000 entities (29.7/sec)
  Progress: 8125/10000 entities (29.7/sec)
  Progress: 8130/10000 entities (29.7/sec)
  Progress: 8135/10000 entities (29.7/sec)
  Progress: 8140/10000 entities (29.7/sec)
  Progress: 8145/10000 entities (29.7/sec)
  Progress: 8150/10000 entities (29.7/sec)
  Progress: 8155/10000 entities (29.7/sec)
  Progress: 8160/10000 entities (29.7/sec)
  Progress: 8165/10000 entities (29.7/sec)
  Progress: 8170/10000 entities (29.7/sec)
  Progress: 8175/10000 entities (29.7/sec)
  Progress: 8180/10000 entities (29.7/sec)
  Progress: 8185/10000 entities (29.7/sec)
  Progress: 8190/10000 entities (29.7/sec)
  Progress: 8195/10000 entities (29.7/sec)
  Progress: 8200/10000 entities (29.7/sec)
  Progress: 8205/10000 entities (29.7/sec)
  Progress: 8210/10000 entities (29.7/sec)
  Progress: 8215/10000 entities (29.7/sec)
  Progress: 8220/10000 entities (29.7/sec)
  Progress: 8225/10000 entities (29.7/sec)
  Progress: 8230/10000 entities (29.7/sec)
  Progress: 8235/10000 entities (29.7/sec)
  Progress: 8240/10000 entities (29.6/sec)
  Progress: 8245/10000 entities (29.6/sec)
  Progress: 8250/10000 entities (29.6/sec)
  Progress: 8255/10000 entities (29.6/sec)
  Progress: 8260/10000 entities (29.6/sec)
  Progress: 8265/10000 entities (29.6/sec)
  Progress: 8270/10000 entities (29.6/sec)
  Progress: 8275/10000 entities (29.6/sec)
  Progress: 8280/10000 entities (29.6/sec)
  Progress: 8285/10000 entities (29.6/sec)
  Progress: 8290/10000 entities (29.7/sec)
  Progress: 8295/10000 entities (29.6/sec)
  Progress: 8300/10000 entities (29.6/sec)
  Progress: 8305/10000 entities (29.7/sec)
  Progress: 8310/10000 entities (29.7/sec)
  Progress: 8315/10000 entities (29.7/sec)
  Progress: 8320/10000 entities (29.7/sec)
  Progress: 8325/10000 entities (29.6/sec)
  Progress: 8330/10000 entities (29.6/sec)
  Progress: 8335/10000 entities (29.6/sec)
  Progress: 8340/10000 entities (29.6/sec)
  Progress: 8345/10000 entities (29.7/sec)
  Progress: 8350/10000 entities (29.7/sec)
  Progress: 8355/10000 entities (29.6/sec)
  Progress: 8360/10000 entities (29.6/sec)
  Progress: 8365/10000 entities (29.6/sec)
  Progress: 8370/10000 entities (29.7/sec)
  Progress: 8375/10000 entities (29.7/sec)
  Progress: 8380/10000 entities (29.7/sec)
  Progress: 8385/10000 entities (29.7/sec)
  Progress: 8390/10000 entities (29.7/sec)
  Progress: 8395/10000 entities (29.7/sec)
  Progress: 8400/10000 entities (29.7/sec)
  Progress: 8405/10000 entities (29.7/sec)
  Progress: 8410/10000 entities (29.7/sec)
  Progress: 8415/10000 entities (29.7/sec)
  Progress: 8420/10000 entities (29.7/sec)
  Progress: 8425/10000 entities (29.7/sec)
  Progress: 8430/10000 entities (29.7/sec)
  Progress: 8435/10000 entities (29.7/sec)
  Progress: 8440/10000 entities (29.7/sec)
  Progress: 8445/10000 entities (29.7/sec)
  Progress: 8450/10000 entities (29.7/sec)
  Progress: 8455/10000 entities (29.7/sec)
  Progress: 8460/10000 entities (29.7/sec)
  Progress: 8465/10000 entities (29.7/sec)
  Progress: 8470/10000 entities (29.7/sec)
  Progress: 8475/10000 entities (29.7/sec)
  Progress: 8480/10000 entities (29.7/sec)
  Progress: 8485/10000 entities (29.7/sec)
  Progress: 8490/10000 entities (29.7/sec)
  Progress: 8495/10000 entities (29.7/sec)
  Progress: 8500/10000 entities (29.7/sec)
  Progress: 8505/10000 entities (29.7/sec)
  Progress: 8510/10000 entities (29.7/sec)
  Progress: 8515/10000 entities (29.7/sec)
  Progress: 8520/10000 entities (29.7/sec)
  Progress: 8525/10000 entities (29.7/sec)
  Progress: 8530/10000 entities (29.7/sec)
  Progress: 8535/10000 entities (29.7/sec)
  Progress: 8540/10000 entities (29.7/sec)
  Progress: 8545/10000 entities (29.7/sec)
  Progress: 8550/10000 entities (29.7/sec)
  Progress: 8555/10000 entities (29.7/sec)
  Progress: 8560/10000 entities (29.7/sec)
  Progress: 8565/10000 entities (29.7/sec)
  Progress: 8570/10000 entities (29.7/sec)
  Progress: 8575/10000 entities (29.7/sec)
  Progress: 8580/10000 entities (29.7/sec)
  Progress: 8585/10000 entities (29.7/sec)
  Progress: 8590/10000 entities (29.7/sec)
  Progress: 8595/10000 entities (29.7/sec)
  Progress: 8600/10000 entities (29.7/sec)
  Progress: 8605/10000 entities (29.7/sec)
  Progress: 8610/10000 entities (29.7/sec)
  Progress: 8615/10000 entities (29.7/sec)
  Progress: 8620/10000 entities (29.7/sec)
  Progress: 8625/10000 entities (29.7/sec)
  Progress: 8630/10000 entities (29.7/sec)
  Progress: 8635/10000 entities (29.7/sec)
  Progress: 8640/10000 entities (29.7/sec)
  Progress: 8645/10000 entities (29.7/sec)
  Progress: 8650/10000 entities (29.7/sec)
  Progress: 8655/10000 entities (29.7/sec)
  Progress: 8660/10000 entities (29.7/sec)
  Progress: 8665/10000 entities (29.7/sec)
  Progress: 8670/10000 entities (29.7/sec)
  Progress: 8675/10000 entities (29.7/sec)
  Progress: 8680/10000 entities (29.7/sec)
  Progress: 8685/10000 entities (29.7/sec)
  Progress: 8690/10000 entities (29.7/sec)
  Progress: 8695/10000 entities (29.7/sec)
  Progress: 8700/10000 entities (29.7/sec)
  Progress: 8705/10000 entities (29.7/sec)
  Progress: 8710/10000 entities (29.7/sec)
  Progress: 8715/10000 entities (29.7/sec)
  Progress: 8720/10000 entities (29.7/sec)
  Progress: 8725/10000 entities (29.7/sec)
  Progress: 8730/10000 entities (29.7/sec)
  Progress: 8735/10000 entities (29.7/sec)
  Progress: 8740/10000 entities (29.7/sec)
  Progress: 8745/10000 entities (29.7/sec)
  Progress: 8750/10000 entities (29.7/sec)
  Progress: 8755/10000 entities (29.7/sec)
  Progress: 8760/10000 entities (29.7/sec)
  Progress: 8765/10000 entities (29.7/sec)
  Progress: 8770/10000 entities (29.7/sec)
  Progress: 8775/10000 entities (29.7/sec)
  Progress: 8780/10000 entities (29.7/sec)
  Progress: 8785/10000 entities (29.7/sec)
  Progress: 8790/10000 entities (29.7/sec)
  Progress: 8795/10000 entities (29.7/sec)
  Progress: 8800/10000 entities (29.7/sec)
  Progress: 8805/10000 entities (29.7/sec)
  Progress: 8810/10000 entities (29.7/sec)
  Progress: 8815/10000 entities (29.7/sec)
  Progress: 8820/10000 entities (29.7/sec)
  Progress: 8825/10000 entities (29.7/sec)
  Progress: 8830/10000 entities (29.6/sec)
  Progress: 8835/10000 entities (29.7/sec)
  Progress: 8840/10000 entities (29.7/sec)
  Progress: 8845/10000 entities (29.7/sec)
  Progress: 8850/10000 entities (29.7/sec)
  Progress: 8855/10000 entities (29.7/sec)
  Progress: 8860/10000 entities (29.7/sec)
  Progress: 8865/10000 entities (29.7/sec)
  Progress: 8870/10000 entities (29.7/sec)
  Progress: 8875/10000 entities (29.7/sec)
  Progress: 8880/10000 entities (29.7/sec)
  Progress: 8885/10000 entities (29.7/sec)
  Progress: 8890/10000 entities (29.7/sec)
  Progress: 8895/10000 entities (29.7/sec)
  Progress: 8900/10000 entities (29.7/sec)
  Progress: 8905/10000 entities (29.7/sec)
  Progress: 8910/10000 entities (29.7/sec)
  Progress: 8915/10000 entities (29.7/sec)
  Progress: 8920/10000 entities (29.7/sec)
  Progress: 8925/10000 entities (29.7/sec)
  Progress: 8930/10000 entities (29.7/sec)
  Progress: 8935/10000 entities (29.7/sec)
  Progress: 8940/10000 entities (29.7/sec)
  Progress: 8945/10000 entities (29.7/sec)
  Progress: 8950/10000 entities (29.7/sec)
  Progress: 8955/10000 entities (29.7/sec)
  Progress: 8960/10000 entities (29.7/sec)
  Progress: 8965/10000 entities (29.7/sec)
  Progress: 8970/10000 entities (29.7/sec)
  Progress: 8975/10000 entities (29.6/sec)
  Progress: 8980/10000 entities (29.7/sec)
  Progress: 8985/10000 entities (29.6/sec)
  Progress: 8990/10000 entities (29.7/sec)
  Progress: 8995/10000 entities (29.6/sec)
  Progress: 9000/10000 entities (29.7/sec)
  Progress: 9005/10000 entities (29.6/sec)
  Progress: 9010/10000 entities (29.6/sec)
  Progress: 9015/10000 entities (29.6/sec)
  Progress: 9020/10000 entities (29.6/sec)
  Progress: 9025/10000 entities (29.6/sec)
  Progress: 9030/10000 entities (29.6/sec)
  Progress: 9035/10000 entities (29.6/sec)
  Progress: 9040/10000 entities (29.6/sec)
  Progress: 9045/10000 entities (29.6/sec)
  Progress: 9050/10000 entities (29.6/sec)
  Progress: 9055/10000 entities (29.6/sec)
  Progress: 9060/10000 entities (29.6/sec)
  Progress: 9065/10000 entities (29.6/sec)
  Progress: 9070/10000 entities (29.6/sec)
  Progress: 9075/10000 entities (29.6/sec)
  Progress: 9080/10000 entities (29.6/sec)
  Progress: 9085/10000 entities (29.6/sec)
  Progress: 9090/10000 entities (29.6/sec)
  Progress: 9095/10000 entities (29.6/sec)
  Progress: 9100/10000 entities (29.6/sec)
  Progress: 9105/10000 entities (29.6/sec)
  Progress: 9110/10000 entities (29.6/sec)
  Progress: 9115/10000 entities (29.6/sec)
  Progress: 9120/10000 entities (29.6/sec)
  Progress: 9125/10000 entities (29.6/sec)
  Progress: 9130/10000 entities (29.6/sec)
  Progress: 9135/10000 entities (29.6/sec)
  Progress: 9140/10000 entities (29.6/sec)
  Progress: 9145/10000 entities (29.6/sec)
  Progress: 9150/10000 entities (29.6/sec)
  Progress: 9155/10000 entities (29.6/sec)
  Progress: 9160/10000 entities (29.6/sec)
  Progress: 9165/10000 entities (29.6/sec)
  Progress: 9170/10000 entities (29.6/sec)
  Progress: 9175/10000 entities (29.6/sec)
  Progress: 9180/10000 entities (29.6/sec)
  Progress: 9185/10000 entities (29.6/sec)
  Progress: 9190/10000 entities (29.6/sec)
  Progress: 9195/10000 entities (29.6/sec)
  Progress: 9200/10000 entities (29.6/sec)
  Progress: 9205/10000 entities (29.6/sec)
  Progress: 9210/10000 entities (29.6/sec)
  Progress: 9215/10000 entities (29.6/sec)
  Progress: 9220/10000 entities (29.6/sec)
  Progress: 9225/10000 entities (29.6/sec)
  Progress: 9230/10000 entities (29.6/sec)
  Progress: 9235/10000 entities (29.6/sec)
  Progress: 9240/10000 entities (29.6/sec)
  Progress: 9245/10000 entities (29.6/sec)
  Progress: 9250/10000 entities (29.6/sec)
  Progress: 9255/10000 entities (29.6/sec)
  Progress: 9260/10000 entities (29.6/sec)
  Progress: 9265/10000 entities (29.6/sec)
  Progress: 9270/10000 entities (29.6/sec)
  Progress: 9275/10000 entities (29.6/sec)
  Progress: 9280/10000 entities (29.6/sec)
  Progress: 9285/10000 entities (29.6/sec)
  Progress: 9290/10000 entities (29.6/sec)
  Progress: 9295/10000 entities (29.6/sec)
  Progress: 9300/10000 entities (29.6/sec)
  Progress: 9305/10000 entities (29.6/sec)
  Progress: 9310/10000 entities (29.6/sec)
  Progress: 9315/10000 entities (29.6/sec)
  Progress: 9320/10000 entities (29.6/sec)
  Progress: 9325/10000 entities (29.6/sec)
  Progress: 9330/10000 entities (29.6/sec)
  Progress: 9335/10000 entities (29.6/sec)
  Progress: 9340/10000 entities (29.6/sec)
  Progress: 9345/10000 entities (29.6/sec)
  Progress: 9350/10000 entities (29.6/sec)
  Progress: 9355/10000 entities (29.6/sec)
  Progress: 9360/10000 entities (29.6/sec)
  Progress: 9365/10000 entities (29.6/sec)
  Progress: 9370/10000 entities (29.6/sec)
  Progress: 9375/10000 entities (29.6/sec)
  Progress: 9380/10000 entities (29.6/sec)
  Progress: 9385/10000 entities (29.6/sec)
  Progress: 9390/10000 entities (29.6/sec)
  Progress: 9395/10000 entities (29.6/sec)
  Progress: 9400/10000 entities (29.6/sec)
  Progress: 9405/10000 entities (29.6/sec)
  Progress: 9410/10000 entities (29.6/sec)
  Progress: 9415/10000 entities (29.6/sec)
  Progress: 9420/10000 entities (29.6/sec)
  Progress: 9425/10000 entities (29.6/sec)
  Progress: 9430/10000 entities (29.6/sec)
  Progress: 9435/10000 entities (29.6/sec)
  Progress: 9440/10000 entities (29.6/sec)
  Progress: 9445/10000 entities (29.6/sec)
  Progress: 9450/10000 entities (29.6/sec)
  Progress: 9455/10000 entities (29.6/sec)
  Progress: 9460/10000 entities (29.6/sec)
  Progress: 9465/10000 entities (29.6/sec)
  Progress: 9470/10000 entities (29.6/sec)
  Progress: 9475/10000 entities (29.6/sec)
  Progress: 9480/10000 entities (29.6/sec)
  Progress: 9485/10000 entities (29.6/sec)
  Progress: 9490/10000 entities (29.6/sec)
  Progress: 9495/10000 entities (29.6/sec)
  Progress: 9500/10000 entities (29.6/sec)
  Progress: 9505/10000 entities (29.6/sec)
  Progress: 9510/10000 entities (29.6/sec)
  Progress: 9515/10000 entities (29.6/sec)
  Progress: 9520/10000 entities (29.6/sec)
  Progress: 9525/10000 entities (29.6/sec)
  Progress: 9530/10000 entities (29.6/sec)
  Progress: 9535/10000 entities (29.6/sec)
  Progress: 9540/10000 entities (29.6/sec)
  Progress: 9545/10000 entities (29.6/sec)
  Progress: 9550/10000 entities (29.6/sec)
  Progress: 9555/10000 entities (29.6/sec)
  Progress: 9560/10000 entities (29.6/sec)
  Progress: 9565/10000 entities (29.6/sec)
  Progress: 9570/10000 entities (29.6/sec)
  Progress: 9575/10000 entities (29.6/sec)
  Progress: 9580/10000 entities (29.6/sec)
  Progress: 9585/10000 entities (29.6/sec)
  Progress: 9590/10000 entities (29.6/sec)
  Progress: 9595/10000 entities (29.6/sec)
  Progress: 9600/10000 entities (29.6/sec)
  Progress: 9605/10000 entities (29.6/sec)
  Progress: 9610/10000 entities (29.6/sec)
  Progress: 9615/10000 entities (29.6/sec)
  Progress: 9620/10000 entities (29.6/sec)
  Progress: 9625/10000 entities (29.6/sec)
  Progress: 9630/10000 entities (29.6/sec)
  Progress: 9635/10000 entities (29.6/sec)
  Progress: 9640/10000 entities (29.6/sec)
  Progress: 9645/10000 entities (29.6/sec)
  Progress: 9650/10000 entities (29.6/sec)
  Progress: 9655/10000 entities (29.6/sec)
  Progress: 9660/10000 entities (29.6/sec)
  Progress: 9665/10000 entities (29.6/sec)
  Progress: 9670/10000 entities (29.6/sec)
  Progress: 9675/10000 entities (29.6/sec)
  Progress: 9680/10000 entities (29.6/sec)
  Progress: 9685/10000 entities (29.6/sec)
  Progress: 9690/10000 entities (29.6/sec)
  Progress: 9695/10000 entities (29.6/sec)
  Progress: 9700/10000 entities (29.6/sec)
  Progress: 9705/10000 entities (29.6/sec)
  Progress: 9710/10000 entities (29.7/sec)
  Progress: 9715/10000 entities (29.6/sec)
  Progress: 9720/10000 entities (29.6/sec)
  Progress: 9725/10000 entities (29.6/sec)
  Progress: 9730/10000 entities (29.6/sec)
  Progress: 9735/10000 entities (29.7/sec)
  Progress: 9740/10000 entities (29.7/sec)
  Progress: 9745/10000 entities (29.7/sec)
  Progress: 9750/10000 entities (29.7/sec)
  Progress: 9755/10000 entities (29.7/sec)
  Progress: 9760/10000 entities (29.7/sec)
  Progress: 9765/10000 entities (29.7/sec)
  Progress: 9770/10000 entities (29.7/sec)
  Progress: 9775/10000 entities (29.7/sec)
  Progress: 9780/10000 entities (29.7/sec)
  Progress: 9785/10000 entities (29.7/sec)
  Progress: 9790/10000 entities (29.7/sec)
  Progress: 9795/10000 entities (29.7/sec)
  Progress: 9800/10000 entities (29.7/sec)
  Progress: 9805/10000 entities (29.7/sec)
  Progress: 9810/10000 entities (29.7/sec)
  Progress: 9815/10000 entities (29.7/sec)
  Progress: 9820/10000 entities (29.7/sec)
  Progress: 9825/10000 entities (29.7/sec)
  Progress: 9830/10000 entities (29.7/sec)
  Progress: 9835/10000 entities (29.7/sec)
  Progress: 9840/10000 entities (29.7/sec)
  Progress: 9845/10000 entities (29.7/sec)
  Progress: 9850/10000 entities (29.7/sec)
  Progress: 9855/10000 entities (29.7/sec)
  Progress: 9860/10000 entities (29.7/sec)
  Progress: 9865/10000 entities (29.7/sec)
  Progress: 9870/10000 entities (29.7/sec)
  Progress: 9875/10000 entities (29.7/sec)
  Progress: 9880/10000 entities (29.7/sec)
  Progress: 9885/10000 entities (29.7/sec)
  Progress: 9890/10000 entities (29.7/sec)
  Progress: 9895/10000 entities (29.7/sec)
  Progress: 9900/10000 entities (29.7/sec)
  Progress: 9905/10000 entities (29.7/sec)
  Progress: 9910/10000 entities (29.7/sec)
  Progress: 9915/10000 entities (29.7/sec)
  Progress: 9920/10000 entities (29.7/sec)
  Progress: 9925/10000 entities (29.7/sec)
  Progress: 9930/10000 entities (29.7/sec)
  Progress: 9935/10000 entities (29.7/sec)
  Progress: 9940/10000 entities (29.7/sec)
  Progress: 9945/10000 entities (29.7/sec)
  Progress: 9950/10000 entities (29.7/sec)
  Progress: 9955/10000 entities (29.7/sec)
  Progress: 9960/10000 entities (29.7/sec)
  Progress: 9965/10000 entities (29.7/sec)
  Progress: 9970/10000 entities (29.7/sec)
  Progress: 9975/10000 entities (29.7/sec)
  Progress: 9980/10000 entities (29.7/sec)
  Progress: 9985/10000 entities (29.7/sec)
  Progress: 9990/10000 entities (29.7/sec)
  Progress: 9995/10000 entities (29.7/sec)
  Progress: 10000/10000 entities (29.7/sec)

Registration complete:
  Entities:        10000
  Artifacts:       10000
  Skipped:         0
  Artifact errors: 0
  Shared axes:     2 registered, 0 skipped, 0 errors
  Time:            336.7 seconds

==================================================
Verification
==================================================
Dataset containers at root: 63

Dataset 'BENCH_BATCHED_5F':
  metadata keys: 18
    sample: ['amsc_public', 'data_type', 'description', 'fingerprint', 'label', 'material', 'method', 'prior_distribution']
  shared axes: 2/2 registered as array children ['eloss', 'omega_bounds']
  entity containers: 10000
    sample: ['BENCH_BATCHED_5F_045ec59eed898', 'BENCH_BATCHED_5F_046df084c0364', 'BENCH_BATCHED_5F_4e031e2ec710e']

Entity 'BENCH_BATCHED_5F_045ec59eed898':
  metadata keys: 17 (locators: 1)
  artifact children: 1
    sample: ['rixs_spectrum']

Artifact 'rixs_spectrum':
  shape: (151, 40)  dtype: float64

Done!
-- BENCH_BATCHED_5F register: 349s rc=0
== BENCH_PER_ENTITY register (2026-09-20T04:04:51Z) ==
==================================================
Register (HTTP)
==================================================
Configs: ['/sdf/data/lcls/ds/prj/prjmaiqmag01/results/ajshack/tiled-bench/_bench_ws/trainbench/datasets/nips3_multimodal_v2.yml']
  note: metadata.method 'INS_powder' is not in the vocabulary; it is registered as written (known: Diffraction, INS, Magnetization, RIXS, STEM, SWT, TotalScattering, VDP, XES, XPS)
  note: metadata.facility 'ORNL' is not in the vocabulary; it is registered as written (known: APS, CNMS, HFIR, LCLS, NSLS-II, SNS, SSRL)

Checking Tiled server at https://lcls-data-portal.slac.stanford.edu/tiled-test ...
Server is running.
Connected to https://lcls-data-portal.slac.stanford.edu/tiled-test (63 existing containers)
Created dataset container 'BENCH_PER_ENTITY' (storage: external)
  Registered shared axis 'H' shape=[51] dtype=float64
  Registered shared axis 'energies' shape=[384] dtype=float64
  Registered shared axis 'qs' shape=[384, 3] dtype=float64
  Registered shared axis 'energies_powder' shape=[256] dtype=float64
  Registered shared axis 'radii' shape=[512] dtype=float64
Pre-grouping artifacts by uid...

--- Registering Bench Per Entity (7616 entities via HTTP, external, pool=8) ---
  Progress: 5/7616 entities (0.8/sec)
  Progress: 10/7616 entities (1.5/sec)
  Progress: 15/7616 entities (2.1/sec)
  Progress: 20/7616 entities (2.6/sec)
  Progress: 25/7616 entities (3.0/sec)
  Progress: 30/7616 entities (3.4/sec)
  Progress: 35/7616 entities (3.7/sec)
  Progress: 40/7616 entities (4.0/sec)
  Progress: 45/7616 entities (4.4/sec)
  Progress: 50/7616 entities (4.5/sec)
  Progress: 55/7616 entities (4.8/sec)
  Progress: 60/7616 entities (4.9/sec)
  Progress: 65/7616 entities (5.2/sec)
  Progress: 70/7616 entities (5.4/sec)
  Progress: 75/7616 entities (5.5/sec)
  Progress: 80/7616 entities (5.7/sec)
  Progress: 85/7616 entities (5.9/sec)
  Progress: 90/7616 entities (6.0/sec)
  Progress: 95/7616 entities (6.2/sec)
  Progress: 100/7616 entities (6.3/sec)
  Progress: 105/7616 entities (6.3/sec)
  Progress: 110/7616 entities (6.5/sec)
  Progress: 115/7616 entities (6.5/sec)
  Progress: 120/7616 entities (6.7/sec)
  Progress: 125/7616 entities (6.8/sec)
  Progress: 130/7616 entities (6.8/sec)
  Progress: 135/7616 entities (7.0/sec)
  Progress: 140/7616 entities (7.0/sec)
  Progress: 145/7616 entities (7.1/sec)
  Progress: 150/7616 entities (7.2/sec)
  Progress: 155/7616 entities (7.3/sec)
  Progress: 160/7616 entities (7.3/sec)
  Progress: 165/7616 entities (7.3/sec)
  Progress: 170/7616 entities (7.3/sec)
  Progress: 175/7616 entities (7.4/sec)
  Progress: 180/7616 entities (7.4/sec)
  Progress: 185/7616 entities (7.5/sec)
  Progress: 190/7616 entities (7.6/sec)
  Progress: 195/7616 entities (7.6/sec)
  Progress: 200/7616 entities (7.6/sec)
  Progress: 205/7616 entities (7.7/sec)
  Progress: 210/7616 entities (7.7/sec)
  Progress: 215/7616 entities (7.8/sec)
  Progress: 220/7616 entities (7.8/sec)
  Progress: 225/7616 entities (7.7/sec)
  Progress: 230/7616 entities (7.8/sec)
  Progress: 235/7616 entities (7.8/sec)
  Progress: 240/7616 entities (7.9/sec)
  Progress: 245/7616 entities (7.9/sec)
  Progress: 250/7616 entities (8.0/sec)
  Progress: 255/7616 entities (8.0/sec)
  Progress: 260/7616 entities (8.0/sec)
  Progress: 265/7616 entities (8.0/sec)
  Progress: 270/7616 entities (8.1/sec)
  Progress: 275/7616 entities (8.1/sec)
  Progress: 280/7616 entities (8.1/sec)
  Progress: 285/7616 entities (8.2/sec)
  Progress: 290/7616 entities (8.2/sec)
  Progress: 295/7616 entities (8.2/sec)
  Progress: 300/7616 entities (8.3/sec)
  Progress: 305/7616 entities (8.2/sec)
  Progress: 310/7616 entities (8.3/sec)
  Progress: 315/7616 entities (8.3/sec)
  Progress: 320/7616 entities (8.4/sec)
  Progress: 325/7616 entities (8.4/sec)
  Progress: 330/7616 entities (8.4/sec)
  Progress: 335/7616 entities (8.5/sec)
  Progress: 340/7616 entities (8.5/sec)
  Progress: 345/7616 entities (8.5/sec)
  Progress: 350/7616 entities (8.5/sec)
  Progress: 355/7616 entities (8.5/sec)
  Progress: 360/7616 entities (8.5/sec)
  Progress: 365/7616 entities (8.6/sec)
  Progress: 370/7616 entities (8.6/sec)
  Progress: 375/7616 entities (8.6/sec)
  Progress: 380/7616 entities (8.6/sec)
  Progress: 385/7616 entities (8.6/sec)
  Progress: 390/7616 entities (8.7/sec)
  Progress: 395/7616 entities (8.7/sec)
  Progress: 400/7616 entities (8.7/sec)
  Progress: 405/7616 entities (8.7/sec)
  Progress: 410/7616 entities (8.7/sec)
  Progress: 415/7616 entities (8.8/sec)
  Progress: 420/7616 entities (8.8/sec)
  Progress: 425/7616 entities (8.8/sec)
  Progress: 430/7616 entities (8.8/sec)
  Progress: 435/7616 entities (8.8/sec)
  Progress: 440/7616 entities (8.8/sec)
  Progress: 445/7616 entities (8.9/sec)
  Progress: 450/7616 entities (8.8/sec)
  Progress: 455/7616 entities (8.9/sec)
  Progress: 460/7616 entities (8.9/sec)
  Progress: 465/7616 entities (8.9/sec)
  Progress: 470/7616 entities (8.9/sec)
  Progress: 475/7616 entities (8.9/sec)
  Progress: 480/7616 entities (8.9/sec)
  Progress: 485/7616 entities (8.9/sec)
  Progress: 490/7616 entities (9.0/sec)
  Progress: 495/7616 entities (9.0/sec)
  Progress: 500/7616 entities (9.0/sec)
  Progress: 505/7616 entities (9.0/sec)
  Progress: 510/7616 entities (9.0/sec)
  Progress: 515/7616 entities (9.0/sec)
  Progress: 520/7616 entities (9.0/sec)
  Progress: 525/7616 entities (9.0/sec)
  Progress: 530/7616 entities (9.1/sec)
  Progress: 535/7616 entities (9.1/sec)
  Progress: 540/7616 entities (9.1/sec)
  Progress: 545/7616 entities (9.1/sec)
  Progress: 550/7616 entities (9.1/sec)
  Progress: 555/7616 entities (9.1/sec)
  Progress: 560/7616 entities (9.1/sec)
  Progress: 565/7616 entities (9.1/sec)
  Progress: 570/7616 entities (9.2/sec)
  Progress: 575/7616 entities (9.2/sec)
  Progress: 580/7616 entities (9.2/sec)
  Progress: 585/7616 entities (9.2/sec)
  Progress: 590/7616 entities (9.2/sec)
  Progress: 595/7616 entities (9.2/sec)
  Progress: 600/7616 entities (9.2/sec)
  Progress: 605/7616 entities (9.2/sec)
  Progress: 610/7616 entities (9.2/sec)
  Progress: 615/7616 entities (9.2/sec)
  Progress: 620/7616 entities (9.3/sec)
  Progress: 625/7616 entities (9.2/sec)
  Progress: 630/7616 entities (9.2/sec)
  Progress: 635/7616 entities (9.2/sec)
  Progress: 640/7616 entities (9.2/sec)
  Progress: 645/7616 entities (9.3/sec)
  Progress: 650/7616 entities (9.3/sec)
  Progress: 655/7616 entities (9.3/sec)
  Progress: 660/7616 entities (9.3/sec)
  Progress: 665/7616 entities (9.3/sec)
  Progress: 670/7616 entities (9.3/sec)
  Progress: 675/7616 entities (9.2/sec)
  Progress: 680/7616 entities (9.3/sec)
  Progress: 685/7616 entities (9.3/sec)
  Progress: 690/7616 entities (9.3/sec)
  Progress: 695/7616 entities (9.3/sec)
  Progress: 700/7616 entities (9.3/sec)
  Progress: 705/7616 entities (9.3/sec)
  Progress: 710/7616 entities (9.3/sec)
  Progress: 715/7616 entities (9.3/sec)
  Progress: 720/7616 entities (9.3/sec)
  Progress: 725/7616 entities (9.3/sec)
  Progress: 730/7616 entities (9.3/sec)
  Progress: 735/7616 entities (9.3/sec)
  Progress: 740/7616 entities (9.3/sec)
  Progress: 745/7616 entities (9.3/sec)
  Progress: 750/7616 entities (9.3/sec)
  Progress: 755/7616 entities (9.3/sec)
  Progress: 760/7616 entities (9.3/sec)
  Progress: 765/7616 entities (9.3/sec)
  Progress: 770/7616 entities (9.3/sec)
  Progress: 775/7616 entities (9.3/sec)
  Progress: 780/7616 entities (9.3/sec)
  Progress: 785/7616 entities (9.3/sec)
  Progress: 790/7616 entities (9.3/sec)
  Progress: 795/7616 entities (9.4/sec)
  Progress: 800/7616 entities (9.4/sec)
  Progress: 805/7616 entities (9.4/sec)
  Progress: 810/7616 entities (9.4/sec)
  Progress: 815/7616 entities (9.4/sec)
  Progress: 820/7616 entities (9.4/sec)
  Progress: 825/7616 entities (9.4/sec)
  Progress: 830/7616 entities (9.4/sec)
  Progress: 835/7616 entities (9.4/sec)
  Progress: 840/7616 entities (9.4/sec)
  Progress: 845/7616 entities (9.4/sec)
  Progress: 850/7616 entities (9.4/sec)
  Progress: 855/7616 entities (9.4/sec)
  Progress: 860/7616 entities (9.4/sec)
  Progress: 865/7616 entities (9.4/sec)
  Progress: 870/7616 entities (9.4/sec)
  Progress: 875/7616 entities (9.4/sec)
  Progress: 880/7616 entities (9.4/sec)
  Progress: 885/7616 entities (9.4/sec)
  Progress: 890/7616 entities (9.4/sec)
  Progress: 895/7616 entities (9.4/sec)
  Progress: 900/7616 entities (9.4/sec)
  Progress: 905/7616 entities (9.4/sec)
  Progress: 910/7616 entities (9.4/sec)
  Progress: 915/7616 entities (9.4/sec)
  Progress: 920/7616 entities (9.4/sec)
  Progress: 925/7616 entities (9.4/sec)
  Progress: 930/7616 entities (9.4/sec)
  Progress: 935/7616 entities (9.4/sec)
  Progress: 940/7616 entities (9.4/sec)
  Progress: 945/7616 entities (9.4/sec)
  Progress: 950/7616 entities (9.4/sec)
  Progress: 955/7616 entities (9.4/sec)
  Progress: 960/7616 entities (9.4/sec)
  Progress: 965/7616 entities (9.4/sec)
  Progress: 970/7616 entities (9.4/sec)
  Progress: 975/7616 entities (9.4/sec)
  Progress: 980/7616 entities (9.4/sec)
  Progress: 985/7616 entities (9.4/sec)
  Progress: 990/7616 entities (9.5/sec)
  Progress: 995/7616 entities (9.5/sec)
  Progress: 1000/7616 entities (9.5/sec)
  Progress: 1005/7616 entities (9.5/sec)
  Progress: 1010/7616 entities (9.4/sec)
  Progress: 1015/7616 entities (9.5/sec)
  Progress: 1020/7616 entities (9.5/sec)
  Progress: 1025/7616 entities (9.5/sec)
  Progress: 1030/7616 entities (9.5/sec)
  Progress: 1035/7616 entities (9.5/sec)
  Progress: 1040/7616 entities (9.5/sec)
  Progress: 1045/7616 entities (9.5/sec)
  Progress: 1050/7616 entities (9.5/sec)
  Progress: 1055/7616 entities (9.5/sec)
  Progress: 1060/7616 entities (9.5/sec)
  Progress: 1065/7616 entities (9.5/sec)
  Progress: 1070/7616 entities (9.5/sec)
  Progress: 1075/7616 entities (9.5/sec)
  Progress: 1080/7616 entities (9.5/sec)
  Progress: 1085/7616 entities (9.5/sec)
  Progress: 1090/7616 entities (9.5/sec)
  Progress: 1095/7616 entities (9.5/sec)
  Progress: 1100/7616 entities (9.5/sec)
  Progress: 1105/7616 entities (9.6/sec)
  Progress: 1110/7616 entities (9.6/sec)
  Progress: 1115/7616 entities (9.5/sec)
  Progress: 1120/7616 entities (9.6/sec)
  Progress: 1125/7616 entities (9.5/sec)
  Progress: 1130/7616 entities (9.5/sec)
  Progress: 1135/7616 entities (9.5/sec)
  Progress: 1140/7616 entities (9.5/sec)
  Progress: 1145/7616 entities (9.5/sec)
  Progress: 1150/7616 entities (9.5/sec)
  Progress: 1155/7616 entities (9.5/sec)
  Progress: 1160/7616 entities (9.5/sec)
  Progress: 1165/7616 entities (9.5/sec)
  Progress: 1170/7616 entities (9.5/sec)
  Progress: 1175/7616 entities (9.5/sec)
  Progress: 1180/7616 entities (9.5/sec)
  Progress: 1185/7616 entities (9.5/sec)
  Progress: 1190/7616 entities (9.5/sec)
  Progress: 1195/7616 entities (9.5/sec)
  Progress: 1200/7616 entities (9.5/sec)
  Progress: 1205/7616 entities (9.5/sec)
  Progress: 1210/7616 entities (9.5/sec)
  Progress: 1215/7616 entities (9.5/sec)
  Progress: 1220/7616 entities (9.5/sec)
  Progress: 1225/7616 entities (9.5/sec)
  Progress: 1230/7616 entities (9.5/sec)
  Progress: 1235/7616 entities (9.5/sec)
  Progress: 1240/7616 entities (9.5/sec)
  Progress: 1245/7616 entities (9.5/sec)
  Progress: 1250/7616 entities (9.5/sec)
  Progress: 1255/7616 entities (9.5/sec)
  Progress: 1260/7616 entities (9.5/sec)
  Progress: 1265/7616 entities (9.5/sec)
  Progress: 1270/7616 entities (9.5/sec)
  Progress: 1275/7616 entities (9.5/sec)
  Progress: 1280/7616 entities (9.5/sec)
  Progress: 1285/7616 entities (9.5/sec)
  Progress: 1290/7616 entities (9.5/sec)
  Progress: 1295/7616 entities (9.5/sec)
  Progress: 1300/7616 entities (9.5/sec)
  Progress: 1305/7616 entities (9.5/sec)
  Progress: 1310/7616 entities (9.5/sec)
  Progress: 1315/7616 entities (9.5/sec)
  Progress: 1320/7616 entities (9.5/sec)
  Progress: 1325/7616 entities (9.5/sec)
  Progress: 1330/7616 entities (9.5/sec)
  Progress: 1335/7616 entities (9.5/sec)
  Progress: 1340/7616 entities (9.5/sec)
  Progress: 1345/7616 entities (9.5/sec)
  Progress: 1350/7616 entities (9.5/sec)
  Progress: 1355/7616 entities (9.5/sec)
  Progress: 1360/7616 entities (9.6/sec)
  Progress: 1365/7616 entities (9.6/sec)
  Progress: 1370/7616 entities (9.6/sec)
  Progress: 1375/7616 entities (9.6/sec)
  Progress: 1380/7616 entities (9.6/sec)
  Progress: 1385/7616 entities (9.6/sec)
  Progress: 1390/7616 entities (9.6/sec)
  Progress: 1395/7616 entities (9.6/sec)
  Progress: 1400/7616 entities (9.6/sec)
  Progress: 1405/7616 entities (9.6/sec)
  Progress: 1410/7616 entities (9.6/sec)
  Progress: 1415/7616 entities (9.6/sec)
  Progress: 1420/7616 entities (9.6/sec)
  Progress: 1425/7616 entities (9.6/sec)
  Progress: 1430/7616 entities (9.6/sec)
  Progress: 1435/7616 entities (9.6/sec)
  Progress: 1440/7616 entities (9.6/sec)
  Progress: 1445/7616 entities (9.6/sec)
  Progress: 1450/7616 entities (9.6/sec)
  Progress: 1455/7616 entities (9.6/sec)
  Progress: 1460/7616 entities (9.6/sec)
  Progress: 1465/7616 entities (9.6/sec)
  Progress: 1470/7616 entities (9.6/sec)
  Progress: 1475/7616 entities (9.6/sec)
  Progress: 1480/7616 entities (9.6/sec)
  Progress: 1485/7616 entities (9.6/sec)
  Progress: 1490/7616 entities (9.6/sec)
  Progress: 1495/7616 entities (9.6/sec)
  Progress: 1500/7616 entities (9.6/sec)
  Progress: 1505/7616 entities (9.6/sec)
  Progress: 1510/7616 entities (9.6/sec)
  Progress: 1515/7616 entities (9.6/sec)
  Progress: 1520/7616 entities (9.6/sec)
  Progress: 1525/7616 entities (9.6/sec)
  Progress: 1530/7616 entities (9.6/sec)
  Progress: 1535/7616 entities (9.6/sec)
  Progress: 1540/7616 entities (9.6/sec)
  Progress: 1545/7616 entities (9.6/sec)
  Progress: 1550/7616 entities (9.6/sec)
  Progress: 1555/7616 entities (9.6/sec)
  Progress: 1560/7616 entities (9.6/sec)
  Progress: 1565/7616 entities (9.6/sec)
  Progress: 1570/7616 entities (9.6/sec)
  Progress: 1575/7616 entities (9.6/sec)
  Progress: 1580/7616 entities (9.6/sec)
  Progress: 1585/7616 entities (9.6/sec)
  Progress: 1590/7616 entities (9.6/sec)
  Progress: 1595/7616 entities (9.6/sec)
  Progress: 1600/7616 entities (9.6/sec)
  Progress: 1605/7616 entities (9.6/sec)
  Progress: 1610/7616 entities (9.6/sec)
  Progress: 1615/7616 entities (9.6/sec)
  Progress: 1620/7616 entities (9.6/sec)
  Progress: 1625/7616 entities (9.6/sec)
  Progress: 1630/7616 entities (9.6/sec)
  Progress: 1635/7616 entities (9.6/sec)
  Progress: 1640/7616 entities (9.6/sec)
  Progress: 1645/7616 entities (9.6/sec)
  Progress: 1650/7616 entities (9.6/sec)
  Progress: 1655/7616 entities (9.6/sec)
  Progress: 1660/7616 entities (9.6/sec)
  Progress: 1665/7616 entities (9.6/sec)
  Progress: 1670/7616 entities (9.6/sec)
  Progress: 1675/7616 entities (9.6/sec)
  Progress: 1680/7616 entities (9.6/sec)
  Progress: 1685/7616 entities (9.6/sec)
  Progress: 1690/7616 entities (9.6/sec)
  Progress: 1695/7616 entities (9.6/sec)
  Progress: 1700/7616 entities (9.5/sec)
  Progress: 1705/7616 entities (9.6/sec)
  Progress: 1710/7616 entities (9.5/sec)
  Progress: 1715/7616 entities (9.5/sec)
  Progress: 1720/7616 entities (9.5/sec)
  Progress: 1725/7616 entities (9.5/sec)
  Progress: 1730/7616 entities (9.6/sec)
  Progress: 1735/7616 entities (9.6/sec)
  Progress: 1740/7616 entities (9.5/sec)
  Progress: 1745/7616 entities (9.6/sec)
  Progress: 1750/7616 entities (9.6/sec)
  Progress: 1755/7616 entities (9.6/sec)
  Progress: 1760/7616 entities (9.6/sec)
  Progress: 1765/7616 entities (9.6/sec)
  Progress: 1770/7616 entities (9.6/sec)
  Progress: 1775/7616 entities (9.6/sec)
  Progress: 1780/7616 entities (9.6/sec)
  Progress: 1785/7616 entities (9.6/sec)
  Progress: 1790/7616 entities (9.6/sec)
  Progress: 1795/7616 entities (9.6/sec)
  Progress: 1800/7616 entities (9.6/sec)
  Progress: 1805/7616 entities (9.6/sec)
  Progress: 1810/7616 entities (9.6/sec)
  Progress: 1815/7616 entities (9.6/sec)
  Progress: 1820/7616 entities (9.6/sec)
  Progress: 1825/7616 entities (9.6/sec)
  Progress: 1830/7616 entities (9.6/sec)
  Progress: 1835/7616 entities (9.6/sec)
  Progress: 1840/7616 entities (9.6/sec)
  Progress: 1845/7616 entities (9.6/sec)
  Progress: 1850/7616 entities (9.6/sec)
  Progress: 1855/7616 entities (9.6/sec)
  Progress: 1860/7616 entities (9.6/sec)
  Progress: 1865/7616 entities (9.6/sec)
  Progress: 1870/7616 entities (9.6/sec)
  Progress: 1875/7616 entities (9.6/sec)
  Progress: 1880/7616 entities (9.6/sec)
  Progress: 1885/7616 entities (9.6/sec)
  Progress: 1890/7616 entities (9.6/sec)
  Progress: 1895/7616 entities (9.6/sec)
  Progress: 1900/7616 entities (9.6/sec)
  Progress: 1905/7616 entities (9.6/sec)
  Progress: 1910/7616 entities (9.6/sec)
  Progress: 1915/7616 entities (9.6/sec)
  Progress: 1920/7616 entities (9.6/sec)
  Progress: 1925/7616 entities (9.6/sec)
  Progress: 1930/7616 entities (9.6/sec)
  Progress: 1935/7616 entities (9.6/sec)
  Progress: 1940/7616 entities (9.6/sec)
  Progress: 1945/7616 entities (9.6/sec)
  Progress: 1950/7616 entities (9.6/sec)
  Progress: 1955/7616 entities (9.6/sec)
  Progress: 1960/7616 entities (9.6/sec)
  Progress: 1965/7616 entities (9.6/sec)
  Progress: 1970/7616 entities (9.6/sec)
  Progress: 1975/7616 entities (9.6/sec)
  Progress: 1980/7616 entities (9.6/sec)
  Progress: 1985/7616 entities (9.6/sec)
  Progress: 1990/7616 entities (9.6/sec)
  Progress: 1995/7616 entities (9.6/sec)
  Progress: 2000/7616 entities (9.6/sec)
  Progress: 2005/7616 entities (9.6/sec)
  Progress: 2010/7616 entities (9.6/sec)
  Progress: 2015/7616 entities (9.6/sec)
  Progress: 2020/7616 entities (9.6/sec)
  Progress: 2025/7616 entities (9.6/sec)
  Progress: 2030/7616 entities (9.6/sec)
  Progress: 2035/7616 entities (9.6/sec)
  Progress: 2040/7616 entities (9.6/sec)
  Progress: 2045/7616 entities (9.6/sec)
  Progress: 2050/7616 entities (9.6/sec)
  Progress: 2055/7616 entities (9.6/sec)
  Progress: 2060/7616 entities (9.6/sec)
  Progress: 2065/7616 entities (9.6/sec)
  Progress: 2070/7616 entities (9.6/sec)
  Progress: 2075/7616 entities (9.6/sec)
  Progress: 2080/7616 entities (9.6/sec)
  Progress: 2085/7616 entities (9.6/sec)
  Progress: 2090/7616 entities (9.6/sec)
  Progress: 2095/7616 entities (9.6/sec)
  Progress: 2100/7616 entities (9.6/sec)
  Progress: 2105/7616 entities (9.6/sec)
  Progress: 2110/7616 entities (9.6/sec)
  Progress: 2115/7616 entities (9.6/sec)
  Progress: 2120/7616 entities (9.6/sec)
  Progress: 2125/7616 entities (9.6/sec)
  Progress: 2130/7616 entities (9.6/sec)
  Progress: 2135/7616 entities (9.6/sec)
  Progress: 2140/7616 entities (9.6/sec)
  Progress: 2145/7616 entities (9.6/sec)
  Progress: 2150/7616 entities (9.6/sec)
  Progress: 2155/7616 entities (9.6/sec)
  Progress: 2160/7616 entities (9.6/sec)
  Progress: 2165/7616 entities (9.6/sec)
  Progress: 2170/7616 entities (9.6/sec)
  Progress: 2175/7616 entities (9.6/sec)
  Progress: 2180/7616 entities (9.6/sec)
  Progress: 2185/7616 entities (9.6/sec)
  Progress: 2190/7616 entities (9.6/sec)
  Progress: 2195/7616 entities (9.6/sec)
  Progress: 2200/7616 entities (9.6/sec)
  Progress: 2205/7616 entities (9.6/sec)
  Progress: 2210/7616 entities (9.6/sec)
  Progress: 2215/7616 entities (9.6/sec)
  Progress: 2220/7616 entities (9.6/sec)
  Progress: 2225/7616 entities (9.6/sec)
  Progress: 2230/7616 entities (9.6/sec)
  Progress: 2235/7616 entities (9.6/sec)
  Progress: 2240/7616 entities (9.6/sec)
  Progress: 2245/7616 entities (9.6/sec)
  Progress: 2250/7616 entities (9.6/sec)
  Progress: 2255/7616 entities (9.6/sec)
  Progress: 2260/7616 entities (9.6/sec)
  Progress: 2265/7616 entities (9.6/sec)
  Progress: 2270/7616 entities (9.6/sec)
  Progress: 2275/7616 entities (9.6/sec)
  Progress: 2280/7616 entities (9.6/sec)
  Progress: 2285/7616 entities (9.7/sec)
  Progress: 2290/7616 entities (9.7/sec)
  Progress: 2295/7616 entities (9.7/sec)
  Progress: 2300/7616 entities (9.7/sec)
  Progress: 2305/7616 entities (9.7/sec)
  Progress: 2310/7616 entities (9.7/sec)
  Progress: 2315/7616 entities (9.7/sec)
  Progress: 2320/7616 entities (9.7/sec)
  Progress: 2325/7616 entities (9.7/sec)
  Progress: 2330/7616 entities (9.7/sec)
  Progress: 2335/7616 entities (9.7/sec)
  Progress: 2340/7616 entities (9.7/sec)
  Progress: 2345/7616 entities (9.7/sec)
  Progress: 2350/7616 entities (9.7/sec)
  Progress: 2355/7616 entities (9.7/sec)
  Progress: 2360/7616 entities (9.7/sec)
  Progress: 2365/7616 entities (9.7/sec)
  Progress: 2370/7616 entities (9.7/sec)
  Progress: 2375/7616 entities (9.7/sec)
  Progress: 2380/7616 entities (9.7/sec)
  Progress: 2385/7616 entities (9.7/sec)
  Progress: 2390/7616 entities (9.7/sec)
  Progress: 2395/7616 entities (9.7/sec)
  Progress: 2400/7616 entities (9.7/sec)
  Progress: 2405/7616 entities (9.7/sec)
  Progress: 2410/7616 entities (9.7/sec)
  Progress: 2415/7616 entities (9.7/sec)
  Progress: 2420/7616 entities (9.7/sec)
  Progress: 2425/7616 entities (9.7/sec)
  Progress: 2430/7616 entities (9.7/sec)
  Progress: 2435/7616 entities (9.7/sec)
  Progress: 2440/7616 entities (9.7/sec)
  Progress: 2445/7616 entities (9.7/sec)
  Progress: 2450/7616 entities (9.7/sec)
  Progress: 2455/7616 entities (9.7/sec)
  Progress: 2460/7616 entities (9.7/sec)
  Progress: 2465/7616 entities (9.7/sec)
  Progress: 2470/7616 entities (9.7/sec)
  Progress: 2475/7616 entities (9.7/sec)
  Progress: 2480/7616 entities (9.7/sec)
  Progress: 2485/7616 entities (9.7/sec)
  Progress: 2490/7616 entities (9.7/sec)
  Progress: 2495/7616 entities (9.7/sec)
  Progress: 2500/7616 entities (9.7/sec)
  Progress: 2505/7616 entities (9.7/sec)
  Progress: 2510/7616 entities (9.7/sec)
  Progress: 2515/7616 entities (9.7/sec)
  Progress: 2520/7616 entities (9.7/sec)
  Progress: 2525/7616 entities (9.7/sec)
  Progress: 2530/7616 entities (9.7/sec)
  Progress: 2535/7616 entities (9.7/sec)
  Progress: 2540/7616 entities (9.7/sec)
  Progress: 2545/7616 entities (9.7/sec)
  Progress: 2550/7616 entities (9.7/sec)
  Progress: 2555/7616 entities (9.7/sec)
  Progress: 2560/7616 entities (9.7/sec)
  Progress: 2565/7616 entities (9.7/sec)
  Progress: 2570/7616 entities (9.7/sec)
  Progress: 2575/7616 entities (9.7/sec)
  Progress: 2580/7616 entities (9.7/sec)
  Progress: 2585/7616 entities (9.7/sec)
  Progress: 2590/7616 entities (9.7/sec)
  Progress: 2595/7616 entities (9.7/sec)
  Progress: 2600/7616 entities (9.7/sec)
  Progress: 2605/7616 entities (9.7/sec)
  Progress: 2610/7616 entities (9.7/sec)
  Progress: 2615/7616 entities (9.7/sec)
  Progress: 2620/7616 entities (9.7/sec)
  Progress: 2625/7616 entities (9.7/sec)
  Progress: 2630/7616 entities (9.7/sec)
  Progress: 2635/7616 entities (9.7/sec)
  Progress: 2640/7616 entities (9.7/sec)
  Progress: 2645/7616 entities (9.7/sec)
  Progress: 2650/7616 entities (9.7/sec)
  Progress: 2655/7616 entities (9.7/sec)
  Progress: 2660/7616 entities (9.7/sec)
  Progress: 2665/7616 entities (9.7/sec)
  Progress: 2670/7616 entities (9.7/sec)
  Progress: 2675/7616 entities (9.7/sec)
  Progress: 2680/7616 entities (9.7/sec)
  Progress: 2685/7616 entities (9.7/sec)
  Progress: 2690/7616 entities (9.7/sec)
  Progress: 2695/7616 entities (9.7/sec)
  Progress: 2700/7616 entities (9.7/sec)
  Progress: 2705/7616 entities (9.7/sec)
  Progress: 2710/7616 entities (9.7/sec)
  Progress: 2715/7616 entities (9.7/sec)
  Progress: 2720/7616 entities (9.7/sec)
  Progress: 2725/7616 entities (9.7/sec)
  Progress: 2730/7616 entities (9.7/sec)
  Progress: 2735/7616 entities (9.7/sec)
  Progress: 2740/7616 entities (9.7/sec)
  Progress: 2745/7616 entities (9.7/sec)
  Progress: 2750/7616 entities (9.7/sec)
  Progress: 2755/7616 entities (9.7/sec)
  Progress: 2760/7616 entities (9.7/sec)
  Progress: 2765/7616 entities (9.7/sec)
  Progress: 2770/7616 entities (9.7/sec)
  Progress: 2775/7616 entities (9.7/sec)
  Progress: 2780/7616 entities (9.7/sec)
  Progress: 2785/7616 entities (9.7/sec)
  Progress: 2790/7616 entities (9.7/sec)
  Progress: 2795/7616 entities (9.7/sec)
  Progress: 2800/7616 entities (9.7/sec)
  Progress: 2805/7616 entities (9.7/sec)
  Progress: 2810/7616 entities (9.7/sec)
  Progress: 2815/7616 entities (9.7/sec)
  Progress: 2820/7616 entities (9.7/sec)
  Progress: 2825/7616 entities (9.7/sec)
  Progress: 2830/7616 entities (9.7/sec)
  Progress: 2835/7616 entities (9.7/sec)
  Progress: 2840/7616 entities (9.7/sec)
  Progress: 2845/7616 entities (9.7/sec)
  Progress: 2850/7616 entities (9.7/sec)
  Progress: 2855/7616 entities (9.7/sec)
  Progress: 2860/7616 entities (9.7/sec)
  Progress: 2865/7616 entities (9.7/sec)
  Progress: 2870/7616 entities (9.7/sec)
  Progress: 2875/7616 entities (9.7/sec)
  Progress: 2880/7616 entities (9.7/sec)
  Progress: 2885/7616 entities (9.7/sec)
  Progress: 2890/7616 entities (9.7/sec)
  Progress: 2895/7616 entities (9.7/sec)
  Progress: 2900/7616 entities (9.7/sec)
  Progress: 2905/7616 entities (9.7/sec)
  Progress: 2910/7616 entities (9.7/sec)
  Progress: 2915/7616 entities (9.7/sec)
  Progress: 2920/7616 entities (9.7/sec)
  Progress: 2925/7616 entities (9.7/sec)
  Progress: 2930/7616 entities (9.7/sec)
  Progress: 2935/7616 entities (9.7/sec)
  Progress: 2940/7616 entities (9.7/sec)
  Progress: 2945/7616 entities (9.7/sec)
  Progress: 2950/7616 entities (9.7/sec)
  Progress: 2955/7616 entities (9.7/sec)
  Progress: 2960/7616 entities (9.7/sec)
  Progress: 2965/7616 entities (9.7/sec)
  Progress: 2970/7616 entities (9.7/sec)
  Progress: 2975/7616 entities (9.7/sec)
  Progress: 2980/7616 entities (9.7/sec)
  Progress: 2985/7616 entities (9.7/sec)
  Progress: 2990/7616 entities (9.7/sec)
  Progress: 2995/7616 entities (9.7/sec)
  Progress: 3000/7616 entities (9.7/sec)
  Progress: 3005/7616 entities (9.7/sec)
  Progress: 3010/7616 entities (9.7/sec)
  Progress: 3015/7616 entities (9.7/sec)
  Progress: 3020/7616 entities (9.7/sec)
  Progress: 3025/7616 entities (9.7/sec)
  Progress: 3030/7616 entities (9.7/sec)
  Progress: 3035/7616 entities (9.7/sec)
  Progress: 3040/7616 entities (9.7/sec)
  Progress: 3045/7616 entities (9.7/sec)
  Progress: 3050/7616 entities (9.7/sec)
  Progress: 3055/7616 entities (9.7/sec)
  Progress: 3060/7616 entities (9.7/sec)
  Progress: 3065/7616 entities (9.7/sec)
  Progress: 3070/7616 entities (9.7/sec)
  Progress: 3075/7616 entities (9.7/sec)
  Progress: 3080/7616 entities (9.7/sec)
  Progress: 3085/7616 entities (9.7/sec)
  Progress: 3090/7616 entities (9.7/sec)
  Progress: 3095/7616 entities (9.7/sec)
  Progress: 3100/7616 entities (9.7/sec)
  Progress: 3105/7616 entities (9.7/sec)
  Progress: 3110/7616 entities (9.7/sec)
  Progress: 3115/7616 entities (9.7/sec)
  Progress: 3120/7616 entities (9.7/sec)
  Progress: 3125/7616 entities (9.7/sec)
  Progress: 3130/7616 entities (9.7/sec)
  Progress: 3135/7616 entities (9.7/sec)
  Progress: 3140/7616 entities (9.7/sec)
  Progress: 3145/7616 entities (9.7/sec)
  Progress: 3150/7616 entities (9.7/sec)
  Progress: 3155/7616 entities (9.7/sec)
  Progress: 3160/7616 entities (9.7/sec)
  Progress: 3165/7616 entities (9.7/sec)
  Progress: 3170/7616 entities (9.7/sec)
  Progress: 3175/7616 entities (9.7/sec)
  Progress: 3180/7616 entities (9.7/sec)
  Progress: 3185/7616 entities (9.7/sec)
  Progress: 3190/7616 entities (9.7/sec)
  Progress: 3195/7616 entities (9.7/sec)
  Progress: 3200/7616 entities (9.7/sec)
  Progress: 3205/7616 entities (9.7/sec)
  Progress: 3210/7616 entities (9.7/sec)
  Progress: 3215/7616 entities (9.7/sec)
  Progress: 3220/7616 entities (9.7/sec)
  Progress: 3225/7616 entities (9.7/sec)
  Progress: 3230/7616 entities (9.7/sec)
  Progress: 3235/7616 entities (9.7/sec)
  Progress: 3240/7616 entities (9.7/sec)
  Progress: 3245/7616 entities (9.7/sec)
  Progress: 3250/7616 entities (9.7/sec)
  Progress: 3255/7616 entities (9.7/sec)
  Progress: 3260/7616 entities (9.7/sec)
  Progress: 3265/7616 entities (9.7/sec)
  Progress: 3270/7616 entities (9.7/sec)
  Progress: 3275/7616 entities (9.7/sec)
  Progress: 3280/7616 entities (9.7/sec)
  Progress: 3285/7616 entities (9.7/sec)
  Progress: 3290/7616 entities (9.7/sec)
  Progress: 3295/7616 entities (9.7/sec)
  Progress: 3300/7616 entities (9.7/sec)
  Progress: 3305/7616 entities (9.7/sec)
  Progress: 3310/7616 entities (9.7/sec)
  Progress: 3315/7616 entities (9.7/sec)
  Progress: 3320/7616 entities (9.7/sec)
  Progress: 3325/7616 entities (9.7/sec)
  Progress: 3330/7616 entities (9.7/sec)
  Progress: 3335/7616 entities (9.7/sec)
  Progress: 3340/7616 entities (9.7/sec)
  Progress: 3345/7616 entities (9.7/sec)
  Progress: 3350/7616 entities (9.7/sec)
  Progress: 3355/7616 entities (9.7/sec)
  Progress: 3360/7616 entities (9.7/sec)
  Progress: 3365/7616 entities (9.7/sec)
  Progress: 3370/7616 entities (9.7/sec)
  Progress: 3375/7616 entities (9.7/sec)
  Progress: 3380/7616 entities (9.7/sec)
  Progress: 3385/7616 entities (9.7/sec)
  Progress: 3390/7616 entities (9.7/sec)
  Progress: 3395/7616 entities (9.7/sec)
  Progress: 3400/7616 entities (9.7/sec)
  Progress: 3405/7616 entities (9.7/sec)
  Progress: 3410/7616 entities (9.7/sec)
  Progress: 3415/7616 entities (9.7/sec)
  Progress: 3420/7616 entities (9.7/sec)
  Progress: 3425/7616 entities (9.7/sec)
  Progress: 3430/7616 entities (9.7/sec)
  Progress: 3435/7616 entities (9.7/sec)
  Progress: 3440/7616 entities (9.7/sec)
  Progress: 3445/7616 entities (9.7/sec)
  Progress: 3450/7616 entities (9.7/sec)
  Progress: 3455/7616 entities (9.7/sec)
  Progress: 3460/7616 entities (9.7/sec)
  Progress: 3465/7616 entities (9.7/sec)
  Progress: 3470/7616 entities (9.7/sec)
  Progress: 3475/7616 entities (9.7/sec)
  Progress: 3480/7616 entities (9.7/sec)
  Progress: 3485/7616 entities (9.7/sec)
  Progress: 3490/7616 entities (9.7/sec)
  Progress: 3495/7616 entities (9.7/sec)
  Progress: 3500/7616 entities (9.7/sec)
  Progress: 3505/7616 entities (9.7/sec)
  Progress: 3510/7616 entities (9.7/sec)
  Progress: 3515/7616 entities (9.7/sec)
  Progress: 3520/7616 entities (9.7/sec)
  Progress: 3525/7616 entities (9.7/sec)
  Progress: 3530/7616 entities (9.7/sec)
  Progress: 3535/7616 entities (9.7/sec)
  Progress: 3540/7616 entities (9.7/sec)
  Progress: 3545/7616 entities (9.7/sec)
  Progress: 3550/7616 entities (9.7/sec)
  Progress: 3555/7616 entities (9.7/sec)
  Progress: 3560/7616 entities (9.7/sec)
  Progress: 3565/7616 entities (9.7/sec)
  Progress: 3570/7616 entities (9.7/sec)
  Progress: 3575/7616 entities (9.7/sec)
  Progress: 3580/7616 entities (9.7/sec)
  Progress: 3585/7616 entities (9.7/sec)
  Progress: 3590/7616 entities (9.7/sec)
  Progress: 3595/7616 entities (9.7/sec)
  Progress: 3600/7616 entities (9.7/sec)
  Progress: 3605/7616 entities (9.7/sec)
  Progress: 3610/7616 entities (9.7/sec)
  Progress: 3615/7616 entities (9.7/sec)
  Progress: 3620/7616 entities (9.7/sec)
  Progress: 3625/7616 entities (9.7/sec)
  Progress: 3630/7616 entities (9.7/sec)
  Progress: 3635/7616 entities (9.7/sec)
  Progress: 3640/7616 entities (9.7/sec)
  Progress: 3645/7616 entities (9.7/sec)
  Progress: 3650/7616 entities (9.7/sec)
  Progress: 3655/7616 entities (9.7/sec)
  Progress: 3660/7616 entities (9.7/sec)
  Progress: 3665/7616 entities (9.7/sec)
  Progress: 3670/7616 entities (9.7/sec)
  Progress: 3675/7616 entities (9.7/sec)
  Progress: 3680/7616 entities (9.7/sec)
  Progress: 3685/7616 entities (9.7/sec)
  Progress: 3690/7616 entities (9.7/sec)
  Progress: 3695/7616 entities (9.7/sec)
  Progress: 3700/7616 entities (9.7/sec)
  Progress: 3705/7616 entities (9.7/sec)
  Progress: 3710/7616 entities (9.7/sec)
  Progress: 3715/7616 entities (9.7/sec)
  Progress: 3720/7616 entities (9.7/sec)
  Progress: 3725/7616 entities (9.7/sec)
  Progress: 3730/7616 entities (9.7/sec)
  Progress: 3735/7616 entities (9.7/sec)
  Progress: 3740/7616 entities (9.7/sec)
  Progress: 3745/7616 entities (9.7/sec)
  Progress: 3750/7616 entities (9.7/sec)
  Progress: 3755/7616 entities (9.7/sec)
  Progress: 3760/7616 entities (9.7/sec)
  Progress: 3765/7616 entities (9.7/sec)
  Progress: 3770/7616 entities (9.7/sec)
  Progress: 3775/7616 entities (9.7/sec)
  Progress: 3780/7616 entities (9.7/sec)
  Progress: 3785/7616 entities (9.7/sec)
  Progress: 3790/7616 entities (9.7/sec)
  Progress: 3795/7616 entities (9.7/sec)
  Progress: 3800/7616 entities (9.7/sec)
  Progress: 3805/7616 entities (9.7/sec)
  Progress: 3810/7616 entities (9.7/sec)
  Progress: 3815/7616 entities (9.7/sec)
  Progress: 3820/7616 entities (9.7/sec)
  Progress: 3825/7616 entities (9.7/sec)
  Progress: 3830/7616 entities (9.7/sec)
  Progress: 3835/7616 entities (9.7/sec)
  Progress: 3840/7616 entities (9.7/sec)
  Progress: 3845/7616 entities (9.7/sec)
  Progress: 3850/7616 entities (9.7/sec)
  Progress: 3855/7616 entities (9.7/sec)
  Progress: 3860/7616 entities (9.7/sec)
  Progress: 3865/7616 entities (9.7/sec)
  Progress: 3870/7616 entities (9.7/sec)
  Progress: 3875/7616 entities (9.7/sec)
  Progress: 3880/7616 entities (9.7/sec)
  Progress: 3885/7616 entities (9.7/sec)
  Progress: 3890/7616 entities (9.7/sec)
  Progress: 3895/7616 entities (9.7/sec)
  Progress: 3900/7616 entities (9.7/sec)
  Progress: 3905/7616 entities (9.7/sec)
  Progress: 3910/7616 entities (9.7/sec)
  Progress: 3915/7616 entities (9.7/sec)
  Progress: 3920/7616 entities (9.7/sec)
  Progress: 3925/7616 entities (9.7/sec)
  Progress: 3930/7616 entities (9.7/sec)
  Progress: 3935/7616 entities (9.7/sec)
  Progress: 3940/7616 entities (9.7/sec)
  Progress: 3945/7616 entities (9.7/sec)
  Progress: 3950/7616 entities (9.7/sec)
  Progress: 3955/7616 entities (9.7/sec)
  Progress: 3960/7616 entities (9.7/sec)
  Progress: 3965/7616 entities (9.7/sec)
  Progress: 3970/7616 entities (9.7/sec)
  Progress: 3975/7616 entities (9.7/sec)
  Progress: 3980/7616 entities (9.7/sec)
  Progress: 3985/7616 entities (9.7/sec)
  Progress: 3990/7616 entities (9.7/sec)
  Progress: 3995/7616 entities (9.7/sec)
  Progress: 4000/7616 entities (9.7/sec)
  Progress: 4005/7616 entities (9.7/sec)
  Progress: 4010/7616 entities (9.7/sec)
  Progress: 4015/7616 entities (9.7/sec)
  Progress: 4020/7616 entities (9.7/sec)
  Progress: 4025/7616 entities (9.7/sec)
  Progress: 4030/7616 entities (9.7/sec)
  Progress: 4035/7616 entities (9.7/sec)
  Progress: 4040/7616 entities (9.7/sec)
  Progress: 4045/7616 entities (9.7/sec)
  Progress: 4050/7616 entities (9.7/sec)
  Progress: 4055/7616 entities (9.7/sec)
  Progress: 4060/7616 entities (9.7/sec)
  Progress: 4065/7616 entities (9.7/sec)
  Progress: 4070/7616 entities (9.8/sec)
  Progress: 4075/7616 entities (9.7/sec)
  Progress: 4080/7616 entities (9.7/sec)
  Progress: 4085/7616 entities (9.7/sec)
  Progress: 4090/7616 entities (9.7/sec)
  Progress: 4095/7616 entities (9.7/sec)
  Progress: 4100/7616 entities (9.7/sec)
  Progress: 4105/7616 entities (9.7/sec)
  Progress: 4110/7616 entities (9.7/sec)
  Progress: 4115/7616 entities (9.7/sec)
  Progress: 4120/7616 entities (9.8/sec)
  Progress: 4125/7616 entities (9.7/sec)
  Progress: 4130/7616 entities (9.7/sec)
  Progress: 4135/7616 entities (9.7/sec)
  Progress: 4140/7616 entities (9.7/sec)
  Progress: 4145/7616 entities (9.7/sec)
  Progress: 4150/7616 entities (9.7/sec)
  Progress: 4155/7616 entities (9.7/sec)
  Progress: 4160/7616 entities (9.7/sec)
  Progress: 4165/7616 entities (9.7/sec)
  Progress: 4170/7616 entities (9.7/sec)
  Progress: 4175/7616 entities (9.7/sec)
  Progress: 4180/7616 entities (9.7/sec)
  Progress: 4185/7616 entities (9.7/sec)
  Progress: 4190/7616 entities (9.7/sec)
  Progress: 4195/7616 entities (9.7/sec)
  Progress: 4200/7616 entities (9.7/sec)
  Progress: 4205/7616 entities (9.7/sec)
  Progress: 4210/7616 entities (9.7/sec)
  Progress: 4215/7616 entities (9.7/sec)
  Progress: 4220/7616 entities (9.7/sec)
  Progress: 4225/7616 entities (9.7/sec)
  Progress: 4230/7616 entities (9.7/sec)
  Progress: 4235/7616 entities (9.7/sec)
  Progress: 4240/7616 entities (9.7/sec)
  Progress: 4245/7616 entities (9.7/sec)
  Progress: 4250/7616 entities (9.7/sec)
  Progress: 4255/7616 entities (9.7/sec)
  Progress: 4260/7616 entities (9.7/sec)
  Progress: 4265/7616 entities (9.7/sec)
  Progress: 4270/7616 entities (9.7/sec)
  Progress: 4275/7616 entities (9.8/sec)
  Progress: 4280/7616 entities (9.8/sec)
  Progress: 4285/7616 entities (9.8/sec)
  Progress: 4290/7616 entities (9.8/sec)
  Progress: 4295/7616 entities (9.8/sec)
  Progress: 4300/7616 entities (9.8/sec)
  Progress: 4305/7616 entities (9.8/sec)
  Progress: 4310/7616 entities (9.7/sec)
  Progress: 4315/7616 entities (9.7/sec)
  Progress: 4320/7616 entities (9.7/sec)
  Progress: 4325/7616 entities (9.7/sec)
  Progress: 4330/7616 entities (9.7/sec)
  Progress: 4335/7616 entities (9.8/sec)
  Progress: 4340/7616 entities (9.7/sec)
  Progress: 4345/7616 entities (9.7/sec)
  Progress: 4350/7616 entities (9.7/sec)
  Progress: 4355/7616 entities (9.7/sec)
  Progress: 4360/7616 entities (9.8/sec)
  Progress: 4365/7616 entities (9.8/sec)
  Progress: 4370/7616 entities (9.7/sec)
  Progress: 4375/7616 entities (9.8/sec)
  Progress: 4380/7616 entities (9.8/sec)
  Progress: 4385/7616 entities (9.8/sec)
  Progress: 4390/7616 entities (9.8/sec)
  Progress: 4395/7616 entities (9.8/sec)
  Progress: 4400/7616 entities (9.8/sec)
  Progress: 4405/7616 entities (9.8/sec)
  Progress: 4410/7616 entities (9.8/sec)
  Progress: 4415/7616 entities (9.7/sec)
  Progress: 4420/7616 entities (9.8/sec)
  Progress: 4425/7616 entities (9.8/sec)
  Progress: 4430/7616 entities (9.7/sec)
  Progress: 4435/7616 entities (9.8/sec)
  Progress: 4440/7616 entities (9.8/sec)
  Progress: 4445/7616 entities (9.8/sec)
  Progress: 4450/7616 entities (9.8/sec)
  Progress: 4455/7616 entities (9.8/sec)
  Progress: 4460/7616 entities (9.8/sec)
  Progress: 4465/7616 entities (9.8/sec)
  Progress: 4470/7616 entities (9.8/sec)
  Progress: 4475/7616 entities (9.8/sec)
  Progress: 4480/7616 entities (9.8/sec)
  Progress: 4485/7616 entities (9.8/sec)
  Progress: 4490/7616 entities (9.8/sec)
  Progress: 4495/7616 entities (9.8/sec)
  Progress: 4500/7616 entities (9.8/sec)
  Progress: 4505/7616 entities (9.8/sec)
  Progress: 4510/7616 entities (9.8/sec)
  Progress: 4515/7616 entities (9.8/sec)
  Progress: 4520/7616 entities (9.8/sec)
  Progress: 4525/7616 entities (9.8/sec)
  Progress: 4530/7616 entities (9.8/sec)
  Progress: 4535/7616 entities (9.8/sec)
  Progress: 4540/7616 entities (9.8/sec)
  Progress: 4545/7616 entities (9.8/sec)
  Progress: 4550/7616 entities (9.8/sec)
  Progress: 4555/7616 entities (9.8/sec)
  Progress: 4560/7616 entities (9.8/sec)
  Progress: 4565/7616 entities (9.8/sec)
  Progress: 4570/7616 entities (9.8/sec)
  Progress: 4575/7616 entities (9.8/sec)
  Progress: 4580/7616 entities (9.8/sec)
  Progress: 4585/7616 entities (9.8/sec)
  Progress: 4590/7616 entities (9.8/sec)
  Progress: 4595/7616 entities (9.8/sec)
  Progress: 4600/7616 entities (9.8/sec)
  Progress: 4605/7616 entities (9.8/sec)
  Progress: 4610/7616 entities (9.8/sec)
  Progress: 4615/7616 entities (9.8/sec)
  Progress: 4620/7616 entities (9.8/sec)
  Progress: 4625/7616 entities (9.8/sec)
  Progress: 4630/7616 entities (9.8/sec)
  Progress: 4635/7616 entities (9.8/sec)
  Progress: 4640/7616 entities (9.8/sec)
  Progress: 4645/7616 entities (9.8/sec)
  Progress: 4650/7616 entities (9.8/sec)
  Progress: 4655/7616 entities (9.8/sec)
  Progress: 4660/7616 entities (9.8/sec)
  Progress: 4665/7616 entities (9.8/sec)
  Progress: 4670/7616 entities (9.8/sec)
  Progress: 4675/7616 entities (9.8/sec)
  Progress: 4680/7616 entities (9.8/sec)
  Progress: 4685/7616 entities (9.8/sec)
  Progress: 4690/7616 entities (9.8/sec)
  Progress: 4695/7616 entities (9.8/sec)
  Progress: 4700/7616 entities (9.8/sec)
  Progress: 4705/7616 entities (9.8/sec)
  Progress: 4710/7616 entities (9.8/sec)
  Progress: 4715/7616 entities (9.8/sec)
  Progress: 4720/7616 entities (9.8/sec)
  Progress: 4725/7616 entities (9.8/sec)
  Progress: 4730/7616 entities (9.8/sec)
  Progress: 4735/7616 entities (9.8/sec)
  Progress: 4740/7616 entities (9.8/sec)
  Progress: 4745/7616 entities (9.8/sec)
  Progress: 4750/7616 entities (9.8/sec)
  Progress: 4755/7616 entities (9.8/sec)
  Progress: 4760/7616 entities (9.8/sec)
  Progress: 4765/7616 entities (9.8/sec)
  Progress: 4770/7616 entities (9.8/sec)
  Progress: 4775/7616 entities (9.8/sec)
  Progress: 4780/7616 entities (9.8/sec)
  Progress: 4785/7616 entities (9.8/sec)
  Progress: 4790/7616 entities (9.8/sec)
  Progress: 4795/7616 entities (9.8/sec)
  Progress: 4800/7616 entities (9.8/sec)
  Progress: 4805/7616 entities (9.8/sec)
  Progress: 4810/7616 entities (9.8/sec)
  Progress: 4815/7616 entities (9.8/sec)
  Progress: 4820/7616 entities (9.8/sec)
  Progress: 4825/7616 entities (9.8/sec)
  Progress: 4830/7616 entities (9.8/sec)
  Progress: 4835/7616 entities (9.8/sec)
  Progress: 4840/7616 entities (9.8/sec)
  Progress: 4845/7616 entities (9.8/sec)
  Progress: 4850/7616 entities (9.8/sec)
  Progress: 4855/7616 entities (9.8/sec)
  Progress: 4860/7616 entities (9.8/sec)
  Progress: 4865/7616 entities (9.8/sec)
  Progress: 4870/7616 entities (9.8/sec)
  Progress: 4875/7616 entities (9.8/sec)
  Progress: 4880/7616 entities (9.8/sec)
  Progress: 4885/7616 entities (9.8/sec)
  Progress: 4890/7616 entities (9.8/sec)
  Progress: 4895/7616 entities (9.8/sec)
  Progress: 4900/7616 entities (9.8/sec)
  Progress: 4905/7616 entities (9.8/sec)
  Progress: 4910/7616 entities (9.8/sec)
  Progress: 4915/7616 entities (9.8/sec)
  Progress: 4920/7616 entities (9.8/sec)
  Progress: 4925/7616 entities (9.8/sec)
  Progress: 4930/7616 entities (9.8/sec)
  Progress: 4935/7616 entities (9.8/sec)
  Progress: 4940/7616 entities (9.8/sec)
  Progress: 4945/7616 entities (9.8/sec)
  Progress: 4950/7616 entities (9.8/sec)
  Progress: 4955/7616 entities (9.8/sec)
  Progress: 4960/7616 entities (9.8/sec)
  Progress: 4965/7616 entities (9.8/sec)
  Progress: 4970/7616 entities (9.8/sec)
  Progress: 4975/7616 entities (9.8/sec)
  Progress: 4980/7616 entities (9.8/sec)
  Progress: 4985/7616 entities (9.8/sec)
  Progress: 4990/7616 entities (9.8/sec)
  Progress: 4995/7616 entities (9.8/sec)
  Progress: 5000/7616 entities (9.8/sec)
  Progress: 5005/7616 entities (9.8/sec)
  Progress: 5010/7616 entities (9.8/sec)
  Progress: 5015/7616 entities (9.8/sec)
  Progress: 5020/7616 entities (9.8/sec)
  Progress: 5025/7616 entities (9.8/sec)
  Progress: 5030/7616 entities (9.8/sec)
  Progress: 5035/7616 entities (9.8/sec)
  Progress: 5040/7616 entities (9.8/sec)
  Progress: 5045/7616 entities (9.8/sec)
  Progress: 5050/7616 entities (9.8/sec)
  Progress: 5055/7616 entities (9.8/sec)
  Progress: 5060/7616 entities (9.8/sec)
  Progress: 5065/7616 entities (9.8/sec)
  Progress: 5070/7616 entities (9.8/sec)
  Progress: 5075/7616 entities (9.8/sec)
  Progress: 5080/7616 entities (9.8/sec)
  Progress: 5085/7616 entities (9.8/sec)
  Progress: 5090/7616 entities (9.8/sec)
  Progress: 5095/7616 entities (9.8/sec)
  Progress: 5100/7616 entities (9.8/sec)
  Progress: 5105/7616 entities (9.8/sec)
  Progress: 5110/7616 entities (9.8/sec)
  Progress: 5115/7616 entities (9.8/sec)
  Progress: 5120/7616 entities (9.8/sec)
  Progress: 5125/7616 entities (9.8/sec)
  Progress: 5130/7616 entities (9.8/sec)
  Progress: 5135/7616 entities (9.8/sec)
  Progress: 5140/7616 entities (9.8/sec)
  Progress: 5145/7616 entities (9.8/sec)
  Progress: 5150/7616 entities (9.8/sec)
  Progress: 5155/7616 entities (9.8/sec)
  Progress: 5160/7616 entities (9.8/sec)
  Progress: 5165/7616 entities (9.8/sec)
  Progress: 5170/7616 entities (9.8/sec)
  Progress: 5175/7616 entities (9.8/sec)
  Progress: 5180/7616 entities (9.8/sec)
  Progress: 5185/7616 entities (9.8/sec)
  Progress: 5190/7616 entities (9.8/sec)
  Progress: 5195/7616 entities (9.8/sec)
  Progress: 5200/7616 entities (9.8/sec)
  Progress: 5205/7616 entities (9.8/sec)
  Progress: 5210/7616 entities (9.8/sec)
  Progress: 5215/7616 entities (9.8/sec)
  Progress: 5220/7616 entities (9.8/sec)
  Progress: 5225/7616 entities (9.8/sec)
  Progress: 5230/7616 entities (9.8/sec)
  Progress: 5235/7616 entities (9.8/sec)
  Progress: 5240/7616 entities (9.8/sec)
  Progress: 5245/7616 entities (9.8/sec)
  Progress: 5250/7616 entities (9.8/sec)
  Progress: 5255/7616 entities (9.8/sec)
  Progress: 5260/7616 entities (9.8/sec)
  Progress: 5265/7616 entities (9.8/sec)
  Progress: 5270/7616 entities (9.8/sec)
  Progress: 5275/7616 entities (9.8/sec)
  Progress: 5280/7616 entities (9.8/sec)
  Progress: 5285/7616 entities (9.8/sec)
  Progress: 5290/7616 entities (9.8/sec)
  Progress: 5295/7616 entities (9.8/sec)
  Progress: 5300/7616 entities (9.8/sec)
  Progress: 5305/7616 entities (9.8/sec)
  Progress: 5310/7616 entities (9.8/sec)
  Progress: 5315/7616 entities (9.8/sec)
  Progress: 5320/7616 entities (9.8/sec)
  Progress: 5325/7616 entities (9.8/sec)
  Progress: 5330/7616 entities (9.8/sec)
  Progress: 5335/7616 entities (9.8/sec)
  Progress: 5340/7616 entities (9.8/sec)
  Progress: 5345/7616 entities (9.8/sec)
  Progress: 5350/7616 entities (9.8/sec)
  Progress: 5355/7616 entities (9.8/sec)
  Progress: 5360/7616 entities (9.8/sec)
  Progress: 5365/7616 entities (9.8/sec)
  Progress: 5370/7616 entities (9.8/sec)
  Progress: 5375/7616 entities (9.8/sec)
  Progress: 5380/7616 entities (9.8/sec)
  Progress: 5385/7616 entities (9.8/sec)
  Progress: 5390/7616 entities (9.8/sec)
  Progress: 5395/7616 entities (9.8/sec)
  Progress: 5400/7616 entities (9.8/sec)
  Progress: 5405/7616 entities (9.8/sec)
  Progress: 5410/7616 entities (9.8/sec)
  Progress: 5415/7616 entities (9.8/sec)
  Progress: 5420/7616 entities (9.8/sec)
  Progress: 5425/7616 entities (9.8/sec)
  Progress: 5430/7616 entities (9.8/sec)
  Progress: 5435/7616 entities (9.8/sec)
  Progress: 5440/7616 entities (9.8/sec)
  Progress: 5445/7616 entities (9.8/sec)
  Progress: 5450/7616 entities (9.8/sec)
  Progress: 5455/7616 entities (9.8/sec)
  Progress: 5460/7616 entities (9.8/sec)
  Progress: 5465/7616 entities (9.8/sec)
  Progress: 5470/7616 entities (9.8/sec)
  Progress: 5475/7616 entities (9.8/sec)
  Progress: 5480/7616 entities (9.8/sec)
  Progress: 5485/7616 entities (9.8/sec)
  Progress: 5490/7616 entities (9.8/sec)
  Progress: 5495/7616 entities (9.8/sec)
  Progress: 5500/7616 entities (9.8/sec)
  Progress: 5505/7616 entities (9.8/sec)
  Progress: 5510/7616 entities (9.8/sec)
  Progress: 5515/7616 entities (9.8/sec)
  Progress: 5520/7616 entities (9.8/sec)
  Progress: 5525/7616 entities (9.8/sec)
  Progress: 5530/7616 entities (9.8/sec)
  Progress: 5535/7616 entities (9.8/sec)
  Progress: 5540/7616 entities (9.8/sec)
  Progress: 5545/7616 entities (9.8/sec)
  Progress: 5550/7616 entities (9.8/sec)
  Progress: 5555/7616 entities (9.8/sec)
  Progress: 5560/7616 entities (9.8/sec)
  Progress: 5565/7616 entities (9.8/sec)
  Progress: 5570/7616 entities (9.8/sec)
  Progress: 5575/7616 entities (9.8/sec)
  Progress: 5580/7616 entities (9.8/sec)
  Progress: 5585/7616 entities (9.8/sec)
  Progress: 5590/7616 entities (9.8/sec)
  Progress: 5595/7616 entities (9.8/sec)
  Progress: 5600/7616 entities (9.8/sec)
  Progress: 5605/7616 entities (9.8/sec)
  Progress: 5610/7616 entities (9.8/sec)
  Progress: 5615/7616 entities (9.8/sec)
  Progress: 5620/7616 entities (9.8/sec)
  Progress: 5625/7616 entities (9.8/sec)
  Progress: 5630/7616 entities (9.8/sec)
  Progress: 5635/7616 entities (9.8/sec)
  Progress: 5640/7616 entities (9.8/sec)
  Progress: 5645/7616 entities (9.8/sec)
  Progress: 5650/7616 entities (9.8/sec)
  Progress: 5655/7616 entities (9.8/sec)
  Progress: 5660/7616 entities (9.8/sec)
  Progress: 5665/7616 entities (9.8/sec)
  Progress: 5670/7616 entities (9.8/sec)
  Progress: 5675/7616 entities (9.8/sec)
  Progress: 5680/7616 entities (9.8/sec)
  Progress: 5685/7616 entities (9.8/sec)
  Progress: 5690/7616 entities (9.8/sec)
  Progress: 5695/7616 entities (9.8/sec)
  Progress: 5700/7616 entities (9.8/sec)
  Progress: 5705/7616 entities (9.8/sec)
  Progress: 5710/7616 entities (9.8/sec)
  Progress: 5715/7616 entities (9.8/sec)
  Progress: 5720/7616 entities (9.8/sec)
  Progress: 5725/7616 entities (9.8/sec)
  Progress: 5730/7616 entities (9.8/sec)
  Progress: 5735/7616 entities (9.8/sec)
  Progress: 5740/7616 entities (9.8/sec)
  Progress: 5745/7616 entities (9.8/sec)
  Progress: 5750/7616 entities (9.8/sec)
  Progress: 5755/7616 entities (9.8/sec)
  Progress: 5760/7616 entities (9.8/sec)
  Progress: 5765/7616 entities (9.8/sec)
  Progress: 5770/7616 entities (9.8/sec)
  Progress: 5775/7616 entities (9.8/sec)
  Progress: 5780/7616 entities (9.8/sec)
  Progress: 5785/7616 entities (9.8/sec)
  Progress: 5790/7616 entities (9.8/sec)
  Progress: 5795/7616 entities (9.8/sec)
  Progress: 5800/7616 entities (9.8/sec)
  Progress: 5805/7616 entities (9.8/sec)
  Progress: 5810/7616 entities (9.8/sec)
  Progress: 5815/7616 entities (9.8/sec)
  Progress: 5820/7616 entities (9.8/sec)
  Progress: 5825/7616 entities (9.8/sec)
  Progress: 5830/7616 entities (9.8/sec)
  Progress: 5835/7616 entities (9.8/sec)
  Progress: 5840/7616 entities (9.8/sec)
  Progress: 5845/7616 entities (9.8/sec)
  Progress: 5850/7616 entities (9.8/sec)
  Progress: 5855/7616 entities (9.8/sec)
  Progress: 5860/7616 entities (9.8/sec)
  Progress: 5865/7616 entities (9.8/sec)
  Progress: 5870/7616 entities (9.8/sec)
  Progress: 5875/7616 entities (9.8/sec)
  Progress: 5880/7616 entities (9.8/sec)
  Progress: 5885/7616 entities (9.8/sec)
  Progress: 5890/7616 entities (9.8/sec)
  Progress: 5895/7616 entities (9.8/sec)
  Progress: 5900/7616 entities (9.8/sec)
  Progress: 5905/7616 entities (9.8/sec)
  Progress: 5910/7616 entities (9.8/sec)
  Progress: 5915/7616 entities (9.8/sec)
  Progress: 5920/7616 entities (9.8/sec)
  Progress: 5925/7616 entities (9.8/sec)
  Progress: 5930/7616 entities (9.8/sec)
  Progress: 5935/7616 entities (9.8/sec)
  Progress: 5940/7616 entities (9.8/sec)
  Progress: 5945/7616 entities (9.8/sec)
  Progress: 5950/7616 entities (9.8/sec)
  Progress: 5955/7616 entities (9.8/sec)
  Progress: 5960/7616 entities (9.8/sec)
  Progress: 5965/7616 entities (9.8/sec)
  Progress: 5970/7616 entities (9.8/sec)
  Progress: 5975/7616 entities (9.8/sec)
  Progress: 5980/7616 entities (9.8/sec)
  Progress: 5985/7616 entities (9.8/sec)
  Progress: 5990/7616 entities (9.8/sec)
  Progress: 5995/7616 entities (9.8/sec)
  Progress: 6000/7616 entities (9.8/sec)
  Progress: 6005/7616 entities (9.8/sec)
  Progress: 6010/7616 entities (9.8/sec)
  Progress: 6015/7616 entities (9.8/sec)
  Progress: 6020/7616 entities (9.8/sec)
  Progress: 6025/7616 entities (9.8/sec)
  Progress: 6030/7616 entities (9.8/sec)
  Progress: 6035/7616 entities (9.8/sec)
  Progress: 6040/7616 entities (9.8/sec)
  Progress: 6045/7616 entities (9.8/sec)
  Progress: 6050/7616 entities (9.8/sec)
  Progress: 6055/7616 entities (9.8/sec)
  Progress: 6060/7616 entities (9.8/sec)
  Progress: 6065/7616 entities (9.8/sec)
  Progress: 6070/7616 entities (9.8/sec)
  Progress: 6075/7616 entities (9.8/sec)
  Progress: 6080/7616 entities (9.8/sec)
  Progress: 6085/7616 entities (9.8/sec)
  Progress: 6090/7616 entities (9.8/sec)
  Progress: 6095/7616 entities (9.8/sec)
  Progress: 6100/7616 entities (9.8/sec)
  Progress: 6105/7616 entities (9.8/sec)
  Progress: 6110/7616 entities (9.8/sec)
  Progress: 6115/7616 entities (9.8/sec)
  Progress: 6120/7616 entities (9.8/sec)
  Progress: 6125/7616 entities (9.8/sec)
  Progress: 6130/7616 entities (9.8/sec)
  Progress: 6135/7616 entities (9.8/sec)
  Progress: 6140/7616 entities (9.8/sec)
  Progress: 6145/7616 entities (9.8/sec)
  Progress: 6150/7616 entities (9.8/sec)
  Progress: 6155/7616 entities (9.8/sec)
  Progress: 6160/7616 entities (9.8/sec)
  Progress: 6165/7616 entities (9.8/sec)
  Progress: 6170/7616 entities (9.8/sec)
  Progress: 6175/7616 entities (9.8/sec)
  Progress: 6180/7616 entities (9.8/sec)
  Progress: 6185/7616 entities (9.8/sec)
  Progress: 6190/7616 entities (9.8/sec)
  Progress: 6195/7616 entities (9.8/sec)
  Progress: 6200/7616 entities (9.8/sec)
  Progress: 6205/7616 entities (9.8/sec)
  Progress: 6210/7616 entities (9.8/sec)
  Progress: 6215/7616 entities (9.8/sec)
  Progress: 6220/7616 entities (9.8/sec)
  Progress: 6225/7616 entities (9.8/sec)
  Progress: 6230/7616 entities (9.8/sec)
  Progress: 6235/7616 entities (9.8/sec)
  Progress: 6240/7616 entities (9.8/sec)
  Progress: 6245/7616 entities (9.8/sec)
  Progress: 6250/7616 entities (9.8/sec)
  Progress: 6255/7616 entities (9.8/sec)
  Progress: 6260/7616 entities (9.8/sec)
  Progress: 6265/7616 entities (9.8/sec)
  Progress: 6270/7616 entities (9.8/sec)
  Progress: 6275/7616 entities (9.8/sec)
  Progress: 6280/7616 entities (9.8/sec)
  Progress: 6285/7616 entities (9.8/sec)
  Progress: 6290/7616 entities (9.8/sec)
  Progress: 6295/7616 entities (9.8/sec)
  Progress: 6300/7616 entities (9.8/sec)
  Progress: 6305/7616 entities (9.8/sec)
  Progress: 6310/7616 entities (9.8/sec)
  Progress: 6315/7616 entities (9.8/sec)
  Progress: 6320/7616 entities (9.8/sec)
  Progress: 6325/7616 entities (9.8/sec)
  Progress: 6330/7616 entities (9.8/sec)
  Progress: 6335/7616 entities (9.8/sec)
  Progress: 6340/7616 entities (9.8/sec)
  Progress: 6345/7616 entities (9.8/sec)
  Progress: 6350/7616 entities (9.8/sec)
  Progress: 6355/7616 entities (9.8/sec)
  Progress: 6360/7616 entities (9.8/sec)
  Progress: 6365/7616 entities (9.8/sec)
  Progress: 6370/7616 entities (9.8/sec)
  Progress: 6375/7616 entities (9.8/sec)
  Progress: 6380/7616 entities (9.8/sec)
  Progress: 6385/7616 entities (9.8/sec)
  Progress: 6390/7616 entities (9.8/sec)
  Progress: 6395/7616 entities (9.8/sec)
  Progress: 6400/7616 entities (9.8/sec)
  Progress: 6405/7616 entities (9.8/sec)
  Progress: 6410/7616 entities (9.8/sec)
  Progress: 6415/7616 entities (9.8/sec)
  Progress: 6420/7616 entities (9.8/sec)
  Progress: 6425/7616 entities (9.8/sec)
  Progress: 6430/7616 entities (9.8/sec)
  Progress: 6435/7616 entities (9.8/sec)
  Progress: 6440/7616 entities (9.8/sec)
  Progress: 6445/7616 entities (9.8/sec)
  Progress: 6450/7616 entities (9.8/sec)
  Progress: 6455/7616 entities (9.8/sec)
  Progress: 6460/7616 entities (9.8/sec)
  Progress: 6465/7616 entities (9.8/sec)
  Progress: 6470/7616 entities (9.8/sec)
  Progress: 6475/7616 entities (9.8/sec)
  Progress: 6480/7616 entities (9.8/sec)
  Progress: 6485/7616 entities (9.8/sec)
  Progress: 6490/7616 entities (9.8/sec)
  Progress: 6495/7616 entities (9.8/sec)
  Progress: 6500/7616 entities (9.8/sec)
  Progress: 6505/7616 entities (9.8/sec)
  Progress: 6510/7616 entities (9.8/sec)
  Progress: 6515/7616 entities (9.8/sec)
  Progress: 6520/7616 entities (9.8/sec)
  Progress: 6525/7616 entities (9.8/sec)
  Progress: 6530/7616 entities (9.8/sec)
  Progress: 6535/7616 entities (9.8/sec)
  Progress: 6540/7616 entities (9.8/sec)
  Progress: 6545/7616 entities (9.8/sec)
  Progress: 6550/7616 entities (9.8/sec)
  Progress: 6555/7616 entities (9.8/sec)
  Progress: 6560/7616 entities (9.8/sec)
  Progress: 6565/7616 entities (9.8/sec)
  Progress: 6570/7616 entities (9.8/sec)
  Progress: 6575/7616 entities (9.8/sec)
  Progress: 6580/7616 entities (9.8/sec)
  Progress: 6585/7616 entities (9.8/sec)
  Progress: 6590/7616 entities (9.8/sec)
  Progress: 6595/7616 entities (9.8/sec)
  Progress: 6600/7616 entities (9.8/sec)
  Progress: 6605/7616 entities (9.8/sec)
  Progress: 6610/7616 entities (9.8/sec)
  Progress: 6615/7616 entities (9.8/sec)
  Progress: 6620/7616 entities (9.8/sec)
  Progress: 6625/7616 entities (9.8/sec)
  Progress: 6630/7616 entities (9.8/sec)
  Progress: 6635/7616 entities (9.8/sec)
  Progress: 6640/7616 entities (9.8/sec)
  Progress: 6645/7616 entities (9.8/sec)
  Progress: 6650/7616 entities (9.8/sec)
  Progress: 6655/7616 entities (9.8/sec)
  Progress: 6660/7616 entities (9.8/sec)
  Progress: 6665/7616 entities (9.8/sec)
  Progress: 6670/7616 entities (9.8/sec)
  Progress: 6675/7616 entities (9.8/sec)
  Progress: 6680/7616 entities (9.8/sec)
  Progress: 6685/7616 entities (9.8/sec)
  Progress: 6690/7616 entities (9.8/sec)
  Progress: 6695/7616 entities (9.8/sec)
  Progress: 6700/7616 entities (9.8/sec)
  Progress: 6705/7616 entities (9.8/sec)
  Progress: 6710/7616 entities (9.8/sec)
  Progress: 6715/7616 entities (9.8/sec)
  Progress: 6720/7616 entities (9.8/sec)
  Progress: 6725/7616 entities (9.8/sec)
  Progress: 6730/7616 entities (9.8/sec)
  Progress: 6735/7616 entities (9.8/sec)
  Progress: 6740/7616 entities (9.8/sec)
  Progress: 6745/7616 entities (9.8/sec)
  Progress: 6750/7616 entities (9.8/sec)
  Progress: 6755/7616 entities (9.8/sec)
  Progress: 6760/7616 entities (9.8/sec)
  Progress: 6765/7616 entities (9.8/sec)
  Progress: 6770/7616 entities (9.8/sec)
  Progress: 6775/7616 entities (9.8/sec)
  Progress: 6780/7616 entities (9.8/sec)
  Progress: 6785/7616 entities (9.8/sec)
  Progress: 6790/7616 entities (9.8/sec)
  Progress: 6795/7616 entities (9.8/sec)
  Progress: 6800/7616 entities (9.8/sec)
  Progress: 6805/7616 entities (9.8/sec)
  Progress: 6810/7616 entities (9.8/sec)
  Progress: 6815/7616 entities (9.8/sec)
  Progress: 6820/7616 entities (9.8/sec)
  Progress: 6825/7616 entities (9.8/sec)
  Progress: 6830/7616 entities (9.8/sec)
  Progress: 6835/7616 entities (9.8/sec)
  Progress: 6840/7616 entities (9.8/sec)
  Progress: 6845/7616 entities (9.8/sec)
  Progress: 6850/7616 entities (9.8/sec)
  Progress: 6855/7616 entities (9.8/sec)
  Progress: 6860/7616 entities (9.8/sec)
  Progress: 6865/7616 entities (9.8/sec)
  Progress: 6870/7616 entities (9.8/sec)
  Progress: 6875/7616 entities (9.8/sec)
  Progress: 6880/7616 entities (9.8/sec)
  Progress: 6885/7616 entities (9.8/sec)
  Progress: 6890/7616 entities (9.8/sec)
  Progress: 6895/7616 entities (9.8/sec)
  Progress: 6900/7616 entities (9.8/sec)
  Progress: 6905/7616 entities (9.8/sec)
  Progress: 6910/7616 entities (9.8/sec)
  Progress: 6915/7616 entities (9.8/sec)
  Progress: 6920/7616 entities (9.8/sec)
  Progress: 6925/7616 entities (9.8/sec)
  Progress: 6930/7616 entities (9.8/sec)
  Progress: 6935/7616 entities (9.8/sec)
  Progress: 6940/7616 entities (9.8/sec)
  Progress: 6945/7616 entities (9.8/sec)
  Progress: 6950/7616 entities (9.8/sec)
  Progress: 6955/7616 entities (9.8/sec)
  Progress: 6960/7616 entities (9.8/sec)
  Progress: 6965/7616 entities (9.8/sec)
  Progress: 6970/7616 entities (9.8/sec)
  Progress: 6975/7616 entities (9.8/sec)
  Progress: 6980/7616 entities (9.8/sec)
  Progress: 6985/7616 entities (9.8/sec)
  Progress: 6990/7616 entities (9.8/sec)
  Progress: 6995/7616 entities (9.8/sec)
  Progress: 7000/7616 entities (9.8/sec)
  Progress: 7005/7616 entities (9.8/sec)
  Progress: 7010/7616 entities (9.8/sec)
  Progress: 7015/7616 entities (9.8/sec)
  Progress: 7020/7616 entities (9.8/sec)
  Progress: 7025/7616 entities (9.8/sec)
  Progress: 7030/7616 entities (9.8/sec)
  Progress: 7035/7616 entities (9.8/sec)
  Progress: 7040/7616 entities (9.8/sec)
  Progress: 7045/7616 entities (9.8/sec)
  Progress: 7050/7616 entities (9.8/sec)
  Progress: 7055/7616 entities (9.8/sec)
  Progress: 7060/7616 entities (9.8/sec)
  Progress: 7065/7616 entities (9.8/sec)
  Progress: 7070/7616 entities (9.8/sec)
  Progress: 7075/7616 entities (9.8/sec)
  Progress: 7080/7616 entities (9.8/sec)
  Progress: 7085/7616 entities (9.8/sec)
  Progress: 7090/7616 entities (9.8/sec)
  Progress: 7095/7616 entities (9.8/sec)
  Progress: 7100/7616 entities (9.8/sec)
  Progress: 7105/7616 entities (9.8/sec)
  Progress: 7110/7616 entities (9.8/sec)
  Progress: 7115/7616 entities (9.8/sec)
  Progress: 7120/7616 entities (9.8/sec)
  Progress: 7125/7616 entities (9.8/sec)
  Progress: 7130/7616 entities (9.8/sec)
  Progress: 7135/7616 entities (9.8/sec)
  Progress: 7140/7616 entities (9.8/sec)
  Progress: 7145/7616 entities (9.8/sec)
  Progress: 7150/7616 entities (9.8/sec)
  Progress: 7155/7616 entities (9.8/sec)
  Progress: 7160/7616 entities (9.8/sec)
  Progress: 7165/7616 entities (9.8/sec)
  Progress: 7170/7616 entities (9.8/sec)
  Progress: 7175/7616 entities (9.8/sec)
  Progress: 7180/7616 entities (9.8/sec)
  Progress: 7185/7616 entities (9.8/sec)
  Progress: 7190/7616 entities (9.8/sec)
  Progress: 7195/7616 entities (9.8/sec)
  Progress: 7200/7616 entities (9.8/sec)
  Progress: 7205/7616 entities (9.8/sec)
  Progress: 7210/7616 entities (9.8/sec)
  Progress: 7215/7616 entities (9.8/sec)
  Progress: 7220/7616 entities (9.8/sec)
  Progress: 7225/7616 entities (9.8/sec)
  Progress: 7230/7616 entities (9.8/sec)
  Progress: 7235/7616 entities (9.8/sec)
  Progress: 7240/7616 entities (9.8/sec)
  Progress: 7245/7616 entities (9.8/sec)
  Progress: 7250/7616 entities (9.8/sec)
  Progress: 7255/7616 entities (9.8/sec)
  Progress: 7260/7616 entities (9.8/sec)
  Progress: 7265/7616 entities (9.8/sec)
  Progress: 7270/7616 entities (9.8/sec)
  Progress: 7275/7616 entities (9.8/sec)
  Progress: 7280/7616 entities (9.8/sec)
  Progress: 7285/7616 entities (9.8/sec)
  Progress: 7290/7616 entities (9.8/sec)
  Progress: 7295/7616 entities (9.8/sec)
  Progress: 7300/7616 entities (9.8/sec)
  Progress: 7305/7616 entities (9.8/sec)
  Progress: 7310/7616 entities (9.8/sec)
  Progress: 7315/7616 entities (9.8/sec)
  Progress: 7320/7616 entities (9.8/sec)
  Progress: 7325/7616 entities (9.8/sec)
  Progress: 7330/7616 entities (9.8/sec)
  Progress: 7335/7616 entities (9.8/sec)
  Progress: 7340/7616 entities (9.8/sec)
  Progress: 7345/7616 entities (9.8/sec)
  Progress: 7350/7616 entities (9.8/sec)
  Progress: 7355/7616 entities (9.8/sec)
  Progress: 7360/7616 entities (9.8/sec)
  Progress: 7365/7616 entities (9.8/sec)
  Progress: 7370/7616 entities (9.8/sec)
  Progress: 7375/7616 entities (9.8/sec)
  Progress: 7380/7616 entities (9.8/sec)
  Progress: 7385/7616 entities (9.8/sec)
  Progress: 7390/7616 entities (9.8/sec)
  Progress: 7395/7616 entities (9.8/sec)
  Progress: 7400/7616 entities (9.8/sec)
  Progress: 7405/7616 entities (9.8/sec)
  Progress: 7410/7616 entities (9.8/sec)
  Progress: 7415/7616 entities (9.8/sec)
  Progress: 7420/7616 entities (9.8/sec)
  Progress: 7425/7616 entities (9.8/sec)
  Progress: 7430/7616 entities (9.8/sec)
  Progress: 7435/7616 entities (9.8/sec)
  Progress: 7440/7616 entities (9.8/sec)
  Progress: 7445/7616 entities (9.8/sec)
  Progress: 7450/7616 entities (9.8/sec)
  Progress: 7455/7616 entities (9.8/sec)
  Progress: 7460/7616 entities (9.8/sec)
  Progress: 7465/7616 entities (9.8/sec)
  Progress: 7470/7616 entities (9.8/sec)
  Progress: 7475/7616 entities (9.8/sec)
  Progress: 7480/7616 entities (9.8/sec)
  Progress: 7485/7616 entities (9.8/sec)
  Progress: 7490/7616 entities (9.8/sec)
  Progress: 7495/7616 entities (9.8/sec)
  Progress: 7500/7616 entities (9.8/sec)
  Progress: 7505/7616 entities (9.8/sec)
  Progress: 7510/7616 entities (9.8/sec)
  Progress: 7515/7616 entities (9.8/sec)
  Progress: 7520/7616 entities (9.8/sec)
  Progress: 7525/7616 entities (9.8/sec)
  Progress: 7530/7616 entities (9.8/sec)
  Progress: 7535/7616 entities (9.8/sec)
  Progress: 7540/7616 entities (9.8/sec)
  Progress: 7545/7616 entities (9.8/sec)
  Progress: 7550/7616 entities (9.8/sec)
  Progress: 7555/7616 entities (9.8/sec)
  Progress: 7560/7616 entities (9.8/sec)
  Progress: 7565/7616 entities (9.8/sec)
  Progress: 7570/7616 entities (9.8/sec)
  Progress: 7575/7616 entities (9.8/sec)
  Progress: 7580/7616 entities (9.8/sec)
  Progress: 7585/7616 entities (9.8/sec)
  Progress: 7590/7616 entities (9.8/sec)
  Progress: 7595/7616 entities (9.8/sec)
  Progress: 7600/7616 entities (9.8/sec)
  Progress: 7605/7616 entities (9.8/sec)
  Progress: 7610/7616 entities (9.8/sec)
  Progress: 7615/7616 entities (9.8/sec)
  Progress: 7616/7616 entities (9.8/sec)

Registration complete:
  Entities:        7616
  Artifacts:       45696
  Skipped:         0
  Artifact errors: 0
  Shared axes:     5 registered, 0 skipped, 0 errors
  Time:            775.7 seconds

==================================================
Verification
==================================================
Dataset containers at root: 64

Dataset 'BENCH_PER_ENTITY':
  metadata keys: 16
    sample: ['data_type', 'description', 'facility', 'fingerprint', 'label', 'material', 'method', 'producer']
  shared axes: 5/5 registered as array children ['H', 'energies', 'energies_powder', 'qs', 'radii']
  entity containers: 7616
    sample: ['BENCH_PER_ENTITY_e141cee652bec', 'BENCH_PER_ENTITY_859bcdffe3a8b', 'BENCH_PER_ENTITY_bd6ccbee9f986']

Entity 'BENCH_PER_ENTITY_e141cee652bec':
  metadata keys: 22 (locators: 6)
  artifact children: 6
    sample: ['hisym', 'powder', 'powder_mask', 'mag_a', 'mag_b']

Artifact 'hisym':
  shape: (384, 384)  dtype: float64

Done!
-- BENCH_PER_ENTITY register: 787s rc=0
== BENCH_BATCHED_5F verify (2026-09-20T04:17:58Z) ==
VERIFY BENCH_BATCHED_5F: entities=10000/10000 shared=2 broken=51 spot_every=199 -> FAIL
details: BENCH_BATCHED_5F.broken.txt (first 5)
  BENCH_BATCHED_5F_045ec59eed898: HTTPStatusError("Server error '500 Internal Server Error' for url 'https://lcls-data-portal.slac.stanford.edu/tiled-test/api/v1/array/full/BENCH_BATCHED_5F/BENCH_BATCHED_5F_045ec59eed898/rixs_spectrum?expected_shape=scalar&slice=0%2C0'\nFor more information, server admin can search server logs for correlation ID 848b7052f08cb46c.")
  BENCH_BATCHED_5F_e069bb7f5b35b: HTTPStatusError("Server error '500 Internal Server Error' for url 'https://lcls-data-portal.slac.stanford.edu/tiled-test/api/v1/array/full/BENCH_BATCHED_5F/BENCH_BATCHED_5F_e069bb7f5b35b/rixs_spectrum?expected_shape=scalar&slice=0%2C0'\nFor more information, server admin can search server logs for correlation ID a7e74779667c30f4.")
  BENCH_BATCHED_5F_1bd75f33ad04f: HTTPStatusError("Server error '500 Internal Server Error' for url 'https://lcls-data-portal.slac.stanford.edu/tiled-test/api/v1/array/full/BENCH_BATCHED_5F/BENCH_BATCHED_5F_1bd75f33ad04f/rixs_spectrum?expected_shape=scalar&slice=0%2C0'\nFor more information, server admin can search server logs for correlation ID 17114be92e176d01.")
  BENCH_BATCHED_5F_e11772aee9245: HTTPStatusError("Server error '500 Internal Server Error' for url 'https://lcls-data-portal.slac.stanford.edu/tiled-test/api/v1/array/full/BENCH_BATCHED_5F/BENCH_BATCHED_5F_e11772aee9245/rixs_spectrum?expected_shape=scalar&slice=0%2C0'\nFor more information, server admin can search server logs for correlation ID 0914f2e40d429854.")
  BENCH_BATCHED_5F_089127d732a4f: HTTPStatusError("Server error '500 Internal Server Error' for url 'https://lcls-data-portal.slac.stanford.edu/tiled-test/api/v1/array/full/BENCH_BATCHED_5F/BENCH_BATCHED_5F_089127d732a4f/rixs_spectrum?expected_shape=scalar&slice=0%2C0'\nFor more information, server admin can search server logs for correlation ID c24ece1d04aceb50.")
-- BENCH_BATCHED_5F verify: 162s rc=1
== BENCH_PER_ENTITY verify (2026-09-20T04:20:40Z) ==
VERIFY BENCH_PER_ENTITY: entities=7616/7616 shared=5 broken=39 spot_every=199 -> FAIL
details: BENCH_PER_ENTITY.broken.txt (first 5)
  BENCH_PER_ENTITY_e141cee652bec: HTTPStatusError("Server error '500 Internal Server Error' for url 'https://lcls-data-portal.slac.stanford.edu/tiled-test/api/v1/array/full/BENCH_PER_ENTITY/BENCH_PER_ENTITY_e141cee652bec/mag_cs?expected_shape=scalar&slice=0'\nFor more information, server admin can search server logs for correlation ID 85a4e5adc54d6e65.")
  BENCH_PER_ENTITY_a9daf3a10f651: HTTPStatusError("Server error '500 Internal Server Error' for url 'https://lcls-data-portal.slac.stanford.edu/tiled-test/api/v1/array/full/BENCH_PER_ENTITY/BENCH_PER_ENTITY_a9daf3a10f651/mag_cs?expected_shape=scalar&slice=0'\nFor more information, server admin can search server logs for correlation ID 772b84407bb2032f.")
  BENCH_PER_ENTITY_c703c21923478: HTTPStatusError("Server error '500 Internal Server Error' for url 'https://lcls-data-portal.slac.stanford.edu/tiled-test/api/v1/array/full/BENCH_PER_ENTITY/BENCH_PER_ENTITY_c703c21923478/mag_cs?expected_shape=scalar&slice=0'\nFor more information, server admin can search server logs for correlation ID 568d4843a077a3cc.")
  BENCH_PER_ENTITY_46a366e8f2f1b: HTTPStatusError("Server error '500 Internal Server Error' for url 'https://lcls-data-portal.slac.stanford.edu/tiled-test/api/v1/array/full/BENCH_PER_ENTITY/BENCH_PER_ENTITY_46a366e8f2f1b/mag_cs?expected_shape=scalar&slice=0'\nFor more information, server admin can search server logs for correlation ID 2d115890a9e776b2.")
  BENCH_PER_ENTITY_e63bfb72b7d46: HTTPStatusError("Server error '500 Internal Server Error' for url 'https://lcls-data-portal.slac.stanford.edu/tiled-test/api/v1/array/full/BENCH_PER_ENTITY/BENCH_PER_ENTITY_e63bfb72b7d46/mag_cs?expected_shape=scalar&slice=0'\nFor more information, server admin can search server logs for correlation ID 698b3e89c2cbc893.")
-- BENCH_PER_ENTITY verify: 130s rc=1
== BENCH_BATCHED_5F resume (2026-09-20T04:22:50Z) ==
==================================================
Register (HTTP)
==================================================
Configs: ['/sdf/data/lcls/ds/prj/prjmaiqmag01/results/ajshack/tiled-bench/_bench_ws/trainbench/datasets/sam_klein_v2.yml']

Checking Tiled server at https://lcls-data-portal.slac.stanford.edu/tiled-test ...
Server is running.
Connected to https://lcls-data-portal.slac.stanford.edu/tiled-test (65 existing containers)
Using existing dataset container 'BENCH_BATCHED_5F'
Pre-grouping artifacts by uid...

--- Registering Bench Batched 5F (10000 entities via HTTP, external, pool=8) ---
  Progress: 5/10000 entities (0.0/sec)
  Progress: 10/10000 entities (0.0/sec)
  Progress: 15/10000 entities (0.0/sec)
  Progress: 20/10000 entities (0.0/sec)
  Progress: 25/10000 entities (0.0/sec)
  Progress: 30/10000 entities (0.0/sec)
  Progress: 35/10000 entities (0.0/sec)
  Progress: 40/10000 entities (0.0/sec)
  Progress: 45/10000 entities (0.0/sec)
  Progress: 50/10000 entities (0.0/sec)
  Progress: 55/10000 entities (0.0/sec)
  Progress: 60/10000 entities (0.0/sec)
  Progress: 65/10000 entities (0.0/sec)
  Progress: 70/10000 entities (0.0/sec)
  Progress: 75/10000 entities (0.0/sec)
  Progress: 80/10000 entities (0.0/sec)
  Progress: 85/10000 entities (0.0/sec)
  Progress: 90/10000 entities (0.0/sec)
  Progress: 95/10000 entities (0.0/sec)
  Progress: 100/10000 entities (0.0/sec)
  Progress: 105/10000 entities (0.0/sec)
  Progress: 110/10000 entities (0.0/sec)
  Progress: 115/10000 entities (0.0/sec)
  Progress: 120/10000 entities (0.0/sec)
  Progress: 125/10000 entities (0.0/sec)
  Progress: 130/10000 entities (0.0/sec)
  Progress: 135/10000 entities (0.0/sec)
  Progress: 140/10000 entities (0.0/sec)
  Progress: 145/10000 entities (0.0/sec)
  Progress: 150/10000 entities (0.0/sec)
  Progress: 155/10000 entities (0.0/sec)
  Progress: 160/10000 entities (0.0/sec)
  Progress: 165/10000 entities (0.0/sec)
  Progress: 170/10000 entities (0.0/sec)
  Progress: 175/10000 entities (0.0/sec)
  Progress: 180/10000 entities (0.0/sec)
  Progress: 185/10000 entities (0.0/sec)
  Progress: 190/10000 entities (0.0/sec)
  Progress: 195/10000 entities (0.0/sec)
  Progress: 200/10000 entities (0.0/sec)
  Progress: 205/10000 entities (0.0/sec)
  Progress: 210/10000 entities (0.0/sec)
  Progress: 215/10000 entities (0.0/sec)
  Progress: 220/10000 entities (0.0/sec)
  Progress: 225/10000 entities (0.0/sec)
  Progress: 230/10000 entities (0.0/sec)
  Progress: 235/10000 entities (0.0/sec)
  Progress: 240/10000 entities (0.0/sec)
  Progress: 245/10000 entities (0.0/sec)
  Progress: 250/10000 entities (0.0/sec)
  Progress: 255/10000 entities (0.0/sec)
  Progress: 260/10000 entities (0.0/sec)
  Progress: 265/10000 entities (0.0/sec)
  Progress: 270/10000 entities (0.0/sec)
  Progress: 275/10000 entities (0.0/sec)
  Progress: 280/10000 entities (0.0/sec)
  Progress: 285/10000 entities (0.0/sec)
  Progress: 290/10000 entities (0.0/sec)
  Progress: 295/10000 entities (0.0/sec)
  Progress: 300/10000 entities (0.0/sec)
  Progress: 305/10000 entities (0.0/sec)
  Progress: 310/10000 entities (0.0/sec)
  Progress: 315/10000 entities (0.0/sec)
  Progress: 320/10000 entities (0.0/sec)
  Progress: 325/10000 entities (0.0/sec)
  Progress: 330/10000 entities (0.0/sec)
  Progress: 335/10000 entities (0.0/sec)
  Progress: 340/10000 entities (0.0/sec)
  Progress: 345/10000 entities (0.0/sec)
  Progress: 350/10000 entities (0.0/sec)
  Progress: 355/10000 entities (0.0/sec)
  Progress: 360/10000 entities (0.0/sec)
  Progress: 365/10000 entities (0.0/sec)
  Progress: 370/10000 entities (0.0/sec)
  Progress: 375/10000 entities (0.0/sec)
  Progress: 380/10000 entities (0.0/sec)
  Progress: 385/10000 entities (0.0/sec)
  Progress: 390/10000 entities (0.0/sec)
  Progress: 395/10000 entities (0.0/sec)
  Progress: 400/10000 entities (0.0/sec)
  Progress: 405/10000 entities (0.0/sec)
  Progress: 410/10000 entities (0.0/sec)
  Progress: 415/10000 entities (0.0/sec)
  Progress: 420/10000 entities (0.0/sec)
  Progress: 425/10000 entities (0.0/sec)
  Progress: 430/10000 entities (0.0/sec)
  Progress: 435/10000 entities (0.0/sec)
  Progress: 440/10000 entities (0.0/sec)
  Progress: 445/10000 entities (0.0/sec)
  Progress: 450/10000 entities (0.0/sec)
  Progress: 455/10000 entities (0.0/sec)
  Progress: 460/10000 entities (0.0/sec)
  Progress: 465/10000 entities (0.0/sec)
  Progress: 470/10000 entities (0.0/sec)
  Progress: 475/10000 entities (0.0/sec)
  Progress: 480/10000 entities (0.0/sec)
  Progress: 485/10000 entities (0.0/sec)
  Progress: 490/10000 entities (0.0/sec)
  Progress: 495/10000 entities (0.0/sec)
  Progress: 500/10000 entities (0.0/sec)
  Progress: 505/10000 entities (0.0/sec)
  Progress: 510/10000 entities (0.0/sec)
  Progress: 515/10000 entities (0.0/sec)
  Progress: 520/10000 entities (0.0/sec)
  Progress: 525/10000 entities (0.0/sec)
  Progress: 530/10000 entities (0.0/sec)
  Progress: 535/10000 entities (0.0/sec)
  Progress: 540/10000 entities (0.0/sec)
  Progress: 545/10000 entities (0.0/sec)
  Progress: 550/10000 entities (0.0/sec)
  Progress: 555/10000 entities (0.0/sec)
  Progress: 560/10000 entities (0.0/sec)
  Progress: 565/10000 entities (0.0/sec)
  Progress: 570/10000 entities (0.0/sec)
  Progress: 575/10000 entities (0.0/sec)
  Progress: 580/10000 entities (0.0/sec)
  Progress: 585/10000 entities (0.0/sec)
  Progress: 590/10000 entities (0.0/sec)
  Progress: 595/10000 entities (0.0/sec)
  Progress: 600/10000 entities (0.0/sec)
  Progress: 605/10000 entities (0.0/sec)
  Progress: 610/10000 entities (0.0/sec)
  Progress: 615/10000 entities (0.0/sec)
  Progress: 620/10000 entities (0.0/sec)
  Progress: 625/10000 entities (0.0/sec)
  Progress: 630/10000 entities (0.0/sec)
  Progress: 635/10000 entities (0.0/sec)
  Progress: 640/10000 entities (0.0/sec)
  Progress: 645/10000 entities (0.0/sec)
  Progress: 650/10000 entities (0.0/sec)
  Progress: 655/10000 entities (0.0/sec)
  Progress: 660/10000 entities (0.0/sec)
  Progress: 665/10000 entities (0.0/sec)
  Progress: 670/10000 entities (0.0/sec)
  Progress: 675/10000 entities (0.0/sec)
  Progress: 680/10000 entities (0.0/sec)
  Progress: 685/10000 entities (0.0/sec)
  Progress: 690/10000 entities (0.0/sec)
  Progress: 695/10000 entities (0.0/sec)
  Progress: 700/10000 entities (0.0/sec)
  Progress: 705/10000 entities (0.0/sec)
  Progress: 710/10000 entities (0.0/sec)
  Progress: 715/10000 entities (0.0/sec)
  Progress: 720/10000 entities (0.0/sec)
  Progress: 725/10000 entities (0.0/sec)
  Progress: 730/10000 entities (0.0/sec)
  Progress: 735/10000 entities (0.0/sec)
  Progress: 740/10000 entities (0.0/sec)
  Progress: 745/10000 entities (0.0/sec)
  Progress: 750/10000 entities (0.0/sec)
  Progress: 755/10000 entities (0.0/sec)
  Progress: 760/10000 entities (0.0/sec)
  Progress: 765/10000 entities (0.0/sec)
  Progress: 770/10000 entities (0.0/sec)
  Progress: 775/10000 entities (0.0/sec)
  Progress: 780/10000 entities (0.0/sec)
  Progress: 785/10000 entities (0.0/sec)
  Progress: 790/10000 entities (0.0/sec)
  Progress: 795/10000 entities (0.0/sec)
  Progress: 800/10000 entities (0.0/sec)
  Progress: 805/10000 entities (0.0/sec)
  Progress: 810/10000 entities (0.0/sec)
  Progress: 815/10000 entities (0.0/sec)
  Progress: 820/10000 entities (0.0/sec)
  Progress: 825/10000 entities (0.0/sec)
  Progress: 830/10000 entities (0.0/sec)
  Progress: 835/10000 entities (0.0/sec)
  Progress: 840/10000 entities (0.0/sec)
  Progress: 845/10000 entities (0.0/sec)
  Progress: 850/10000 entities (0.0/sec)
  Progress: 855/10000 entities (0.0/sec)
  Progress: 860/10000 entities (0.0/sec)
  Progress: 865/10000 entities (0.0/sec)
  Progress: 870/10000 entities (0.0/sec)
  Progress: 875/10000 entities (0.0/sec)
  Progress: 880/10000 entities (0.0/sec)
  Progress: 885/10000 entities (0.0/sec)
  Progress: 890/10000 entities (0.0/sec)
  Progress: 895/10000 entities (0.0/sec)
  Progress: 900/10000 entities (0.0/sec)
  Progress: 905/10000 entities (0.0/sec)
  Progress: 910/10000 entities (0.0/sec)
  Progress: 915/10000 entities (0.0/sec)
  Progress: 920/10000 entities (0.0/sec)
  Progress: 925/10000 entities (0.0/sec)
  Progress: 930/10000 entities (0.0/sec)
  Progress: 935/10000 entities (0.0/sec)
  Progress: 940/10000 entities (0.0/sec)
  Progress: 945/10000 entities (0.0/sec)
  Progress: 950/10000 entities (0.0/sec)
  Progress: 955/10000 entities (0.0/sec)
  Progress: 960/10000 entities (0.0/sec)
  Progress: 965/10000 entities (0.0/sec)
  Progress: 970/10000 entities (0.0/sec)
  Progress: 975/10000 entities (0.0/sec)
  Progress: 980/10000 entities (0.0/sec)
  Progress: 985/10000 entities (0.0/sec)
  Progress: 990/10000 entities (0.0/sec)
  Progress: 995/10000 entities (0.0/sec)
  Progress: 1000/10000 entities (0.0/sec)
  Progress: 1005/10000 entities (0.0/sec)
  Progress: 1010/10000 entities (0.0/sec)
  Progress: 1015/10000 entities (0.0/sec)
  Progress: 1020/10000 entities (0.0/sec)
  Progress: 1025/10000 entities (0.0/sec)
  Progress: 1030/10000 entities (0.0/sec)
  Progress: 1035/10000 entities (0.0/sec)
  Progress: 1040/10000 entities (0.0/sec)
  Progress: 1045/10000 entities (0.0/sec)
  Progress: 1050/10000 entities (0.0/sec)
  Progress: 1055/10000 entities (0.0/sec)
  Progress: 1060/10000 entities (0.0/sec)
  Progress: 1065/10000 entities (0.0/sec)
  Progress: 1070/10000 entities (0.0/sec)
  Progress: 1075/10000 entities (0.0/sec)
  Progress: 1080/10000 entities (0.0/sec)
  Progress: 1085/10000 entities (0.0/sec)
  Progress: 1090/10000 entities (0.0/sec)
  Progress: 1095/10000 entities (0.0/sec)
  Progress: 1100/10000 entities (0.0/sec)
  Progress: 1105/10000 entities (0.0/sec)
  Progress: 1110/10000 entities (0.0/sec)
  Progress: 1115/10000 entities (0.0/sec)
  Progress: 1120/10000 entities (0.0/sec)
  Progress: 1125/10000 entities (0.0/sec)
  Progress: 1130/10000 entities (0.0/sec)
  Progress: 1135/10000 entities (0.0/sec)
  Progress: 1140/10000 entities (0.0/sec)
  Progress: 1145/10000 entities (0.0/sec)
  Progress: 1150/10000 entities (0.0/sec)
  Progress: 1155/10000 entities (0.0/sec)
  Progress: 1160/10000 entities (0.0/sec)
  Progress: 1165/10000 entities (0.0/sec)
  Progress: 1170/10000 entities (0.0/sec)
  Progress: 1175/10000 entities (0.0/sec)
  Progress: 1180/10000 entities (0.0/sec)
  Progress: 1185/10000 entities (0.0/sec)
  Progress: 1190/10000 entities (0.0/sec)
  Progress: 1195/10000 entities (0.0/sec)
  Progress: 1200/10000 entities (0.0/sec)
  Progress: 1205/10000 entities (0.0/sec)
  Progress: 1210/10000 entities (0.0/sec)
  Progress: 1215/10000 entities (0.0/sec)
  Progress: 1220/10000 entities (0.0/sec)
  Progress: 1225/10000 entities (0.0/sec)
  Progress: 1230/10000 entities (0.0/sec)
  Progress: 1235/10000 entities (0.0/sec)
  Progress: 1240/10000 entities (0.0/sec)
  Progress: 1245/10000 entities (0.0/sec)
  Progress: 1250/10000 entities (0.0/sec)
  Progress: 1255/10000 entities (0.0/sec)
  Progress: 1260/10000 entities (0.0/sec)
  Progress: 1265/10000 entities (0.0/sec)
  Progress: 1270/10000 entities (0.0/sec)
  Progress: 1275/10000 entities (0.0/sec)
  Progress: 1280/10000 entities (0.0/sec)
  Progress: 1285/10000 entities (0.0/sec)
  Progress: 1290/10000 entities (0.0/sec)
  Progress: 1295/10000 entities (0.0/sec)
  Progress: 1300/10000 entities (0.0/sec)
  Progress: 1305/10000 entities (0.0/sec)
  Progress: 1310/10000 entities (0.0/sec)
  Progress: 1315/10000 entities (0.0/sec)
  Progress: 1320/10000 entities (0.0/sec)
  Progress: 1325/10000 entities (0.0/sec)
  Progress: 1330/10000 entities (0.0/sec)
  Progress: 1335/10000 entities (0.0/sec)
  Progress: 1340/10000 entities (0.0/sec)
  Progress: 1345/10000 entities (0.0/sec)
  Progress: 1350/10000 entities (0.0/sec)
  Progress: 1355/10000 entities (0.0/sec)
  Progress: 1360/10000 entities (0.0/sec)
  Progress: 1365/10000 entities (0.0/sec)
  Progress: 1370/10000 entities (0.0/sec)
  Progress: 1375/10000 entities (0.0/sec)
  Progress: 1380/10000 entities (0.0/sec)
  Progress: 1385/10000 entities (0.0/sec)
  Progress: 1390/10000 entities (0.0/sec)
  Progress: 1395/10000 entities (0.0/sec)
  Progress: 1400/10000 entities (0.0/sec)
  Progress: 1405/10000 entities (0.0/sec)
  Progress: 1410/10000 entities (0.0/sec)
  Progress: 1415/10000 entities (0.0/sec)
  Progress: 1420/10000 entities (0.0/sec)
  Progress: 1425/10000 entities (0.0/sec)
  Progress: 1430/10000 entities (0.0/sec)
  Progress: 1435/10000 entities (0.0/sec)
  Progress: 1440/10000 entities (0.0/sec)
  Progress: 1445/10000 entities (0.0/sec)
  Progress: 1450/10000 entities (0.0/sec)
  Progress: 1455/10000 entities (0.0/sec)
  Progress: 1460/10000 entities (0.0/sec)
  Progress: 1465/10000 entities (0.0/sec)
  Progress: 1470/10000 entities (0.0/sec)
  Progress: 1475/10000 entities (0.0/sec)
  Progress: 1480/10000 entities (0.0/sec)
  Progress: 1485/10000 entities (0.0/sec)
  Progress: 1490/10000 entities (0.0/sec)
  Progress: 1495/10000 entities (0.0/sec)
  Progress: 1500/10000 entities (0.0/sec)
  Progress: 1505/10000 entities (0.0/sec)
  Progress: 1510/10000 entities (0.0/sec)
  Progress: 1515/10000 entities (0.0/sec)
  Progress: 1520/10000 entities (0.0/sec)
  Progress: 1525/10000 entities (0.0/sec)
  Progress: 1530/10000 entities (0.0/sec)
  Progress: 1535/10000 entities (0.0/sec)
  Progress: 1540/10000 entities (0.0/sec)
  Progress: 1545/10000 entities (0.0/sec)
  Progress: 1550/10000 entities (0.0/sec)
  Progress: 1555/10000 entities (0.0/sec)
  Progress: 1560/10000 entities (0.0/sec)
  Progress: 1565/10000 entities (0.0/sec)
  Progress: 1570/10000 entities (0.0/sec)
  Progress: 1575/10000 entities (0.0/sec)
  Progress: 1580/10000 entities (0.0/sec)
  Progress: 1585/10000 entities (0.0/sec)
  Progress: 1590/10000 entities (0.0/sec)
  Progress: 1595/10000 entities (0.0/sec)
  Progress: 1600/10000 entities (0.0/sec)
  Progress: 1605/10000 entities (0.0/sec)
  Progress: 1610/10000 entities (0.0/sec)
  Progress: 1615/10000 entities (0.0/sec)
  Progress: 1620/10000 entities (0.0/sec)
  Progress: 1625/10000 entities (0.0/sec)
  Progress: 1630/10000 entities (0.0/sec)
  Progress: 1635/10000 entities (0.0/sec)
  Progress: 1640/10000 entities (0.0/sec)
  Progress: 1645/10000 entities (0.0/sec)
  Progress: 1650/10000 entities (0.0/sec)
  Progress: 1655/10000 entities (0.0/sec)
  Progress: 1660/10000 entities (0.0/sec)
  Progress: 1665/10000 entities (0.0/sec)
  Progress: 1670/10000 entities (0.0/sec)
  Progress: 1675/10000 entities (0.0/sec)
  Progress: 1680/10000 entities (0.0/sec)
  Progress: 1685/10000 entities (0.0/sec)
  Progress: 1690/10000 entities (0.0/sec)
  Progress: 1695/10000 entities (0.0/sec)
  Progress: 1700/10000 entities (0.0/sec)
  Progress: 1705/10000 entities (0.0/sec)
  Progress: 1710/10000 entities (0.0/sec)
  Progress: 1715/10000 entities (0.0/sec)
  Progress: 1720/10000 entities (0.0/sec)
  Progress: 1725/10000 entities (0.0/sec)
  Progress: 1730/10000 entities (0.0/sec)
  Progress: 1735/10000 entities (0.0/sec)
  Progress: 1740/10000 entities (0.0/sec)
  Progress: 1745/10000 entities (0.0/sec)
  Progress: 1750/10000 entities (0.0/sec)
  Progress: 1755/10000 entities (0.0/sec)
  Progress: 1760/10000 entities (0.0/sec)
  Progress: 1765/10000 entities (0.0/sec)
  Progress: 1770/10000 entities (0.0/sec)
  Progress: 1775/10000 entities (0.0/sec)
  Progress: 1780/10000 entities (0.0/sec)
  Progress: 1785/10000 entities (0.0/sec)
  Progress: 1790/10000 entities (0.0/sec)
  Progress: 1795/10000 entities (0.0/sec)
  Progress: 1800/10000 entities (0.0/sec)
  Progress: 1805/10000 entities (0.0/sec)
  Progress: 1810/10000 entities (0.0/sec)
  Progress: 1815/10000 entities (0.0/sec)
  Progress: 1820/10000 entities (0.0/sec)
  Progress: 1825/10000 entities (0.0/sec)
  Progress: 1830/10000 entities (0.0/sec)
  Progress: 1835/10000 entities (0.0/sec)
  Progress: 1840/10000 entities (0.0/sec)
  Progress: 1845/10000 entities (0.0/sec)
  Progress: 1850/10000 entities (0.0/sec)
  Progress: 1855/10000 entities (0.0/sec)
  Progress: 1860/10000 entities (0.0/sec)
  Progress: 1865/10000 entities (0.0/sec)
  Progress: 1870/10000 entities (0.0/sec)
  Progress: 1875/10000 entities (0.0/sec)
  Progress: 1880/10000 entities (0.0/sec)
  Progress: 1885/10000 entities (0.0/sec)
  Progress: 1890/10000 entities (0.0/sec)
  Progress: 1895/10000 entities (0.0/sec)
  Progress: 1900/10000 entities (0.0/sec)
  Progress: 1905/10000 entities (0.0/sec)
  Progress: 1910/10000 entities (0.0/sec)
  Progress: 1915/10000 entities (0.0/sec)
  Progress: 1920/10000 entities (0.0/sec)
  Progress: 1925/10000 entities (0.0/sec)
  Progress: 1930/10000 entities (0.0/sec)
  Progress: 1935/10000 entities (0.0/sec)
  Progress: 1940/10000 entities (0.0/sec)
  Progress: 1945/10000 entities (0.0/sec)
  Progress: 1950/10000 entities (0.0/sec)
  Progress: 1955/10000 entities (0.0/sec)
  Progress: 1960/10000 entities (0.0/sec)
  Progress: 1965/10000 entities (0.0/sec)
  Progress: 1970/10000 entities (0.0/sec)
  Progress: 1975/10000 entities (0.0/sec)
  Progress: 1980/10000 entities (0.0/sec)
  Progress: 1985/10000 entities (0.0/sec)
  Progress: 1990/10000 entities (0.0/sec)
  Progress: 1995/10000 entities (0.0/sec)
  Progress: 2000/10000 entities (0.0/sec)
  Progress: 2005/10000 entities (0.0/sec)
  Progress: 2010/10000 entities (0.0/sec)
  Progress: 2015/10000 entities (0.0/sec)
  Progress: 2020/10000 entities (0.0/sec)
  Progress: 2025/10000 entities (0.0/sec)
  Progress: 2030/10000 entities (0.0/sec)
  Progress: 2035/10000 entities (0.0/sec)
  Progress: 2040/10000 entities (0.0/sec)
  Progress: 2045/10000 entities (0.0/sec)
  Progress: 2050/10000 entities (0.0/sec)
  Progress: 2055/10000 entities (0.0/sec)
  Progress: 2060/10000 entities (0.0/sec)
  Progress: 2065/10000 entities (0.0/sec)
  Progress: 2070/10000 entities (0.0/sec)
  Progress: 2075/10000 entities (0.0/sec)
  Progress: 2080/10000 entities (0.0/sec)
  Progress: 2085/10000 entities (0.0/sec)
  Progress: 2090/10000 entities (0.0/sec)
  Progress: 2095/10000 entities (0.0/sec)
  Progress: 2100/10000 entities (0.0/sec)
  Progress: 2105/10000 entities (0.0/sec)
  Progress: 2110/10000 entities (0.0/sec)
  Progress: 2115/10000 entities (0.0/sec)
  Progress: 2120/10000 entities (0.0/sec)
  Progress: 2125/10000 entities (0.0/sec)
  Progress: 2130/10000 entities (0.0/sec)
  Progress: 2135/10000 entities (0.0/sec)
  Progress: 2140/10000 entities (0.0/sec)
  Progress: 2145/10000 entities (0.0/sec)
  Progress: 2150/10000 entities (0.0/sec)
  Progress: 2155/10000 entities (0.0/sec)
  Progress: 2160/10000 entities (0.0/sec)
  Progress: 2165/10000 entities (0.0/sec)
  Progress: 2170/10000 entities (0.0/sec)
  Progress: 2175/10000 entities (0.0/sec)
  Progress: 2180/10000 entities (0.0/sec)
  Progress: 2185/10000 entities (0.0/sec)
  Progress: 2190/10000 entities (0.0/sec)
  Progress: 2195/10000 entities (0.0/sec)
  Progress: 2200/10000 entities (0.0/sec)
  Progress: 2205/10000 entities (0.0/sec)
  Progress: 2210/10000 entities (0.0/sec)
  Progress: 2215/10000 entities (0.0/sec)
  Progress: 2220/10000 entities (0.0/sec)
  Progress: 2225/10000 entities (0.0/sec)
  Progress: 2230/10000 entities (0.0/sec)
  Progress: 2235/10000 entities (0.0/sec)
  Progress: 2240/10000 entities (0.0/sec)
  Progress: 2245/10000 entities (0.0/sec)
  Progress: 2250/10000 entities (0.0/sec)
  Progress: 2255/10000 entities (0.0/sec)
  Progress: 2260/10000 entities (0.0/sec)
  Progress: 2265/10000 entities (0.0/sec)
  Progress: 2270/10000 entities (0.0/sec)
  Progress: 2275/10000 entities (0.0/sec)
  Progress: 2280/10000 entities (0.0/sec)
  Progress: 2285/10000 entities (0.0/sec)
  Progress: 2290/10000 entities (0.0/sec)
  Progress: 2295/10000 entities (0.0/sec)
  Progress: 2300/10000 entities (0.0/sec)
  Progress: 2305/10000 entities (0.0/sec)
  Progress: 2310/10000 entities (0.0/sec)
  Progress: 2315/10000 entities (0.0/sec)
  Progress: 2320/10000 entities (0.0/sec)
  Progress: 2325/10000 entities (0.0/sec)
  Progress: 2330/10000 entities (0.0/sec)
  Progress: 2335/10000 entities (0.0/sec)
  Progress: 2340/10000 entities (0.0/sec)
  Progress: 2345/10000 entities (0.0/sec)
  Progress: 2350/10000 entities (0.0/sec)
  Progress: 2355/10000 entities (0.0/sec)
  Progress: 2360/10000 entities (0.0/sec)
  Progress: 2365/10000 entities (0.0/sec)
  Progress: 2370/10000 entities (0.0/sec)
  Progress: 2375/10000 entities (0.0/sec)
  Progress: 2380/10000 entities (0.0/sec)
  Progress: 2385/10000 entities (0.0/sec)
  Progress: 2390/10000 entities (0.0/sec)
  Progress: 2395/10000 entities (0.0/sec)
  Progress: 2400/10000 entities (0.0/sec)
  Progress: 2405/10000 entities (0.0/sec)
  Progress: 2410/10000 entities (0.0/sec)
  Progress: 2415/10000 entities (0.0/sec)
  Progress: 2420/10000 entities (0.0/sec)
  Progress: 2425/10000 entities (0.0/sec)
  Progress: 2430/10000 entities (0.0/sec)
  Progress: 2435/10000 entities (0.0/sec)
  Progress: 2440/10000 entities (0.0/sec)
  Progress: 2445/10000 entities (0.0/sec)
  Progress: 2450/10000 entities (0.0/sec)
  Progress: 2455/10000 entities (0.0/sec)
  Progress: 2460/10000 entities (0.0/sec)
  Progress: 2465/10000 entities (0.0/sec)
  Progress: 2470/10000 entities (0.0/sec)
  Progress: 2475/10000 entities (0.0/sec)
  Progress: 2480/10000 entities (0.0/sec)
  Progress: 2485/10000 entities (0.0/sec)
  Progress: 2490/10000 entities (0.0/sec)
  Progress: 2495/10000 entities (0.0/sec)
  Progress: 2500/10000 entities (0.0/sec)
  Progress: 2505/10000 entities (0.0/sec)
  Progress: 2510/10000 entities (0.0/sec)
  Progress: 2515/10000 entities (0.0/sec)
  Progress: 2520/10000 entities (0.0/sec)
  Progress: 2525/10000 entities (0.0/sec)
  Progress: 2530/10000 entities (0.0/sec)
  Progress: 2535/10000 entities (0.0/sec)
  Progress: 2540/10000 entities (0.0/sec)
  Progress: 2545/10000 entities (0.0/sec)
  Progress: 2550/10000 entities (0.0/sec)
  Progress: 2555/10000 entities (0.0/sec)
  Progress: 2560/10000 entities (0.0/sec)
  Progress: 2565/10000 entities (0.0/sec)
  Progress: 2570/10000 entities (0.0/sec)
  Progress: 2575/10000 entities (0.0/sec)
  Progress: 2580/10000 entities (0.0/sec)
  Progress: 2585/10000 entities (0.0/sec)
  Progress: 2590/10000 entities (0.0/sec)
  Progress: 2595/10000 entities (0.0/sec)
  Progress: 2600/10000 entities (0.0/sec)
  Progress: 2605/10000 entities (0.0/sec)
  Progress: 2610/10000 entities (0.0/sec)
  Progress: 2615/10000 entities (0.0/sec)
  Progress: 2620/10000 entities (0.0/sec)
  Progress: 2625/10000 entities (0.0/sec)
  Progress: 2630/10000 entities (0.0/sec)
  Progress: 2635/10000 entities (0.0/sec)
  Progress: 2640/10000 entities (0.0/sec)
  Progress: 2645/10000 entities (0.0/sec)
  Progress: 2650/10000 entities (0.0/sec)
  Progress: 2655/10000 entities (0.0/sec)
  Progress: 2660/10000 entities (0.0/sec)
  Progress: 2665/10000 entities (0.0/sec)
  Progress: 2670/10000 entities (0.0/sec)
  Progress: 2675/10000 entities (0.0/sec)
  Progress: 2680/10000 entities (0.0/sec)
  Progress: 2685/10000 entities (0.0/sec)
  Progress: 2690/10000 entities (0.0/sec)
  Progress: 2695/10000 entities (0.0/sec)
  Progress: 2700/10000 entities (0.0/sec)
  Progress: 2705/10000 entities (0.0/sec)
  Progress: 2710/10000 entities (0.0/sec)
  Progress: 2715/10000 entities (0.0/sec)
  Progress: 2720/10000 entities (0.0/sec)
  Progress: 2725/10000 entities (0.0/sec)
  Progress: 2730/10000 entities (0.0/sec)
  Progress: 2735/10000 entities (0.0/sec)
  Progress: 2740/10000 entities (0.0/sec)
  Progress: 2745/10000 entities (0.0/sec)
  Progress: 2750/10000 entities (0.0/sec)
  Progress: 2755/10000 entities (0.0/sec)
  Progress: 2760/10000 entities (0.0/sec)
  Progress: 2765/10000 entities (0.0/sec)
  Progress: 2770/10000 entities (0.0/sec)
  Progress: 2775/10000 entities (0.0/sec)
  Progress: 2780/10000 entities (0.0/sec)
  Progress: 2785/10000 entities (0.0/sec)
  Progress: 2790/10000 entities (0.0/sec)
  Progress: 2795/10000 entities (0.0/sec)
  Progress: 2800/10000 entities (0.0/sec)
  Progress: 2805/10000 entities (0.0/sec)
  Progress: 2810/10000 entities (0.0/sec)
  Progress: 2815/10000 entities (0.0/sec)
  Progress: 2820/10000 entities (0.0/sec)
  Progress: 2825/10000 entities (0.0/sec)
  Progress: 2830/10000 entities (0.0/sec)
  Progress: 2835/10000 entities (0.0/sec)
  Progress: 2840/10000 entities (0.0/sec)
  Progress: 2845/10000 entities (0.0/sec)
  Progress: 2850/10000 entities (0.0/sec)
  Progress: 2855/10000 entities (0.0/sec)
  Progress: 2860/10000 entities (0.0/sec)
  Progress: 2865/10000 entities (0.0/sec)
  Progress: 2870/10000 entities (0.0/sec)
  Progress: 2875/10000 entities (0.0/sec)
  Progress: 2880/10000 entities (0.0/sec)
  Progress: 2885/10000 entities (0.0/sec)
  Progress: 2890/10000 entities (0.0/sec)
  Progress: 2895/10000 entities (0.0/sec)
  Progress: 2900/10000 entities (0.0/sec)
  Progress: 2905/10000 entities (0.0/sec)
  Progress: 2910/10000 entities (0.0/sec)
  Progress: 2915/10000 entities (0.0/sec)
  Progress: 2920/10000 entities (0.0/sec)
  Progress: 2925/10000 entities (0.0/sec)
  Progress: 2930/10000 entities (0.0/sec)
  Progress: 2935/10000 entities (0.0/sec)
  Progress: 2940/10000 entities (0.0/sec)
  Progress: 2945/10000 entities (0.0/sec)
  Progress: 2950/10000 entities (0.0/sec)
  Progress: 2955/10000 entities (0.0/sec)
  Progress: 2960/10000 entities (0.0/sec)
  Progress: 2965/10000 entities (0.0/sec)
  Progress: 2970/10000 entities (0.0/sec)
  Progress: 2975/10000 entities (0.0/sec)
  Progress: 2980/10000 entities (0.0/sec)
  Progress: 2985/10000 entities (0.0/sec)
  Progress: 2990/10000 entities (0.0/sec)
  Progress: 2995/10000 entities (0.0/sec)
  Progress: 3000/10000 entities (0.0/sec)
  Progress: 3005/10000 entities (0.0/sec)
  Progress: 3010/10000 entities (0.0/sec)
  Progress: 3015/10000 entities (0.0/sec)
  Progress: 3020/10000 entities (0.0/sec)
  Progress: 3025/10000 entities (0.0/sec)
  Progress: 3030/10000 entities (0.0/sec)
  Progress: 3035/10000 entities (0.0/sec)
  Progress: 3040/10000 entities (0.0/sec)
  Progress: 3045/10000 entities (0.0/sec)
  Progress: 3050/10000 entities (0.0/sec)
  Progress: 3055/10000 entities (0.0/sec)
  Progress: 3060/10000 entities (0.0/sec)
  Progress: 3065/10000 entities (0.0/sec)
  Progress: 3070/10000 entities (0.0/sec)
  Progress: 3075/10000 entities (0.0/sec)
  Progress: 3080/10000 entities (0.0/sec)
  Progress: 3085/10000 entities (0.0/sec)
  Progress: 3090/10000 entities (0.0/sec)
  Progress: 3095/10000 entities (0.0/sec)
  Progress: 3100/10000 entities (0.0/sec)
  Progress: 3105/10000 entities (0.0/sec)
  Progress: 3110/10000 entities (0.0/sec)
  Progress: 3115/10000 entities (0.0/sec)
  Progress: 3120/10000 entities (0.0/sec)
  Progress: 3125/10000 entities (0.0/sec)
  Progress: 3130/10000 entities (0.0/sec)
  Progress: 3135/10000 entities (0.0/sec)
  Progress: 3140/10000 entities (0.0/sec)
  Progress: 3145/10000 entities (0.0/sec)
  Progress: 3150/10000 entities (0.0/sec)
  Progress: 3155/10000 entities (0.0/sec)
  Progress: 3160/10000 entities (0.0/sec)
  Progress: 3165/10000 entities (0.0/sec)
  Progress: 3170/10000 entities (0.0/sec)
  Progress: 3175/10000 entities (0.0/sec)
  Progress: 3180/10000 entities (0.0/sec)
  Progress: 3185/10000 entities (0.0/sec)
  Progress: 3190/10000 entities (0.0/sec)
  Progress: 3195/10000 entities (0.0/sec)
  Progress: 3200/10000 entities (0.0/sec)
  Progress: 3205/10000 entities (0.0/sec)
  Progress: 3210/10000 entities (0.0/sec)
  Progress: 3215/10000 entities (0.0/sec)
  Progress: 3220/10000 entities (0.0/sec)
  Progress: 3225/10000 entities (0.0/sec)
  Progress: 3230/10000 entities (0.0/sec)
  Progress: 3235/10000 entities (0.0/sec)
  Progress: 3240/10000 entities (0.0/sec)
  Progress: 3245/10000 entities (0.0/sec)
  Progress: 3250/10000 entities (0.0/sec)
  Progress: 3255/10000 entities (0.0/sec)
  Progress: 3260/10000 entities (0.0/sec)
  Progress: 3265/10000 entities (0.0/sec)
  Progress: 3270/10000 entities (0.0/sec)
  Progress: 3275/10000 entities (0.0/sec)
  Progress: 3280/10000 entities (0.0/sec)
  Progress: 3285/10000 entities (0.0/sec)
  Progress: 3290/10000 entities (0.0/sec)
  Progress: 3295/10000 entities (0.0/sec)
  Progress: 3300/10000 entities (0.0/sec)
  Progress: 3305/10000 entities (0.0/sec)
  Progress: 3310/10000 entities (0.0/sec)
  Progress: 3315/10000 entities (0.0/sec)
  Progress: 3320/10000 entities (0.0/sec)
  Progress: 3325/10000 entities (0.0/sec)
  Progress: 3330/10000 entities (0.0/sec)
  Progress: 3335/10000 entities (0.0/sec)
  Progress: 3340/10000 entities (0.0/sec)
  Progress: 3345/10000 entities (0.0/sec)
  Progress: 3350/10000 entities (0.0/sec)
  Progress: 3355/10000 entities (0.0/sec)
  Progress: 3360/10000 entities (0.0/sec)
  Progress: 3365/10000 entities (0.0/sec)
  Progress: 3370/10000 entities (0.0/sec)
  Progress: 3375/10000 entities (0.0/sec)
  Progress: 3380/10000 entities (0.0/sec)
  Progress: 3385/10000 entities (0.0/sec)
  Progress: 3390/10000 entities (0.0/sec)
  Progress: 3395/10000 entities (0.0/sec)
  Progress: 3400/10000 entities (0.0/sec)
  Progress: 3405/10000 entities (0.0/sec)
  Progress: 3410/10000 entities (0.0/sec)
  Progress: 3415/10000 entities (0.0/sec)
  Progress: 3420/10000 entities (0.0/sec)
  Progress: 3425/10000 entities (0.0/sec)
  Progress: 3430/10000 entities (0.0/sec)
  Progress: 3435/10000 entities (0.0/sec)
  Progress: 3440/10000 entities (0.0/sec)
  Progress: 3445/10000 entities (0.0/sec)
  Progress: 3450/10000 entities (0.0/sec)
  Progress: 3455/10000 entities (0.0/sec)
  Progress: 3460/10000 entities (0.0/sec)
  Progress: 3465/10000 entities (0.0/sec)
  Progress: 3470/10000 entities (0.0/sec)
  Progress: 3475/10000 entities (0.0/sec)
  Progress: 3480/10000 entities (0.0/sec)
  Progress: 3485/10000 entities (0.0/sec)
  Progress: 3490/10000 entities (0.0/sec)
  Progress: 3495/10000 entities (0.0/sec)
  Progress: 3500/10000 entities (0.0/sec)
  Progress: 3505/10000 entities (0.0/sec)
  Progress: 3510/10000 entities (0.0/sec)
  Progress: 3515/10000 entities (0.0/sec)
  Progress: 3520/10000 entities (0.0/sec)
  Progress: 3525/10000 entities (0.0/sec)
  Progress: 3530/10000 entities (0.0/sec)
  Progress: 3535/10000 entities (0.0/sec)
  Progress: 3540/10000 entities (0.0/sec)
  Progress: 3545/10000 entities (0.0/sec)
  Progress: 3550/10000 entities (0.0/sec)
  Progress: 3555/10000 entities (0.0/sec)
  Progress: 3560/10000 entities (0.0/sec)
  Progress: 3565/10000 entities (0.0/sec)
  Progress: 3570/10000 entities (0.0/sec)
  Progress: 3575/10000 entities (0.0/sec)
  Progress: 3580/10000 entities (0.0/sec)
  Progress: 3585/10000 entities (0.0/sec)
  Progress: 3590/10000 entities (0.0/sec)
  Progress: 3595/10000 entities (0.0/sec)
  Progress: 3600/10000 entities (0.0/sec)
  Progress: 3605/10000 entities (0.0/sec)
  Progress: 3610/10000 entities (0.0/sec)
  Progress: 3615/10000 entities (0.0/sec)
  Progress: 3620/10000 entities (0.0/sec)
  Progress: 3625/10000 entities (0.0/sec)
  Progress: 3630/10000 entities (0.0/sec)
  Progress: 3635/10000 entities (0.0/sec)
  Progress: 3640/10000 entities (0.0/sec)
  Progress: 3645/10000 entities (0.0/sec)
  Progress: 3650/10000 entities (0.0/sec)
  Progress: 3655/10000 entities (0.0/sec)
  Progress: 3660/10000 entities (0.0/sec)
  Progress: 3665/10000 entities (0.0/sec)
  Progress: 3670/10000 entities (0.0/sec)
  Progress: 3675/10000 entities (0.0/sec)
  Progress: 3680/10000 entities (0.0/sec)
  Progress: 3685/10000 entities (0.0/sec)
  Progress: 3690/10000 entities (0.0/sec)
  Progress: 3695/10000 entities (0.0/sec)
  Progress: 3700/10000 entities (0.0/sec)
  Progress: 3705/10000 entities (0.0/sec)
  Progress: 3710/10000 entities (0.0/sec)
  Progress: 3715/10000 entities (0.0/sec)
  Progress: 3720/10000 entities (0.0/sec)
  Progress: 3725/10000 entities (0.0/sec)
  Progress: 3730/10000 entities (0.0/sec)
  Progress: 3735/10000 entities (0.0/sec)
  Progress: 3740/10000 entities (0.0/sec)
  Progress: 3745/10000 entities (0.0/sec)
  Progress: 3750/10000 entities (0.0/sec)
  Progress: 3755/10000 entities (0.0/sec)
  Progress: 3760/10000 entities (0.0/sec)
  Progress: 3765/10000 entities (0.0/sec)
  Progress: 3770/10000 entities (0.0/sec)
  Progress: 3775/10000 entities (0.0/sec)
  Progress: 3780/10000 entities (0.0/sec)
  Progress: 3785/10000 entities (0.0/sec)
  Progress: 3790/10000 entities (0.0/sec)
  Progress: 3795/10000 entities (0.0/sec)
  Progress: 3800/10000 entities (0.0/sec)
  Progress: 3805/10000 entities (0.0/sec)
  Progress: 3810/10000 entities (0.0/sec)
  Progress: 3815/10000 entities (0.0/sec)
  Progress: 3820/10000 entities (0.0/sec)
  Progress: 3825/10000 entities (0.0/sec)
  Progress: 3830/10000 entities (0.0/sec)
  Progress: 3835/10000 entities (0.0/sec)
  Progress: 3840/10000 entities (0.0/sec)
  Progress: 3845/10000 entities (0.0/sec)
  Progress: 3850/10000 entities (0.0/sec)
  Progress: 3855/10000 entities (0.0/sec)
  Progress: 3860/10000 entities (0.0/sec)
  Progress: 3865/10000 entities (0.0/sec)
  Progress: 3870/10000 entities (0.0/sec)
  Progress: 3875/10000 entities (0.0/sec)
  Progress: 3880/10000 entities (0.0/sec)
  Progress: 3885/10000 entities (0.0/sec)
  Progress: 3890/10000 entities (0.0/sec)
  Progress: 3895/10000 entities (0.0/sec)
  Progress: 3900/10000 entities (0.0/sec)
  Progress: 3905/10000 entities (0.0/sec)
  Progress: 3910/10000 entities (0.0/sec)
  Progress: 3915/10000 entities (0.0/sec)
  Progress: 3920/10000 entities (0.0/sec)
  Progress: 3925/10000 entities (0.0/sec)
  Progress: 3930/10000 entities (0.0/sec)
  Progress: 3935/10000 entities (0.0/sec)
  Progress: 3940/10000 entities (0.0/sec)
  Progress: 3945/10000 entities (0.0/sec)
  Progress: 3950/10000 entities (0.0/sec)
  Progress: 3955/10000 entities (0.0/sec)
  Progress: 3960/10000 entities (0.0/sec)
  Progress: 3965/10000 entities (0.0/sec)
  Progress: 3970/10000 entities (0.0/sec)
  Progress: 3975/10000 entities (0.0/sec)
  Progress: 3980/10000 entities (0.0/sec)
  Progress: 3985/10000 entities (0.0/sec)
  Progress: 3990/10000 entities (0.0/sec)
  Progress: 3995/10000 entities (0.0/sec)
  Progress: 4000/10000 entities (0.0/sec)
  Progress: 4005/10000 entities (0.0/sec)
  Progress: 4010/10000 entities (0.0/sec)
  Progress: 4015/10000 entities (0.0/sec)
  Progress: 4020/10000 entities (0.0/sec)
  Progress: 4025/10000 entities (0.0/sec)
  Progress: 4030/10000 entities (0.0/sec)
  Progress: 4035/10000 entities (0.0/sec)
  Progress: 4040/10000 entities (0.0/sec)
  Progress: 4045/10000 entities (0.0/sec)
  Progress: 4050/10000 entities (0.0/sec)
  Progress: 4055/10000 entities (0.0/sec)
  Progress: 4060/10000 entities (0.0/sec)
  Progress: 4065/10000 entities (0.0/sec)
  Progress: 4070/10000 entities (0.0/sec)
  Progress: 4075/10000 entities (0.0/sec)
  Progress: 4080/10000 entities (0.0/sec)
  Progress: 4085/10000 entities (0.0/sec)
  Progress: 4090/10000 entities (0.0/sec)
  Progress: 4095/10000 entities (0.0/sec)
  Progress: 4100/10000 entities (0.0/sec)
  Progress: 4105/10000 entities (0.0/sec)
  Progress: 4110/10000 entities (0.0/sec)
  Progress: 4115/10000 entities (0.0/sec)
  Progress: 4120/10000 entities (0.0/sec)
  Progress: 4125/10000 entities (0.0/sec)
  Progress: 4130/10000 entities (0.0/sec)
  Progress: 4135/10000 entities (0.0/sec)
  Progress: 4140/10000 entities (0.0/sec)
  Progress: 4145/10000 entities (0.0/sec)
  Progress: 4150/10000 entities (0.0/sec)
  Progress: 4155/10000 entities (0.0/sec)
  Progress: 4160/10000 entities (0.0/sec)
  Progress: 4165/10000 entities (0.0/sec)
  Progress: 4170/10000 entities (0.0/sec)
  Progress: 4175/10000 entities (0.0/sec)
  Progress: 4180/10000 entities (0.0/sec)
  Progress: 4185/10000 entities (0.0/sec)
  Progress: 4190/10000 entities (0.0/sec)
  Progress: 4195/10000 entities (0.0/sec)
  Progress: 4200/10000 entities (0.0/sec)
  Progress: 4205/10000 entities (0.0/sec)
  Progress: 4210/10000 entities (0.0/sec)
  Progress: 4215/10000 entities (0.0/sec)
  Progress: 4220/10000 entities (0.0/sec)
  Progress: 4225/10000 entities (0.0/sec)
  Progress: 4230/10000 entities (0.0/sec)
  Progress: 4235/10000 entities (0.0/sec)
  Progress: 4240/10000 entities (0.0/sec)
  Progress: 4245/10000 entities (0.0/sec)
  Progress: 4250/10000 entities (0.0/sec)
  Progress: 4255/10000 entities (0.0/sec)
  Progress: 4260/10000 entities (0.0/sec)
  Progress: 4265/10000 entities (0.0/sec)
  Progress: 4270/10000 entities (0.0/sec)
  Progress: 4275/10000 entities (0.0/sec)
  Progress: 4280/10000 entities (0.0/sec)
  Progress: 4285/10000 entities (0.0/sec)
  Progress: 4290/10000 entities (0.0/sec)
  Progress: 4295/10000 entities (0.0/sec)
  Progress: 4300/10000 entities (0.0/sec)
  Progress: 4305/10000 entities (0.0/sec)
  Progress: 4310/10000 entities (0.0/sec)
  Progress: 4315/10000 entities (0.0/sec)
  Progress: 4320/10000 entities (0.0/sec)
  Progress: 4325/10000 entities (0.0/sec)
  Progress: 4330/10000 entities (0.0/sec)
  Progress: 4335/10000 entities (0.0/sec)
  Progress: 4340/10000 entities (0.0/sec)
  Progress: 4345/10000 entities (0.0/sec)
  Progress: 4350/10000 entities (0.0/sec)
  Progress: 4355/10000 entities (0.0/sec)
  Progress: 4360/10000 entities (0.0/sec)
  Progress: 4365/10000 entities (0.0/sec)
  Progress: 4370/10000 entities (0.0/sec)
  Progress: 4375/10000 entities (0.0/sec)
  Progress: 4380/10000 entities (0.0/sec)
  Progress: 4385/10000 entities (0.0/sec)
  Progress: 4390/10000 entities (0.0/sec)
  Progress: 4395/10000 entities (0.0/sec)
  Progress: 4400/10000 entities (0.0/sec)
  Progress: 4405/10000 entities (0.0/sec)
  Progress: 4410/10000 entities (0.0/sec)
  Progress: 4415/10000 entities (0.0/sec)
  Progress: 4420/10000 entities (0.0/sec)
  Progress: 4425/10000 entities (0.0/sec)
  Progress: 4430/10000 entities (0.0/sec)
  Progress: 4435/10000 entities (0.0/sec)
  Progress: 4440/10000 entities (0.0/sec)
  Progress: 4445/10000 entities (0.0/sec)
  Progress: 4450/10000 entities (0.0/sec)
  Progress: 4455/10000 entities (0.0/sec)
  Progress: 4460/10000 entities (0.0/sec)
  Progress: 4465/10000 entities (0.0/sec)
  Progress: 4470/10000 entities (0.0/sec)
  Progress: 4475/10000 entities (0.0/sec)
  Progress: 4480/10000 entities (0.0/sec)
  Progress: 4485/10000 entities (0.0/sec)
  Progress: 4490/10000 entities (0.0/sec)
  Progress: 4495/10000 entities (0.0/sec)
  Progress: 4500/10000 entities (0.0/sec)
  Progress: 4505/10000 entities (0.0/sec)
  Progress: 4510/10000 entities (0.0/sec)
  Progress: 4515/10000 entities (0.0/sec)
  Progress: 4520/10000 entities (0.0/sec)
  Progress: 4525/10000 entities (0.0/sec)
  Progress: 4530/10000 entities (0.0/sec)
  Progress: 4535/10000 entities (0.0/sec)
  Progress: 4540/10000 entities (0.0/sec)
  Progress: 4545/10000 entities (0.0/sec)
  Progress: 4550/10000 entities (0.0/sec)
  Progress: 4555/10000 entities (0.0/sec)
  Progress: 4560/10000 entities (0.0/sec)
  Progress: 4565/10000 entities (0.0/sec)
  Progress: 4570/10000 entities (0.0/sec)
  Progress: 4575/10000 entities (0.0/sec)
  Progress: 4580/10000 entities (0.0/sec)
  Progress: 4585/10000 entities (0.0/sec)
  Progress: 4590/10000 entities (0.0/sec)
  Progress: 4595/10000 entities (0.0/sec)
  Progress: 4600/10000 entities (0.0/sec)
  Progress: 4605/10000 entities (0.0/sec)
  Progress: 4610/10000 entities (0.0/sec)
  Progress: 4615/10000 entities (0.0/sec)
  Progress: 4620/10000 entities (0.0/sec)
  Progress: 4625/10000 entities (0.0/sec)
  Progress: 4630/10000 entities (0.0/sec)
  Progress: 4635/10000 entities (0.0/sec)
  Progress: 4640/10000 entities (0.0/sec)
  Progress: 4645/10000 entities (0.0/sec)
  Progress: 4650/10000 entities (0.0/sec)
  Progress: 4655/10000 entities (0.0/sec)
  Progress: 4660/10000 entities (0.0/sec)
  Progress: 4665/10000 entities (0.0/sec)
  Progress: 4670/10000 entities (0.0/sec)
  Progress: 4675/10000 entities (0.0/sec)
  Progress: 4680/10000 entities (0.0/sec)
  Progress: 4685/10000 entities (0.0/sec)
  Progress: 4690/10000 entities (0.0/sec)
  Progress: 4695/10000 entities (0.0/sec)
  Progress: 4700/10000 entities (0.0/sec)
  Progress: 4705/10000 entities (0.0/sec)
  Progress: 4710/10000 entities (0.0/sec)
  Progress: 4715/10000 entities (0.0/sec)
  Progress: 4720/10000 entities (0.0/sec)
  Progress: 4725/10000 entities (0.0/sec)
  Progress: 4730/10000 entities (0.0/sec)
  Progress: 4735/10000 entities (0.0/sec)
  Progress: 4740/10000 entities (0.0/sec)
  Progress: 4745/10000 entities (0.0/sec)
  Progress: 4750/10000 entities (0.0/sec)
  Progress: 4755/10000 entities (0.0/sec)
  Progress: 4760/10000 entities (0.0/sec)
  Progress: 4765/10000 entities (0.0/sec)
  Progress: 4770/10000 entities (0.0/sec)
  Progress: 4775/10000 entities (0.0/sec)
  Progress: 4780/10000 entities (0.0/sec)
  Progress: 4785/10000 entities (0.0/sec)
  Progress: 4790/10000 entities (0.0/sec)
  Progress: 4795/10000 entities (0.0/sec)
  Progress: 4800/10000 entities (0.0/sec)
  Progress: 4805/10000 entities (0.0/sec)
  Progress: 4810/10000 entities (0.0/sec)
  Progress: 4815/10000 entities (0.0/sec)
  Progress: 4820/10000 entities (0.0/sec)
  Progress: 4825/10000 entities (0.0/sec)
  Progress: 4830/10000 entities (0.0/sec)
  Progress: 4835/10000 entities (0.0/sec)
  Progress: 4840/10000 entities (0.0/sec)
  Progress: 4845/10000 entities (0.0/sec)
  Progress: 4850/10000 entities (0.0/sec)
  Progress: 4855/10000 entities (0.0/sec)
  Progress: 4860/10000 entities (0.0/sec)
  Progress: 4865/10000 entities (0.0/sec)
  Progress: 4870/10000 entities (0.0/sec)
  Progress: 4875/10000 entities (0.0/sec)
  Progress: 4880/10000 entities (0.0/sec)
  Progress: 4885/10000 entities (0.0/sec)
  Progress: 4890/10000 entities (0.0/sec)
  Progress: 4895/10000 entities (0.0/sec)
  Progress: 4900/10000 entities (0.0/sec)
  Progress: 4905/10000 entities (0.0/sec)
  Progress: 4910/10000 entities (0.0/sec)
  Progress: 4915/10000 entities (0.0/sec)
  Progress: 4920/10000 entities (0.0/sec)
  Progress: 4925/10000 entities (0.0/sec)
  Progress: 4930/10000 entities (0.0/sec)
  Progress: 4935/10000 entities (0.0/sec)
  Progress: 4940/10000 entities (0.0/sec)
  Progress: 4945/10000 entities (0.0/sec)
  Progress: 4950/10000 entities (0.0/sec)
  Progress: 4955/10000 entities (0.0/sec)
  Progress: 4960/10000 entities (0.0/sec)
  Progress: 4965/10000 entities (0.0/sec)
  Progress: 4970/10000 entities (0.0/sec)
  Progress: 4975/10000 entities (0.0/sec)
  Progress: 4980/10000 entities (0.0/sec)
  Progress: 4985/10000 entities (0.0/sec)
  Progress: 4990/10000 entities (0.0/sec)
  Progress: 4995/10000 entities (0.0/sec)
  Progress: 5000/10000 entities (0.0/sec)
  Progress: 5005/10000 entities (0.0/sec)
  Progress: 5010/10000 entities (0.0/sec)
  Progress: 5015/10000 entities (0.0/sec)
  Progress: 5020/10000 entities (0.0/sec)
  Progress: 5025/10000 entities (0.0/sec)
  Progress: 5030/10000 entities (0.0/sec)
  Progress: 5035/10000 entities (0.0/sec)
  Progress: 5040/10000 entities (0.0/sec)
  Progress: 5045/10000 entities (0.0/sec)
  Progress: 5050/10000 entities (0.0/sec)
  Progress: 5055/10000 entities (0.0/sec)
  Progress: 5060/10000 entities (0.0/sec)
  Progress: 5065/10000 entities (0.0/sec)
  Progress: 5070/10000 entities (0.0/sec)
  Progress: 5075/10000 entities (0.0/sec)
  Progress: 5080/10000 entities (0.0/sec)
  Progress: 5085/10000 entities (0.0/sec)
  Progress: 5090/10000 entities (0.0/sec)
  Progress: 5095/10000 entities (0.0/sec)
  Progress: 5100/10000 entities (0.0/sec)
  Progress: 5105/10000 entities (0.0/sec)
  Progress: 5110/10000 entities (0.0/sec)
  Progress: 5115/10000 entities (0.0/sec)
  Progress: 5120/10000 entities (0.0/sec)
  Progress: 5125/10000 entities (0.0/sec)
  Progress: 5130/10000 entities (0.0/sec)
  Progress: 5135/10000 entities (0.0/sec)
  Progress: 5140/10000 entities (0.0/sec)
  Progress: 5145/10000 entities (0.0/sec)
  Progress: 5150/10000 entities (0.0/sec)
  Progress: 5155/10000 entities (0.0/sec)
  Progress: 5160/10000 entities (0.0/sec)
  Progress: 5165/10000 entities (0.0/sec)
  Progress: 5170/10000 entities (0.0/sec)
  Progress: 5175/10000 entities (0.0/sec)
  Progress: 5180/10000 entities (0.0/sec)
  Progress: 5185/10000 entities (0.0/sec)
  Progress: 5190/10000 entities (0.0/sec)
  Progress: 5195/10000 entities (0.0/sec)
  Progress: 5200/10000 entities (0.0/sec)
  Progress: 5205/10000 entities (0.0/sec)
  Progress: 5210/10000 entities (0.0/sec)
  Progress: 5215/10000 entities (0.0/sec)
  Progress: 5220/10000 entities (0.0/sec)
  Progress: 5225/10000 entities (0.0/sec)
  Progress: 5230/10000 entities (0.0/sec)
  Progress: 5235/10000 entities (0.0/sec)
  Progress: 5240/10000 entities (0.0/sec)
  Progress: 5245/10000 entities (0.0/sec)
  Progress: 5250/10000 entities (0.0/sec)
  Progress: 5255/10000 entities (0.0/sec)
  Progress: 5260/10000 entities (0.0/sec)
  Progress: 5265/10000 entities (0.0/sec)
  Progress: 5270/10000 entities (0.0/sec)
  Progress: 5275/10000 entities (0.0/sec)
  Progress: 5280/10000 entities (0.0/sec)
  Progress: 5285/10000 entities (0.0/sec)
  Progress: 5290/10000 entities (0.0/sec)
  Progress: 5295/10000 entities (0.0/sec)
  Progress: 5300/10000 entities (0.0/sec)
  Progress: 5305/10000 entities (0.0/sec)
  Progress: 5310/10000 entities (0.0/sec)
  Progress: 5315/10000 entities (0.0/sec)
  Progress: 5320/10000 entities (0.0/sec)
  Progress: 5325/10000 entities (0.0/sec)
  Progress: 5330/10000 entities (0.0/sec)
  Progress: 5335/10000 entities (0.0/sec)
  Progress: 5340/10000 entities (0.0/sec)
  Progress: 5345/10000 entities (0.0/sec)
  Progress: 5350/10000 entities (0.0/sec)
  Progress: 5355/10000 entities (0.0/sec)
  Progress: 5360/10000 entities (0.0/sec)
  Progress: 5365/10000 entities (0.0/sec)
  Progress: 5370/10000 entities (0.0/sec)
  Progress: 5375/10000 entities (0.0/sec)
  Progress: 5380/10000 entities (0.0/sec)
  Progress: 5385/10000 entities (0.0/sec)
  Progress: 5390/10000 entities (0.0/sec)
  Progress: 5395/10000 entities (0.0/sec)
  Progress: 5400/10000 entities (0.0/sec)
  Progress: 5405/10000 entities (0.0/sec)
  Progress: 5410/10000 entities (0.0/sec)
  Progress: 5415/10000 entities (0.0/sec)
  Progress: 5420/10000 entities (0.0/sec)
  Progress: 5425/10000 entities (0.0/sec)
  Progress: 5430/10000 entities (0.0/sec)
  Progress: 5435/10000 entities (0.0/sec)
  Progress: 5440/10000 entities (0.0/sec)
  Progress: 5445/10000 entities (0.0/sec)
  Progress: 5450/10000 entities (0.0/sec)
  Progress: 5455/10000 entities (0.0/sec)
  Progress: 5460/10000 entities (0.0/sec)
  Progress: 5465/10000 entities (0.0/sec)
  Progress: 5470/10000 entities (0.0/sec)
  Progress: 5475/10000 entities (0.0/sec)
  Progress: 5480/10000 entities (0.0/sec)
  Progress: 5485/10000 entities (0.0/sec)
  Progress: 5490/10000 entities (0.0/sec)
  Progress: 5495/10000 entities (0.0/sec)
  Progress: 5500/10000 entities (0.0/sec)
  Progress: 5505/10000 entities (0.0/sec)
  Progress: 5510/10000 entities (0.0/sec)
  Progress: 5515/10000 entities (0.0/sec)
  Progress: 5520/10000 entities (0.0/sec)
  Progress: 5525/10000 entities (0.0/sec)
  Progress: 5530/10000 entities (0.0/sec)
  Progress: 5535/10000 entities (0.0/sec)
  Progress: 5540/10000 entities (0.0/sec)
  Progress: 5545/10000 entities (0.0/sec)
  Progress: 5550/10000 entities (0.0/sec)
  Progress: 5555/10000 entities (0.0/sec)
  Progress: 5560/10000 entities (0.0/sec)
  Progress: 5565/10000 entities (0.0/sec)
  Progress: 5570/10000 entities (0.0/sec)
  Progress: 5575/10000 entities (0.0/sec)
  Progress: 5580/10000 entities (0.0/sec)
  Progress: 5585/10000 entities (0.0/sec)
  Progress: 5590/10000 entities (0.0/sec)
  Progress: 5595/10000 entities (0.0/sec)
  Progress: 5600/10000 entities (0.0/sec)
  Progress: 5605/10000 entities (0.0/sec)
  Progress: 5610/10000 entities (0.0/sec)
  Progress: 5615/10000 entities (0.0/sec)
  Progress: 5620/10000 entities (0.0/sec)
  Progress: 5625/10000 entities (0.0/sec)
  Progress: 5630/10000 entities (0.0/sec)
  Progress: 5635/10000 entities (0.0/sec)
  Progress: 5640/10000 entities (0.0/sec)
  Progress: 5645/10000 entities (0.0/sec)
  Progress: 5650/10000 entities (0.0/sec)
  Progress: 5655/10000 entities (0.0/sec)
  Progress: 5660/10000 entities (0.0/sec)
  Progress: 5665/10000 entities (0.0/sec)
  Progress: 5670/10000 entities (0.0/sec)
  Progress: 5675/10000 entities (0.0/sec)
  Progress: 5680/10000 entities (0.0/sec)
  Progress: 5685/10000 entities (0.0/sec)
  Progress: 5690/10000 entities (0.0/sec)
  Progress: 5695/10000 entities (0.0/sec)
  Progress: 5700/10000 entities (0.0/sec)
  Progress: 5705/10000 entities (0.0/sec)
  Progress: 5710/10000 entities (0.0/sec)
  Progress: 5715/10000 entities (0.0/sec)
  Progress: 5720/10000 entities (0.0/sec)
  Progress: 5725/10000 entities (0.0/sec)
  Progress: 5730/10000 entities (0.0/sec)
  Progress: 5735/10000 entities (0.0/sec)
  Progress: 5740/10000 entities (0.0/sec)
  Progress: 5745/10000 entities (0.0/sec)
  Progress: 5750/10000 entities (0.0/sec)
  Progress: 5755/10000 entities (0.0/sec)
  Progress: 5760/10000 entities (0.0/sec)
  Progress: 5765/10000 entities (0.0/sec)
  Progress: 5770/10000 entities (0.0/sec)
  Progress: 5775/10000 entities (0.0/sec)
  Progress: 5780/10000 entities (0.0/sec)
  Progress: 5785/10000 entities (0.0/sec)
  Progress: 5790/10000 entities (0.0/sec)
  Progress: 5795/10000 entities (0.0/sec)
  Progress: 5800/10000 entities (0.0/sec)
  Progress: 5805/10000 entities (0.0/sec)
  Progress: 5810/10000 entities (0.0/sec)
  Progress: 5815/10000 entities (0.0/sec)
  Progress: 5820/10000 entities (0.0/sec)
  Progress: 5825/10000 entities (0.0/sec)
  Progress: 5830/10000 entities (0.0/sec)
  Progress: 5835/10000 entities (0.0/sec)
  Progress: 5840/10000 entities (0.0/sec)
  Progress: 5845/10000 entities (0.0/sec)
  Progress: 5850/10000 entities (0.0/sec)
  Progress: 5855/10000 entities (0.0/sec)
  Progress: 5860/10000 entities (0.0/sec)
  Progress: 5865/10000 entities (0.0/sec)
  Progress: 5870/10000 entities (0.0/sec)
  Progress: 5875/10000 entities (0.0/sec)
  Progress: 5880/10000 entities (0.0/sec)
  Progress: 5885/10000 entities (0.0/sec)
  Progress: 5890/10000 entities (0.0/sec)
  Progress: 5895/10000 entities (0.0/sec)
  Progress: 5900/10000 entities (0.0/sec)
  Progress: 5905/10000 entities (0.0/sec)
  Progress: 5910/10000 entities (0.0/sec)
  Progress: 5915/10000 entities (0.0/sec)
  Progress: 5920/10000 entities (0.0/sec)
  Progress: 5925/10000 entities (0.0/sec)
  Progress: 5930/10000 entities (0.0/sec)
  Progress: 5935/10000 entities (0.0/sec)
  Progress: 5940/10000 entities (0.0/sec)
  Progress: 5945/10000 entities (0.0/sec)
  Progress: 5950/10000 entities (0.0/sec)
  Progress: 5955/10000 entities (0.0/sec)
  Progress: 5960/10000 entities (0.0/sec)
  Progress: 5965/10000 entities (0.0/sec)
  Progress: 5970/10000 entities (0.0/sec)
  Progress: 5975/10000 entities (0.0/sec)
  Progress: 5980/10000 entities (0.0/sec)
  Progress: 5985/10000 entities (0.0/sec)
  Progress: 5990/10000 entities (0.0/sec)
  Progress: 5995/10000 entities (0.0/sec)
  Progress: 6000/10000 entities (0.0/sec)
  Progress: 6005/10000 entities (0.0/sec)
  Progress: 6010/10000 entities (0.0/sec)
  Progress: 6015/10000 entities (0.0/sec)
  Progress: 6020/10000 entities (0.0/sec)
  Progress: 6025/10000 entities (0.0/sec)
  Progress: 6030/10000 entities (0.0/sec)
  Progress: 6035/10000 entities (0.0/sec)
  Progress: 6040/10000 entities (0.0/sec)
  Progress: 6045/10000 entities (0.0/sec)
  Progress: 6050/10000 entities (0.0/sec)
  Progress: 6055/10000 entities (0.0/sec)
  Progress: 6060/10000 entities (0.0/sec)
  Progress: 6065/10000 entities (0.0/sec)
  Progress: 6070/10000 entities (0.0/sec)
  Progress: 6075/10000 entities (0.0/sec)
  Progress: 6080/10000 entities (0.0/sec)
  Progress: 6085/10000 entities (0.0/sec)
  Progress: 6090/10000 entities (0.0/sec)
  Progress: 6095/10000 entities (0.0/sec)
  Progress: 6100/10000 entities (0.0/sec)
  Progress: 6105/10000 entities (0.0/sec)
  Progress: 6110/10000 entities (0.0/sec)
  Progress: 6115/10000 entities (0.0/sec)
  Progress: 6120/10000 entities (0.0/sec)
  Progress: 6125/10000 entities (0.0/sec)
  Progress: 6130/10000 entities (0.0/sec)
  Progress: 6135/10000 entities (0.0/sec)
  Progress: 6140/10000 entities (0.0/sec)
  Progress: 6145/10000 entities (0.0/sec)
  Progress: 6150/10000 entities (0.0/sec)
  Progress: 6155/10000 entities (0.0/sec)
  Progress: 6160/10000 entities (0.0/sec)
  Progress: 6165/10000 entities (0.0/sec)
  Progress: 6170/10000 entities (0.0/sec)
  Progress: 6175/10000 entities (0.0/sec)
  Progress: 6180/10000 entities (0.0/sec)
  Progress: 6185/10000 entities (0.0/sec)
  Progress: 6190/10000 entities (0.0/sec)
  Progress: 6195/10000 entities (0.0/sec)
  Progress: 6200/10000 entities (0.0/sec)
  Progress: 6205/10000 entities (0.0/sec)
  Progress: 6210/10000 entities (0.0/sec)
  Progress: 6215/10000 entities (0.0/sec)
  Progress: 6220/10000 entities (0.0/sec)
  Progress: 6225/10000 entities (0.0/sec)
  Progress: 6230/10000 entities (0.0/sec)
  Progress: 6235/10000 entities (0.0/sec)
  Progress: 6240/10000 entities (0.0/sec)
  Progress: 6245/10000 entities (0.0/sec)
  Progress: 6250/10000 entities (0.0/sec)
  Progress: 6255/10000 entities (0.0/sec)
  Progress: 6260/10000 entities (0.0/sec)
  Progress: 6265/10000 entities (0.0/sec)
  Progress: 6270/10000 entities (0.0/sec)
  Progress: 6275/10000 entities (0.0/sec)
  Progress: 6280/10000 entities (0.0/sec)
  Progress: 6285/10000 entities (0.0/sec)
  Progress: 6290/10000 entities (0.0/sec)
  Progress: 6295/10000 entities (0.0/sec)
  Progress: 6300/10000 entities (0.0/sec)
  Progress: 6305/10000 entities (0.0/sec)
  Progress: 6310/10000 entities (0.0/sec)
  Progress: 6315/10000 entities (0.0/sec)
  Progress: 6320/10000 entities (0.0/sec)
  Progress: 6325/10000 entities (0.0/sec)
  Progress: 6330/10000 entities (0.0/sec)
  Progress: 6335/10000 entities (0.0/sec)
  Progress: 6340/10000 entities (0.0/sec)
  Progress: 6345/10000 entities (0.0/sec)
  Progress: 6350/10000 entities (0.0/sec)
  Progress: 6355/10000 entities (0.0/sec)
  Progress: 6360/10000 entities (0.0/sec)
  Progress: 6365/10000 entities (0.0/sec)
  Progress: 6370/10000 entities (0.0/sec)
  Progress: 6375/10000 entities (0.0/sec)
  Progress: 6380/10000 entities (0.0/sec)
  Progress: 6385/10000 entities (0.0/sec)
  Progress: 6390/10000 entities (0.0/sec)
  Progress: 6395/10000 entities (0.0/sec)
  Progress: 6400/10000 entities (0.0/sec)
  Progress: 6405/10000 entities (0.0/sec)
  Progress: 6410/10000 entities (0.0/sec)
  Progress: 6415/10000 entities (0.0/sec)
  Progress: 6420/10000 entities (0.0/sec)
  Progress: 6425/10000 entities (0.0/sec)
  Progress: 6430/10000 entities (0.0/sec)
  Progress: 6435/10000 entities (0.0/sec)
  Progress: 6440/10000 entities (0.0/sec)
  Progress: 6445/10000 entities (0.0/sec)
  Progress: 6450/10000 entities (0.0/sec)
  Progress: 6455/10000 entities (0.0/sec)
  Progress: 6460/10000 entities (0.0/sec)
  Progress: 6465/10000 entities (0.0/sec)
  Progress: 6470/10000 entities (0.0/sec)
  Progress: 6475/10000 entities (0.0/sec)
  Progress: 6480/10000 entities (0.0/sec)
  Progress: 6485/10000 entities (0.0/sec)
  Progress: 6490/10000 entities (0.0/sec)
  Progress: 6495/10000 entities (0.0/sec)
  Progress: 6500/10000 entities (0.0/sec)
  Progress: 6505/10000 entities (0.0/sec)
  Progress: 6510/10000 entities (0.0/sec)
  Progress: 6515/10000 entities (0.0/sec)
  Progress: 6520/10000 entities (0.0/sec)
  Progress: 6525/10000 entities (0.0/sec)
  Progress: 6530/10000 entities (0.0/sec)
  Progress: 6535/10000 entities (0.0/sec)
  Progress: 6540/10000 entities (0.0/sec)
  Progress: 6545/10000 entities (0.0/sec)
  Progress: 6550/10000 entities (0.0/sec)
  Progress: 6555/10000 entities (0.0/sec)
  Progress: 6560/10000 entities (0.0/sec)
  Progress: 6565/10000 entities (0.0/sec)
  Progress: 6570/10000 entities (0.0/sec)
  Progress: 6575/10000 entities (0.0/sec)
  Progress: 6580/10000 entities (0.0/sec)
  Progress: 6585/10000 entities (0.0/sec)
  Progress: 6590/10000 entities (0.0/sec)
  Progress: 6595/10000 entities (0.0/sec)
  Progress: 6600/10000 entities (0.0/sec)
  Progress: 6605/10000 entities (0.0/sec)
  Progress: 6610/10000 entities (0.0/sec)
  Progress: 6615/10000 entities (0.0/sec)
  Progress: 6620/10000 entities (0.0/sec)
  Progress: 6625/10000 entities (0.0/sec)
  Progress: 6630/10000 entities (0.0/sec)
  Progress: 6635/10000 entities (0.0/sec)
  Progress: 6640/10000 entities (0.0/sec)
  Progress: 6645/10000 entities (0.0/sec)
  Progress: 6650/10000 entities (0.0/sec)
  Progress: 6655/10000 entities (0.0/sec)
  Progress: 6660/10000 entities (0.0/sec)
  Progress: 6665/10000 entities (0.0/sec)
  Progress: 6670/10000 entities (0.0/sec)
  Progress: 6675/10000 entities (0.0/sec)
  Progress: 6680/10000 entities (0.0/sec)
  Progress: 6685/10000 entities (0.0/sec)
  Progress: 6690/10000 entities (0.0/sec)
  Progress: 6695/10000 entities (0.0/sec)
  Progress: 6700/10000 entities (0.0/sec)
  Progress: 6705/10000 entities (0.0/sec)
  Progress: 6710/10000 entities (0.0/sec)
  Progress: 6715/10000 entities (0.0/sec)
  Progress: 6720/10000 entities (0.0/sec)
  Progress: 6725/10000 entities (0.0/sec)
  Progress: 6730/10000 entities (0.0/sec)
  Progress: 6735/10000 entities (0.0/sec)
  Progress: 6740/10000 entities (0.0/sec)
  Progress: 6745/10000 entities (0.0/sec)
  Progress: 6750/10000 entities (0.0/sec)
  Progress: 6755/10000 entities (0.0/sec)
  Progress: 6760/10000 entities (0.0/sec)
  Progress: 6765/10000 entities (0.0/sec)
  Progress: 6770/10000 entities (0.0/sec)
  Progress: 6775/10000 entities (0.0/sec)
  Progress: 6780/10000 entities (0.0/sec)
  Progress: 6785/10000 entities (0.0/sec)
  Progress: 6790/10000 entities (0.0/sec)
  Progress: 6795/10000 entities (0.0/sec)
  Progress: 6800/10000 entities (0.0/sec)
  Progress: 6805/10000 entities (0.0/sec)
  Progress: 6810/10000 entities (0.0/sec)
  Progress: 6815/10000 entities (0.0/sec)
  Progress: 6820/10000 entities (0.0/sec)
  Progress: 6825/10000 entities (0.0/sec)
  Progress: 6830/10000 entities (0.0/sec)
  Progress: 6835/10000 entities (0.0/sec)
  Progress: 6840/10000 entities (0.0/sec)
  Progress: 6845/10000 entities (0.0/sec)
  Progress: 6850/10000 entities (0.0/sec)
  Progress: 6855/10000 entities (0.0/sec)
  Progress: 6860/10000 entities (0.0/sec)
  Progress: 6865/10000 entities (0.0/sec)
  Progress: 6870/10000 entities (0.0/sec)
  Progress: 6875/10000 entities (0.0/sec)
  Progress: 6880/10000 entities (0.0/sec)
  Progress: 6885/10000 entities (0.0/sec)
  Progress: 6890/10000 entities (0.0/sec)
  Progress: 6895/10000 entities (0.0/sec)
  Progress: 6900/10000 entities (0.0/sec)
  Progress: 6905/10000 entities (0.0/sec)
  Progress: 6910/10000 entities (0.0/sec)
  Progress: 6915/10000 entities (0.0/sec)
  Progress: 6920/10000 entities (0.0/sec)
  Progress: 6925/10000 entities (0.0/sec)
  Progress: 6930/10000 entities (0.0/sec)
  Progress: 6935/10000 entities (0.0/sec)
  Progress: 6940/10000 entities (0.0/sec)
  Progress: 6945/10000 entities (0.0/sec)
  Progress: 6950/10000 entities (0.0/sec)
  Progress: 6955/10000 entities (0.0/sec)
  Progress: 6960/10000 entities (0.0/sec)
  Progress: 6965/10000 entities (0.0/sec)
  Progress: 6970/10000 entities (0.0/sec)
  Progress: 6975/10000 entities (0.0/sec)
  Progress: 6980/10000 entities (0.0/sec)
  Progress: 6985/10000 entities (0.0/sec)
  Progress: 6990/10000 entities (0.0/sec)
  Progress: 6995/10000 entities (0.0/sec)
  Progress: 7000/10000 entities (0.0/sec)
  Progress: 7005/10000 entities (0.0/sec)
  Progress: 7010/10000 entities (0.0/sec)
  Progress: 7015/10000 entities (0.0/sec)
  Progress: 7020/10000 entities (0.0/sec)
  Progress: 7025/10000 entities (0.0/sec)
  Progress: 7030/10000 entities (0.0/sec)
  Progress: 7035/10000 entities (0.0/sec)
  Progress: 7040/10000 entities (0.0/sec)
  Progress: 7045/10000 entities (0.0/sec)
  Progress: 7050/10000 entities (0.0/sec)
  Progress: 7055/10000 entities (0.0/sec)
  Progress: 7060/10000 entities (0.0/sec)
  Progress: 7065/10000 entities (0.0/sec)
  Progress: 7070/10000 entities (0.0/sec)
  Progress: 7075/10000 entities (0.0/sec)
  Progress: 7080/10000 entities (0.0/sec)
  Progress: 7085/10000 entities (0.0/sec)
  Progress: 7090/10000 entities (0.0/sec)
  Progress: 7095/10000 entities (0.0/sec)
  Progress: 7100/10000 entities (0.0/sec)
  Progress: 7105/10000 entities (0.0/sec)
  Progress: 7110/10000 entities (0.0/sec)
  Progress: 7115/10000 entities (0.0/sec)
  Progress: 7120/10000 entities (0.0/sec)
  Progress: 7125/10000 entities (0.0/sec)
  Progress: 7130/10000 entities (0.0/sec)
  Progress: 7135/10000 entities (0.0/sec)
  Progress: 7140/10000 entities (0.0/sec)
  Progress: 7145/10000 entities (0.0/sec)
  Progress: 7150/10000 entities (0.0/sec)
  Progress: 7155/10000 entities (0.0/sec)
  Progress: 7160/10000 entities (0.0/sec)
  Progress: 7165/10000 entities (0.0/sec)
  Progress: 7170/10000 entities (0.0/sec)
  Progress: 7175/10000 entities (0.0/sec)
  Progress: 7180/10000 entities (0.0/sec)
  Progress: 7185/10000 entities (0.0/sec)
  Progress: 7190/10000 entities (0.0/sec)
  Progress: 7195/10000 entities (0.0/sec)
  Progress: 7200/10000 entities (0.0/sec)
  Progress: 7205/10000 entities (0.0/sec)
  Progress: 7210/10000 entities (0.0/sec)
  Progress: 7215/10000 entities (0.0/sec)
  Progress: 7220/10000 entities (0.0/sec)
  Progress: 7225/10000 entities (0.0/sec)
  Progress: 7230/10000 entities (0.0/sec)
  Progress: 7235/10000 entities (0.0/sec)
  Progress: 7240/10000 entities (0.0/sec)
  Progress: 7245/10000 entities (0.0/sec)
  Progress: 7250/10000 entities (0.0/sec)
  Progress: 7255/10000 entities (0.0/sec)
  Progress: 7260/10000 entities (0.0/sec)
  Progress: 7265/10000 entities (0.0/sec)
  Progress: 7270/10000 entities (0.0/sec)
  Progress: 7275/10000 entities (0.0/sec)
  Progress: 7280/10000 entities (0.0/sec)
  Progress: 7285/10000 entities (0.0/sec)
  Progress: 7290/10000 entities (0.0/sec)
  Progress: 7295/10000 entities (0.0/sec)
  Progress: 7300/10000 entities (0.0/sec)
  Progress: 7305/10000 entities (0.0/sec)
  Progress: 7310/10000 entities (0.0/sec)
  Progress: 7315/10000 entities (0.0/sec)
  Progress: 7320/10000 entities (0.0/sec)
  Progress: 7325/10000 entities (0.0/sec)
  Progress: 7330/10000 entities (0.0/sec)
  Progress: 7335/10000 entities (0.0/sec)
  Progress: 7340/10000 entities (0.0/sec)
  Progress: 7345/10000 entities (0.0/sec)
  Progress: 7350/10000 entities (0.0/sec)
  Progress: 7355/10000 entities (0.0/sec)
  Progress: 7360/10000 entities (0.0/sec)
  Progress: 7365/10000 entities (0.0/sec)
  Progress: 7370/10000 entities (0.0/sec)
  Progress: 7375/10000 entities (0.0/sec)
  Progress: 7380/10000 entities (0.0/sec)
  Progress: 7385/10000 entities (0.0/sec)
  Progress: 7390/10000 entities (0.0/sec)
  Progress: 7395/10000 entities (0.0/sec)
  Progress: 7400/10000 entities (0.0/sec)
  Progress: 7405/10000 entities (0.0/sec)
  Progress: 7410/10000 entities (0.0/sec)
  Progress: 7415/10000 entities (0.0/sec)
  Progress: 7420/10000 entities (0.0/sec)
  Progress: 7425/10000 entities (0.0/sec)
  Progress: 7430/10000 entities (0.0/sec)
  Progress: 7435/10000 entities (0.0/sec)
  Progress: 7440/10000 entities (0.0/sec)
  Progress: 7445/10000 entities (0.0/sec)
  Progress: 7450/10000 entities (0.0/sec)
  Progress: 7455/10000 entities (0.0/sec)
  Progress: 7460/10000 entities (0.0/sec)
  Progress: 7465/10000 entities (0.0/sec)
  Progress: 7470/10000 entities (0.0/sec)
  Progress: 7475/10000 entities (0.0/sec)
  Progress: 7480/10000 entities (0.0/sec)
  Progress: 7485/10000 entities (0.0/sec)
  Progress: 7490/10000 entities (0.0/sec)
  Progress: 7495/10000 entities (0.0/sec)
  Progress: 7500/10000 entities (0.0/sec)
  Progress: 7505/10000 entities (0.0/sec)
  Progress: 7510/10000 entities (0.0/sec)
  Progress: 7515/10000 entities (0.0/sec)
  Progress: 7520/10000 entities (0.0/sec)
  Progress: 7525/10000 entities (0.0/sec)
  Progress: 7530/10000 entities (0.0/sec)
  Progress: 7535/10000 entities (0.0/sec)
  Progress: 7540/10000 entities (0.0/sec)
  Progress: 7545/10000 entities (0.0/sec)
  Progress: 7550/10000 entities (0.0/sec)
  Progress: 7555/10000 entities (0.0/sec)
  Progress: 7560/10000 entities (0.0/sec)
  Progress: 7565/10000 entities (0.0/sec)
  Progress: 7570/10000 entities (0.0/sec)
  Progress: 7575/10000 entities (0.0/sec)
  Progress: 7580/10000 entities (0.0/sec)
  Progress: 7585/10000 entities (0.0/sec)
  Progress: 7590/10000 entities (0.0/sec)
  Progress: 7595/10000 entities (0.0/sec)
  Progress: 7600/10000 entities (0.0/sec)
  Progress: 7605/10000 entities (0.0/sec)
  Progress: 7610/10000 entities (0.0/sec)
  Progress: 7615/10000 entities (0.0/sec)
  Progress: 7620/10000 entities (0.0/sec)
  Progress: 7625/10000 entities (0.0/sec)
  Progress: 7630/10000 entities (0.0/sec)
  Progress: 7635/10000 entities (0.0/sec)
  Progress: 7640/10000 entities (0.0/sec)
  Progress: 7645/10000 entities (0.0/sec)
  Progress: 7650/10000 entities (0.0/sec)
  Progress: 7655/10000 entities (0.0/sec)
  Progress: 7660/10000 entities (0.0/sec)
  Progress: 7665/10000 entities (0.0/sec)
  Progress: 7670/10000 entities (0.0/sec)
  Progress: 7675/10000 entities (0.0/sec)
  Progress: 7680/10000 entities (0.0/sec)
  Progress: 7685/10000 entities (0.0/sec)
  Progress: 7690/10000 entities (0.0/sec)
  Progress: 7695/10000 entities (0.0/sec)
  Progress: 7700/10000 entities (0.0/sec)
  Progress: 7705/10000 entities (0.0/sec)
  Progress: 7710/10000 entities (0.0/sec)
  Progress: 7715/10000 entities (0.0/sec)
  Progress: 7720/10000 entities (0.0/sec)
  Progress: 7725/10000 entities (0.0/sec)
  Progress: 7730/10000 entities (0.0/sec)
  Progress: 7735/10000 entities (0.0/sec)
  Progress: 7740/10000 entities (0.0/sec)
  Progress: 7745/10000 entities (0.0/sec)
  Progress: 7750/10000 entities (0.0/sec)
  Progress: 7755/10000 entities (0.0/sec)
  Progress: 7760/10000 entities (0.0/sec)
  Progress: 7765/10000 entities (0.0/sec)
  Progress: 7770/10000 entities (0.0/sec)
  Progress: 7775/10000 entities (0.0/sec)
  Progress: 7780/10000 entities (0.0/sec)
  Progress: 7785/10000 entities (0.0/sec)
  Progress: 7790/10000 entities (0.0/sec)
  Progress: 7795/10000 entities (0.0/sec)
  Progress: 7800/10000 entities (0.0/sec)
  Progress: 7805/10000 entities (0.0/sec)
  Progress: 7810/10000 entities (0.0/sec)
  Progress: 7815/10000 entities (0.0/sec)
  Progress: 7820/10000 entities (0.0/sec)
  Progress: 7825/10000 entities (0.0/sec)
  Progress: 7830/10000 entities (0.0/sec)
  Progress: 7835/10000 entities (0.0/sec)
  Progress: 7840/10000 entities (0.0/sec)
  Progress: 7845/10000 entities (0.0/sec)
  Progress: 7850/10000 entities (0.0/sec)
  Progress: 7855/10000 entities (0.0/sec)
  Progress: 7860/10000 entities (0.0/sec)
  Progress: 7865/10000 entities (0.0/sec)
  Progress: 7870/10000 entities (0.0/sec)
  Progress: 7875/10000 entities (0.0/sec)
  Progress: 7880/10000 entities (0.0/sec)
  Progress: 7885/10000 entities (0.0/sec)
  Progress: 7890/10000 entities (0.0/sec)
  Progress: 7895/10000 entities (0.0/sec)
  Progress: 7900/10000 entities (0.0/sec)
  Progress: 7905/10000 entities (0.0/sec)
  Progress: 7910/10000 entities (0.0/sec)
  Progress: 7915/10000 entities (0.0/sec)
  Progress: 7920/10000 entities (0.0/sec)
  Progress: 7925/10000 entities (0.0/sec)
  Progress: 7930/10000 entities (0.0/sec)
  Progress: 7935/10000 entities (0.0/sec)
  Progress: 7940/10000 entities (0.0/sec)
  Progress: 7945/10000 entities (0.0/sec)
  Progress: 7950/10000 entities (0.0/sec)
  Progress: 7955/10000 entities (0.0/sec)
  Progress: 7960/10000 entities (0.0/sec)
  Progress: 7965/10000 entities (0.0/sec)
  Progress: 7970/10000 entities (0.0/sec)
  Progress: 7975/10000 entities (0.0/sec)
  Progress: 7980/10000 entities (0.0/sec)
  Progress: 7985/10000 entities (0.0/sec)
  Progress: 7990/10000 entities (0.0/sec)
  Progress: 7995/10000 entities (0.0/sec)
  Progress: 8000/10000 entities (0.0/sec)
  Progress: 8005/10000 entities (0.0/sec)
  Progress: 8010/10000 entities (0.0/sec)
  Progress: 8015/10000 entities (0.0/sec)
  Progress: 8020/10000 entities (0.0/sec)
  Progress: 8025/10000 entities (0.0/sec)
  Progress: 8030/10000 entities (0.0/sec)
  Progress: 8035/10000 entities (0.0/sec)
  Progress: 8040/10000 entities (0.0/sec)
  Progress: 8045/10000 entities (0.0/sec)
  Progress: 8050/10000 entities (0.0/sec)
  Progress: 8055/10000 entities (0.0/sec)
  Progress: 8060/10000 entities (0.0/sec)
  Progress: 8065/10000 entities (0.0/sec)
  Progress: 8070/10000 entities (0.0/sec)
  Progress: 8075/10000 entities (0.0/sec)
  Progress: 8080/10000 entities (0.0/sec)
  Progress: 8085/10000 entities (0.0/sec)
  Progress: 8090/10000 entities (0.0/sec)
  Progress: 8095/10000 entities (0.0/sec)
  Progress: 8100/10000 entities (0.0/sec)
  Progress: 8105/10000 entities (0.0/sec)
  Progress: 8110/10000 entities (0.0/sec)
  Progress: 8115/10000 entities (0.0/sec)
  Progress: 8120/10000 entities (0.0/sec)
  Progress: 8125/10000 entities (0.0/sec)
  Progress: 8130/10000 entities (0.0/sec)
  Progress: 8135/10000 entities (0.0/sec)
  Progress: 8140/10000 entities (0.0/sec)
  Progress: 8145/10000 entities (0.0/sec)
  Progress: 8150/10000 entities (0.0/sec)
  Progress: 8155/10000 entities (0.0/sec)
  Progress: 8160/10000 entities (0.0/sec)
  Progress: 8165/10000 entities (0.0/sec)
  Progress: 8170/10000 entities (0.0/sec)
  Progress: 8175/10000 entities (0.0/sec)
  Progress: 8180/10000 entities (0.0/sec)
  Progress: 8185/10000 entities (0.0/sec)
  Progress: 8190/10000 entities (0.0/sec)
  Progress: 8195/10000 entities (0.0/sec)
  Progress: 8200/10000 entities (0.0/sec)
  Progress: 8205/10000 entities (0.0/sec)
  Progress: 8210/10000 entities (0.0/sec)
  Progress: 8215/10000 entities (0.0/sec)
  Progress: 8220/10000 entities (0.0/sec)
  Progress: 8225/10000 entities (0.0/sec)
  Progress: 8230/10000 entities (0.0/sec)
  Progress: 8235/10000 entities (0.0/sec)
  Progress: 8240/10000 entities (0.0/sec)
  Progress: 8245/10000 entities (0.0/sec)
  Progress: 8250/10000 entities (0.0/sec)
  Progress: 8255/10000 entities (0.0/sec)
  Progress: 8260/10000 entities (0.0/sec)
  Progress: 8265/10000 entities (0.0/sec)
  Progress: 8270/10000 entities (0.0/sec)
  Progress: 8275/10000 entities (0.0/sec)
  Progress: 8280/10000 entities (0.0/sec)
  Progress: 8285/10000 entities (0.0/sec)
  Progress: 8290/10000 entities (0.0/sec)
  Progress: 8295/10000 entities (0.0/sec)
  Progress: 8300/10000 entities (0.0/sec)
  Progress: 8305/10000 entities (0.0/sec)
  Progress: 8310/10000 entities (0.0/sec)
  Progress: 8315/10000 entities (0.0/sec)
  Progress: 8320/10000 entities (0.0/sec)
  Progress: 8325/10000 entities (0.0/sec)
  Progress: 8330/10000 entities (0.0/sec)
  Progress: 8335/10000 entities (0.0/sec)
  Progress: 8340/10000 entities (0.0/sec)
  Progress: 8345/10000 entities (0.0/sec)
  Progress: 8350/10000 entities (0.0/sec)
  Progress: 8355/10000 entities (0.0/sec)
  Progress: 8360/10000 entities (0.0/sec)
  Progress: 8365/10000 entities (0.0/sec)
  Progress: 8370/10000 entities (0.0/sec)
  Progress: 8375/10000 entities (0.0/sec)
  Progress: 8380/10000 entities (0.0/sec)
  Progress: 8385/10000 entities (0.0/sec)
  Progress: 8390/10000 entities (0.0/sec)
  Progress: 8395/10000 entities (0.0/sec)
  Progress: 8400/10000 entities (0.0/sec)
  Progress: 8405/10000 entities (0.0/sec)
  Progress: 8410/10000 entities (0.0/sec)
  Progress: 8415/10000 entities (0.0/sec)
  Progress: 8420/10000 entities (0.0/sec)
  Progress: 8425/10000 entities (0.0/sec)
  Progress: 8430/10000 entities (0.0/sec)
  Progress: 8435/10000 entities (0.0/sec)
  Progress: 8440/10000 entities (0.0/sec)
  Progress: 8445/10000 entities (0.0/sec)
  Progress: 8450/10000 entities (0.0/sec)
  Progress: 8455/10000 entities (0.0/sec)
  Progress: 8460/10000 entities (0.0/sec)
  Progress: 8465/10000 entities (0.0/sec)
  Progress: 8470/10000 entities (0.0/sec)
  Progress: 8475/10000 entities (0.0/sec)
  Progress: 8480/10000 entities (0.0/sec)
  Progress: 8485/10000 entities (0.0/sec)
  Progress: 8490/10000 entities (0.0/sec)
  Progress: 8495/10000 entities (0.0/sec)
  Progress: 8500/10000 entities (0.0/sec)
  Progress: 8505/10000 entities (0.0/sec)
  Progress: 8510/10000 entities (0.0/sec)
  Progress: 8515/10000 entities (0.0/sec)
  Progress: 8520/10000 entities (0.0/sec)
  Progress: 8525/10000 entities (0.0/sec)
  Progress: 8530/10000 entities (0.0/sec)
  Progress: 8535/10000 entities (0.0/sec)
  Progress: 8540/10000 entities (0.0/sec)
  Progress: 8545/10000 entities (0.0/sec)
  Progress: 8550/10000 entities (0.0/sec)
  Progress: 8555/10000 entities (0.0/sec)
  Progress: 8560/10000 entities (0.0/sec)
  Progress: 8565/10000 entities (0.0/sec)
  Progress: 8570/10000 entities (0.0/sec)
  Progress: 8575/10000 entities (0.0/sec)
  Progress: 8580/10000 entities (0.0/sec)
  Progress: 8585/10000 entities (0.0/sec)
  Progress: 8590/10000 entities (0.0/sec)
  Progress: 8595/10000 entities (0.0/sec)
  Progress: 8600/10000 entities (0.0/sec)
  Progress: 8605/10000 entities (0.0/sec)
  Progress: 8610/10000 entities (0.0/sec)
  Progress: 8615/10000 entities (0.0/sec)
  Progress: 8620/10000 entities (0.0/sec)
  Progress: 8625/10000 entities (0.0/sec)
  Progress: 8630/10000 entities (0.0/sec)
  Progress: 8635/10000 entities (0.0/sec)
  Progress: 8640/10000 entities (0.0/sec)
  Progress: 8645/10000 entities (0.0/sec)
  Progress: 8650/10000 entities (0.0/sec)
  Progress: 8655/10000 entities (0.0/sec)
  Progress: 8660/10000 entities (0.0/sec)
  Progress: 8665/10000 entities (0.0/sec)
  Progress: 8670/10000 entities (0.0/sec)
  Progress: 8675/10000 entities (0.0/sec)
  Progress: 8680/10000 entities (0.0/sec)
  Progress: 8685/10000 entities (0.0/sec)
  Progress: 8690/10000 entities (0.0/sec)
  Progress: 8695/10000 entities (0.0/sec)
  Progress: 8700/10000 entities (0.0/sec)
  Progress: 8705/10000 entities (0.0/sec)
  Progress: 8710/10000 entities (0.0/sec)
  Progress: 8715/10000 entities (0.0/sec)
  Progress: 8720/10000 entities (0.0/sec)
  Progress: 8725/10000 entities (0.0/sec)
  Progress: 8730/10000 entities (0.0/sec)
  Progress: 8735/10000 entities (0.0/sec)
  Progress: 8740/10000 entities (0.0/sec)
  Progress: 8745/10000 entities (0.0/sec)
  Progress: 8750/10000 entities (0.0/sec)
  Progress: 8755/10000 entities (0.0/sec)
  Progress: 8760/10000 entities (0.0/sec)
  Progress: 8765/10000 entities (0.0/sec)
  Progress: 8770/10000 entities (0.0/sec)
  Progress: 8775/10000 entities (0.0/sec)
  Progress: 8780/10000 entities (0.0/sec)
  Progress: 8785/10000 entities (0.0/sec)
  Progress: 8790/10000 entities (0.0/sec)
  Progress: 8795/10000 entities (0.0/sec)
  Progress: 8800/10000 entities (0.0/sec)
  Progress: 8805/10000 entities (0.0/sec)
  Progress: 8810/10000 entities (0.0/sec)
  Progress: 8815/10000 entities (0.0/sec)
  Progress: 8820/10000 entities (0.0/sec)
  Progress: 8825/10000 entities (0.0/sec)
  Progress: 8830/10000 entities (0.0/sec)
  Progress: 8835/10000 entities (0.0/sec)
  Progress: 8840/10000 entities (0.0/sec)
  Progress: 8845/10000 entities (0.0/sec)
  Progress: 8850/10000 entities (0.0/sec)
  Progress: 8855/10000 entities (0.0/sec)
  Progress: 8860/10000 entities (0.0/sec)
  Progress: 8865/10000 entities (0.0/sec)
  Progress: 8870/10000 entities (0.0/sec)
  Progress: 8875/10000 entities (0.0/sec)
  Progress: 8880/10000 entities (0.0/sec)
  Progress: 8885/10000 entities (0.0/sec)
  Progress: 8890/10000 entities (0.0/sec)
  Progress: 8895/10000 entities (0.0/sec)
  Progress: 8900/10000 entities (0.0/sec)
  Progress: 8905/10000 entities (0.0/sec)
  Progress: 8910/10000 entities (0.0/sec)
  Progress: 8915/10000 entities (0.0/sec)
  Progress: 8920/10000 entities (0.0/sec)
  Progress: 8925/10000 entities (0.0/sec)
  Progress: 8930/10000 entities (0.0/sec)
  Progress: 8935/10000 entities (0.0/sec)
  Progress: 8940/10000 entities (0.0/sec)
  Progress: 8945/10000 entities (0.0/sec)
  Progress: 8950/10000 entities (0.0/sec)
  Progress: 8955/10000 entities (0.0/sec)
  Progress: 8960/10000 entities (0.0/sec)
  Progress: 8965/10000 entities (0.0/sec)
  Progress: 8970/10000 entities (0.0/sec)
  Progress: 8975/10000 entities (0.0/sec)
  Progress: 8980/10000 entities (0.0/sec)
  Progress: 8985/10000 entities (0.0/sec)
  Progress: 8990/10000 entities (0.0/sec)
  Progress: 8995/10000 entities (0.0/sec)
  Progress: 9000/10000 entities (0.0/sec)
  Progress: 9005/10000 entities (0.0/sec)
  Progress: 9010/10000 entities (0.0/sec)
  Progress: 9015/10000 entities (0.0/sec)
  Progress: 9020/10000 entities (0.0/sec)
  Progress: 9025/10000 entities (0.0/sec)
  Progress: 9030/10000 entities (0.0/sec)
  Progress: 9035/10000 entities (0.0/sec)
  Progress: 9040/10000 entities (0.0/sec)
  Progress: 9045/10000 entities (0.0/sec)
  Progress: 9050/10000 entities (0.0/sec)
  Progress: 9055/10000 entities (0.0/sec)
  Progress: 9060/10000 entities (0.0/sec)
  Progress: 9065/10000 entities (0.0/sec)
  Progress: 9070/10000 entities (0.0/sec)
  Progress: 9075/10000 entities (0.0/sec)
  Progress: 9080/10000 entities (0.0/sec)
  Progress: 9085/10000 entities (0.0/sec)
  Progress: 9090/10000 entities (0.0/sec)
  Progress: 9095/10000 entities (0.0/sec)
  Progress: 9100/10000 entities (0.0/sec)
  Progress: 9105/10000 entities (0.0/sec)
  Progress: 9110/10000 entities (0.0/sec)
  Progress: 9115/10000 entities (0.0/sec)
  Progress: 9120/10000 entities (0.0/sec)
  Progress: 9125/10000 entities (0.0/sec)
  Progress: 9130/10000 entities (0.0/sec)
  Progress: 9135/10000 entities (0.0/sec)
  Progress: 9140/10000 entities (0.0/sec)
  Progress: 9145/10000 entities (0.0/sec)
  Progress: 9150/10000 entities (0.0/sec)
  Progress: 9155/10000 entities (0.0/sec)
  Progress: 9160/10000 entities (0.0/sec)
  Progress: 9165/10000 entities (0.0/sec)
  Progress: 9170/10000 entities (0.0/sec)
  Progress: 9175/10000 entities (0.0/sec)
  Progress: 9180/10000 entities (0.0/sec)
  Progress: 9185/10000 entities (0.0/sec)
  Progress: 9190/10000 entities (0.0/sec)
  Progress: 9195/10000 entities (0.0/sec)
  Progress: 9200/10000 entities (0.0/sec)
  Progress: 9205/10000 entities (0.0/sec)
  Progress: 9210/10000 entities (0.0/sec)
  Progress: 9215/10000 entities (0.0/sec)
  Progress: 9220/10000 entities (0.0/sec)
  Progress: 9225/10000 entities (0.0/sec)
  Progress: 9230/10000 entities (0.0/sec)
  Progress: 9235/10000 entities (0.0/sec)
  Progress: 9240/10000 entities (0.0/sec)
  Progress: 9245/10000 entities (0.0/sec)
  Progress: 9250/10000 entities (0.0/sec)
  Progress: 9255/10000 entities (0.0/sec)
  Progress: 9260/10000 entities (0.0/sec)
  Progress: 9265/10000 entities (0.0/sec)
  Progress: 9270/10000 entities (0.0/sec)
  Progress: 9275/10000 entities (0.0/sec)
  Progress: 9280/10000 entities (0.0/sec)
  Progress: 9285/10000 entities (0.0/sec)
  Progress: 9290/10000 entities (0.0/sec)
  Progress: 9295/10000 entities (0.0/sec)
  Progress: 9300/10000 entities (0.0/sec)
  Progress: 9305/10000 entities (0.0/sec)
  Progress: 9310/10000 entities (0.0/sec)
  Progress: 9315/10000 entities (0.0/sec)
  Progress: 9320/10000 entities (0.0/sec)
  Progress: 9325/10000 entities (0.0/sec)
  Progress: 9330/10000 entities (0.0/sec)
  Progress: 9335/10000 entities (0.0/sec)
  Progress: 9340/10000 entities (0.0/sec)
  Progress: 9345/10000 entities (0.0/sec)
  Progress: 9350/10000 entities (0.0/sec)
  Progress: 9355/10000 entities (0.0/sec)
  Progress: 9360/10000 entities (0.0/sec)
  Progress: 9365/10000 entities (0.0/sec)
  Progress: 9370/10000 entities (0.0/sec)
  Progress: 9375/10000 entities (0.0/sec)
  Progress: 9380/10000 entities (0.0/sec)
  Progress: 9385/10000 entities (0.0/sec)
  Progress: 9390/10000 entities (0.0/sec)
  Progress: 9395/10000 entities (0.0/sec)
  Progress: 9400/10000 entities (0.0/sec)
  Progress: 9405/10000 entities (0.0/sec)
  Progress: 9410/10000 entities (0.0/sec)
  Progress: 9415/10000 entities (0.0/sec)
  Progress: 9420/10000 entities (0.0/sec)
  Progress: 9425/10000 entities (0.0/sec)
  Progress: 9430/10000 entities (0.0/sec)
  Progress: 9435/10000 entities (0.0/sec)
  Progress: 9440/10000 entities (0.0/sec)
  Progress: 9445/10000 entities (0.0/sec)
  Progress: 9450/10000 entities (0.0/sec)
  Progress: 9455/10000 entities (0.0/sec)
  Progress: 9460/10000 entities (0.0/sec)
  Progress: 9465/10000 entities (0.0/sec)
  Progress: 9470/10000 entities (0.0/sec)
  Progress: 9475/10000 entities (0.0/sec)
  Progress: 9480/10000 entities (0.0/sec)
  Progress: 9485/10000 entities (0.0/sec)
  Progress: 9490/10000 entities (0.0/sec)
  Progress: 9495/10000 entities (0.0/sec)
  Progress: 9500/10000 entities (0.0/sec)
  Progress: 9505/10000 entities (0.0/sec)
  Progress: 9510/10000 entities (0.0/sec)
  Progress: 9515/10000 entities (0.0/sec)
  Progress: 9520/10000 entities (0.0/sec)
  Progress: 9525/10000 entities (0.0/sec)
  Progress: 9530/10000 entities (0.0/sec)
  Progress: 9535/10000 entities (0.0/sec)
  Progress: 9540/10000 entities (0.0/sec)
  Progress: 9545/10000 entities (0.0/sec)
  Progress: 9550/10000 entities (0.0/sec)
  Progress: 9555/10000 entities (0.0/sec)
  Progress: 9560/10000 entities (0.0/sec)
  Progress: 9565/10000 entities (0.0/sec)
  Progress: 9570/10000 entities (0.0/sec)
  Progress: 9575/10000 entities (0.0/sec)
  Progress: 9580/10000 entities (0.0/sec)
  Progress: 9585/10000 entities (0.0/sec)
  Progress: 9590/10000 entities (0.0/sec)
  Progress: 9595/10000 entities (0.0/sec)
  Progress: 9600/10000 entities (0.0/sec)
  Progress: 9605/10000 entities (0.0/sec)
  Progress: 9610/10000 entities (0.0/sec)
  Progress: 9615/10000 entities (0.0/sec)
  Progress: 9620/10000 entities (0.0/sec)
  Progress: 9625/10000 entities (0.0/sec)
  Progress: 9630/10000 entities (0.0/sec)
  Progress: 9635/10000 entities (0.0/sec)
  Progress: 9640/10000 entities (0.0/sec)
  Progress: 9645/10000 entities (0.0/sec)
  Progress: 9650/10000 entities (0.0/sec)
  Progress: 9655/10000 entities (0.0/sec)
  Progress: 9660/10000 entities (0.0/sec)
  Progress: 9665/10000 entities (0.0/sec)
  Progress: 9670/10000 entities (0.0/sec)
  Progress: 9675/10000 entities (0.0/sec)
  Progress: 9680/10000 entities (0.0/sec)
  Progress: 9685/10000 entities (0.0/sec)
  Progress: 9690/10000 entities (0.0/sec)
  Progress: 9695/10000 entities (0.0/sec)
  Progress: 9700/10000 entities (0.0/sec)
  Progress: 9705/10000 entities (0.0/sec)
  Progress: 9710/10000 entities (0.0/sec)
  Progress: 9715/10000 entities (0.0/sec)
  Progress: 9720/10000 entities (0.0/sec)
  Progress: 9725/10000 entities (0.0/sec)
  Progress: 9730/10000 entities (0.0/sec)
  Progress: 9735/10000 entities (0.0/sec)
  Progress: 9740/10000 entities (0.0/sec)
  Progress: 9745/10000 entities (0.0/sec)
  Progress: 9750/10000 entities (0.0/sec)
  Progress: 9755/10000 entities (0.0/sec)
  Progress: 9760/10000 entities (0.0/sec)
  Progress: 9765/10000 entities (0.0/sec)
  Progress: 9770/10000 entities (0.0/sec)
  Progress: 9775/10000 entities (0.0/sec)
  Progress: 9780/10000 entities (0.0/sec)
  Progress: 9785/10000 entities (0.0/sec)
  Progress: 9790/10000 entities (0.0/sec)
  Progress: 9795/10000 entities (0.0/sec)
  Progress: 9800/10000 entities (0.0/sec)
  Progress: 9805/10000 entities (0.0/sec)
  Progress: 9810/10000 entities (0.0/sec)
  Progress: 9815/10000 entities (0.0/sec)
  Progress: 9820/10000 entities (0.0/sec)
  Progress: 9825/10000 entities (0.0/sec)
  Progress: 9830/10000 entities (0.0/sec)
  Progress: 9835/10000 entities (0.0/sec)
  Progress: 9840/10000 entities (0.0/sec)
  Progress: 9845/10000 entities (0.0/sec)
  Progress: 9850/10000 entities (0.0/sec)
  Progress: 9855/10000 entities (0.0/sec)
  Progress: 9860/10000 entities (0.0/sec)
  Progress: 9865/10000 entities (0.0/sec)
  Progress: 9870/10000 entities (0.0/sec)
  Progress: 9875/10000 entities (0.0/sec)
  Progress: 9880/10000 entities (0.0/sec)
  Progress: 9885/10000 entities (0.0/sec)
  Progress: 9890/10000 entities (0.0/sec)
  Progress: 9895/10000 entities (0.0/sec)
  Progress: 9900/10000 entities (0.0/sec)
  Progress: 9905/10000 entities (0.0/sec)
  Progress: 9910/10000 entities (0.0/sec)
  Progress: 9915/10000 entities (0.0/sec)
  Progress: 9920/10000 entities (0.0/sec)
  Progress: 9925/10000 entities (0.0/sec)
  Progress: 9930/10000 entities (0.0/sec)
  Progress: 9935/10000 entities (0.0/sec)
  Progress: 9940/10000 entities (0.0/sec)
  Progress: 9945/10000 entities (0.0/sec)
  Progress: 9950/10000 entities (0.0/sec)
  Progress: 9955/10000 entities (0.0/sec)
  Progress: 9960/10000 entities (0.0/sec)
  Progress: 9965/10000 entities (0.0/sec)
  Progress: 9970/10000 entities (0.0/sec)
  Progress: 9975/10000 entities (0.0/sec)
  Progress: 9980/10000 entities (0.0/sec)
  Progress: 9985/10000 entities (0.0/sec)
  Progress: 9990/10000 entities (0.0/sec)
  Progress: 9995/10000 entities (0.0/sec)
  Progress: 10000/10000 entities (0.0/sec)

Registration complete:
  Entities:        0
  Artifacts:       0
  Skipped:         10000
  Artifact errors: 0
  Shared axes:     0 registered, 2 skipped, 0 errors
  Time:            256.7 seconds

==================================================
Verification
==================================================
Dataset containers at root: 65

Dataset 'BENCH_BATCHED_5F':
  metadata keys: 18
    sample: ['amsc_public', 'data_type', 'description', 'fingerprint', 'label', 'material', 'method', 'prior_distribution']
  shared axes: 2/2 registered as array children ['eloss', 'omega_bounds']
  entity containers: 10000
    sample: ['BENCH_BATCHED_5F_045ec59eed898', 'BENCH_BATCHED_5F_046df084c0364', 'BENCH_BATCHED_5F_4e031e2ec710e']

Entity 'BENCH_BATCHED_5F_045ec59eed898':
  metadata keys: 17 (locators: 1)
  artifact children: 1
    sample: ['rixs_spectrum']

Artifact 'rixs_spectrum':
  shape: (151, 40)  dtype: float64

Done!
-- BENCH_BATCHED_5F resume: 269s rc=0
== BENCH_BATCHED_5F verify (2026-09-20T04:27:19Z) ==
VERIFY BENCH_BATCHED_5F: entities=10000/10000 shared=2 broken=51 spot_every=199 -> FAIL
details: BENCH_BATCHED_5F.broken.txt (first 5)
  BENCH_BATCHED_5F_045ec59eed898: HTTPStatusError("Server error '500 Internal Server Error' for url 'https://lcls-data-portal.slac.stanford.edu/tiled-test/api/v1/array/full/BENCH_BATCHED_5F/BENCH_BATCHED_5F_045ec59eed898/rixs_spectrum?expected_shape=scalar&slice=0%2C0'\nFor more information, server admin can search server logs for correlation ID 5d008906da7e3f1e.")
  BENCH_BATCHED_5F_e069bb7f5b35b: HTTPStatusError("Server error '500 Internal Server Error' for url 'https://lcls-data-portal.slac.stanford.edu/tiled-test/api/v1/array/full/BENCH_BATCHED_5F/BENCH_BATCHED_5F_e069bb7f5b35b/rixs_spectrum?expected_shape=scalar&slice=0%2C0'\nFor more information, server admin can search server logs for correlation ID 29b28eba6800a146.")
  BENCH_BATCHED_5F_1bd75f33ad04f: HTTPStatusError("Server error '500 Internal Server Error' for url 'https://lcls-data-portal.slac.stanford.edu/tiled-test/api/v1/array/full/BENCH_BATCHED_5F/BENCH_BATCHED_5F_1bd75f33ad04f/rixs_spectrum?expected_shape=scalar&slice=0%2C0'\nFor more information, server admin can search server logs for correlation ID 38abb772beb15b61.")
  BENCH_BATCHED_5F_e11772aee9245: HTTPStatusError("Server error '500 Internal Server Error' for url 'https://lcls-data-portal.slac.stanford.edu/tiled-test/api/v1/array/full/BENCH_BATCHED_5F/BENCH_BATCHED_5F_e11772aee9245/rixs_spectrum?expected_shape=scalar&slice=0%2C0'\nFor more information, server admin can search server logs for correlation ID 01795d7b6b744c9c.")
  BENCH_BATCHED_5F_089127d732a4f: HTTPStatusError("Server error '500 Internal Server Error' for url 'https://lcls-data-portal.slac.stanford.edu/tiled-test/api/v1/array/full/BENCH_BATCHED_5F/BENCH_BATCHED_5F_089127d732a4f/rixs_spectrum?expected_shape=scalar&slice=0%2C0'\nFor more information, server admin can search server logs for correlation ID 54aa907cdb7ca71b.")
-- BENCH_BATCHED_5F verify: 161s rc=1
== BENCH_PER_ENTITY resume (2026-09-20T04:30:00Z) ==
==================================================
Register (HTTP)
==================================================
Configs: ['/sdf/data/lcls/ds/prj/prjmaiqmag01/results/ajshack/tiled-bench/_bench_ws/trainbench/datasets/nips3_multimodal_v2.yml']
  note: metadata.method 'INS_powder' is not in the vocabulary; it is registered as written (known: Diffraction, INS, Magnetization, RIXS, STEM, SWT, TotalScattering, VDP, XES, XPS)
  note: metadata.facility 'ORNL' is not in the vocabulary; it is registered as written (known: APS, CNMS, HFIR, LCLS, NSLS-II, SNS, SSRL)

Checking Tiled server at https://lcls-data-portal.slac.stanford.edu/tiled-test ...
Server is running.
Connected to https://lcls-data-portal.slac.stanford.edu/tiled-test (65 existing containers)
Using existing dataset container 'BENCH_PER_ENTITY'
Pre-grouping artifacts by uid...

--- Registering Bench Per Entity (7616 entities via HTTP, external, pool=8) ---
  Progress: 5/7616 entities (0.0/sec)
  Progress: 10/7616 entities (0.0/sec)
  Progress: 15/7616 entities (0.0/sec)
  Progress: 20/7616 entities (0.0/sec)
  Progress: 25/7616 entities (0.0/sec)
  Progress: 30/7616 entities (0.0/sec)
  Progress: 35/7616 entities (0.0/sec)
  Progress: 40/7616 entities (0.0/sec)
  Progress: 45/7616 entities (0.0/sec)
  Progress: 50/7616 entities (0.0/sec)
  Progress: 55/7616 entities (0.0/sec)
  Progress: 60/7616 entities (0.0/sec)
  Progress: 65/7616 entities (0.0/sec)
  Progress: 70/7616 entities (0.0/sec)
  Progress: 75/7616 entities (0.0/sec)
  Progress: 80/7616 entities (0.0/sec)
  Progress: 85/7616 entities (0.0/sec)
  Progress: 90/7616 entities (0.0/sec)
  Progress: 95/7616 entities (0.0/sec)
  Progress: 100/7616 entities (0.0/sec)
  Progress: 105/7616 entities (0.0/sec)
  Progress: 110/7616 entities (0.0/sec)
  Progress: 115/7616 entities (0.0/sec)
  Progress: 120/7616 entities (0.0/sec)
  Progress: 125/7616 entities (0.0/sec)
  Progress: 130/7616 entities (0.0/sec)
  Progress: 135/7616 entities (0.0/sec)
  Progress: 140/7616 entities (0.0/sec)
  Progress: 145/7616 entities (0.0/sec)
  Progress: 150/7616 entities (0.0/sec)
  Progress: 155/7616 entities (0.0/sec)
  Progress: 160/7616 entities (0.0/sec)
  Progress: 165/7616 entities (0.0/sec)
  Progress: 170/7616 entities (0.0/sec)
  Progress: 175/7616 entities (0.0/sec)
  Progress: 180/7616 entities (0.0/sec)
  Progress: 185/7616 entities (0.0/sec)
  Progress: 190/7616 entities (0.0/sec)
  Progress: 195/7616 entities (0.0/sec)
  Progress: 200/7616 entities (0.0/sec)
  Progress: 205/7616 entities (0.0/sec)
  Progress: 210/7616 entities (0.0/sec)
  Progress: 215/7616 entities (0.0/sec)
  Progress: 220/7616 entities (0.0/sec)
  Progress: 225/7616 entities (0.0/sec)
  Progress: 230/7616 entities (0.0/sec)
  Progress: 235/7616 entities (0.0/sec)
  Progress: 240/7616 entities (0.0/sec)
  Progress: 245/7616 entities (0.0/sec)
  Progress: 250/7616 entities (0.0/sec)
  Progress: 255/7616 entities (0.0/sec)
  Progress: 260/7616 entities (0.0/sec)
  Progress: 265/7616 entities (0.0/sec)
  Progress: 270/7616 entities (0.0/sec)
  Progress: 275/7616 entities (0.0/sec)
  Progress: 280/7616 entities (0.0/sec)
  Progress: 285/7616 entities (0.0/sec)
  Progress: 290/7616 entities (0.0/sec)
  Progress: 295/7616 entities (0.0/sec)
  Progress: 300/7616 entities (0.0/sec)
  Progress: 305/7616 entities (0.0/sec)
  Progress: 310/7616 entities (0.0/sec)
  Progress: 315/7616 entities (0.0/sec)
  Progress: 320/7616 entities (0.0/sec)
  Progress: 325/7616 entities (0.0/sec)
  Progress: 330/7616 entities (0.0/sec)
  Progress: 335/7616 entities (0.0/sec)
  Progress: 340/7616 entities (0.0/sec)
  Progress: 345/7616 entities (0.0/sec)
  Progress: 350/7616 entities (0.0/sec)
  Progress: 355/7616 entities (0.0/sec)
  Progress: 360/7616 entities (0.0/sec)
  Progress: 365/7616 entities (0.0/sec)
  Progress: 370/7616 entities (0.0/sec)
  Progress: 375/7616 entities (0.0/sec)
  Progress: 380/7616 entities (0.0/sec)
  Progress: 385/7616 entities (0.0/sec)
  Progress: 390/7616 entities (0.0/sec)
  Progress: 395/7616 entities (0.0/sec)
  Progress: 400/7616 entities (0.0/sec)
  Progress: 405/7616 entities (0.0/sec)
  Progress: 410/7616 entities (0.0/sec)
  Progress: 415/7616 entities (0.0/sec)
  Progress: 420/7616 entities (0.0/sec)
  Progress: 425/7616 entities (0.0/sec)
  Progress: 430/7616 entities (0.0/sec)
  Progress: 435/7616 entities (0.0/sec)
  Progress: 440/7616 entities (0.0/sec)
  Progress: 445/7616 entities (0.0/sec)
  Progress: 450/7616 entities (0.0/sec)
  Progress: 455/7616 entities (0.0/sec)
  Progress: 460/7616 entities (0.0/sec)
  Progress: 465/7616 entities (0.0/sec)
  Progress: 470/7616 entities (0.0/sec)
  Progress: 475/7616 entities (0.0/sec)
  Progress: 480/7616 entities (0.0/sec)
  Progress: 485/7616 entities (0.0/sec)
  Progress: 490/7616 entities (0.0/sec)
  Progress: 495/7616 entities (0.0/sec)
  Progress: 500/7616 entities (0.0/sec)
  Progress: 505/7616 entities (0.0/sec)
  Progress: 510/7616 entities (0.0/sec)
  Progress: 515/7616 entities (0.0/sec)
  Progress: 520/7616 entities (0.0/sec)
  Progress: 525/7616 entities (0.0/sec)
  Progress: 530/7616 entities (0.0/sec)
  Progress: 535/7616 entities (0.0/sec)
  Progress: 540/7616 entities (0.0/sec)
  Progress: 545/7616 entities (0.0/sec)
  Progress: 550/7616 entities (0.0/sec)
  Progress: 555/7616 entities (0.0/sec)
  Progress: 560/7616 entities (0.0/sec)
  Progress: 565/7616 entities (0.0/sec)
  Progress: 570/7616 entities (0.0/sec)
  Progress: 575/7616 entities (0.0/sec)
  Progress: 580/7616 entities (0.0/sec)
  Progress: 585/7616 entities (0.0/sec)
  Progress: 590/7616 entities (0.0/sec)
  Progress: 595/7616 entities (0.0/sec)
  Progress: 600/7616 entities (0.0/sec)
  Progress: 605/7616 entities (0.0/sec)
  Progress: 610/7616 entities (0.0/sec)
  Progress: 615/7616 entities (0.0/sec)
  Progress: 620/7616 entities (0.0/sec)
  Progress: 625/7616 entities (0.0/sec)
  Progress: 630/7616 entities (0.0/sec)
  Progress: 635/7616 entities (0.0/sec)
  Progress: 640/7616 entities (0.0/sec)
  Progress: 645/7616 entities (0.0/sec)
  Progress: 650/7616 entities (0.0/sec)
  Progress: 655/7616 entities (0.0/sec)
  Progress: 660/7616 entities (0.0/sec)
  Progress: 665/7616 entities (0.0/sec)
  Progress: 670/7616 entities (0.0/sec)
  Progress: 675/7616 entities (0.0/sec)
  Progress: 680/7616 entities (0.0/sec)
  Progress: 685/7616 entities (0.0/sec)
  Progress: 690/7616 entities (0.0/sec)
  Progress: 695/7616 entities (0.0/sec)
  Progress: 700/7616 entities (0.0/sec)
  Progress: 705/7616 entities (0.0/sec)
  Progress: 710/7616 entities (0.0/sec)
  Progress: 715/7616 entities (0.0/sec)
  Progress: 720/7616 entities (0.0/sec)
  Progress: 725/7616 entities (0.0/sec)
  Progress: 730/7616 entities (0.0/sec)
  Progress: 735/7616 entities (0.0/sec)
  Progress: 740/7616 entities (0.0/sec)
  Progress: 745/7616 entities (0.0/sec)
  Progress: 750/7616 entities (0.0/sec)
  Progress: 755/7616 entities (0.0/sec)
  Progress: 760/7616 entities (0.0/sec)
  Progress: 765/7616 entities (0.0/sec)
  Progress: 770/7616 entities (0.0/sec)
  Progress: 775/7616 entities (0.0/sec)
  Progress: 780/7616 entities (0.0/sec)
  Progress: 785/7616 entities (0.0/sec)
  Progress: 790/7616 entities (0.0/sec)
  Progress: 795/7616 entities (0.0/sec)
  Progress: 800/7616 entities (0.0/sec)
  Progress: 805/7616 entities (0.0/sec)
  Progress: 810/7616 entities (0.0/sec)
  Progress: 815/7616 entities (0.0/sec)
  Progress: 820/7616 entities (0.0/sec)
  Progress: 825/7616 entities (0.0/sec)
  Progress: 830/7616 entities (0.0/sec)
  Progress: 835/7616 entities (0.0/sec)
  Progress: 840/7616 entities (0.0/sec)
  Progress: 845/7616 entities (0.0/sec)
  Progress: 850/7616 entities (0.0/sec)
  Progress: 855/7616 entities (0.0/sec)
  Progress: 860/7616 entities (0.0/sec)
  Progress: 865/7616 entities (0.0/sec)
  Progress: 870/7616 entities (0.0/sec)
  Progress: 875/7616 entities (0.0/sec)
  Progress: 880/7616 entities (0.0/sec)
  Progress: 885/7616 entities (0.0/sec)
  Progress: 890/7616 entities (0.0/sec)
  Progress: 895/7616 entities (0.0/sec)
  Progress: 900/7616 entities (0.0/sec)
  Progress: 905/7616 entities (0.0/sec)
  Progress: 910/7616 entities (0.0/sec)
  Progress: 915/7616 entities (0.0/sec)
  Progress: 920/7616 entities (0.0/sec)
  Progress: 925/7616 entities (0.0/sec)
  Progress: 930/7616 entities (0.0/sec)
  Progress: 935/7616 entities (0.0/sec)
  Progress: 940/7616 entities (0.0/sec)
  Progress: 945/7616 entities (0.0/sec)
  Progress: 950/7616 entities (0.0/sec)
  Progress: 955/7616 entities (0.0/sec)
  Progress: 960/7616 entities (0.0/sec)
  Progress: 965/7616 entities (0.0/sec)
  Progress: 970/7616 entities (0.0/sec)
  Progress: 975/7616 entities (0.0/sec)
  Progress: 980/7616 entities (0.0/sec)
  Progress: 985/7616 entities (0.0/sec)
  Progress: 990/7616 entities (0.0/sec)
  Progress: 995/7616 entities (0.0/sec)
  Progress: 1000/7616 entities (0.0/sec)
  Progress: 1005/7616 entities (0.0/sec)
  Progress: 1010/7616 entities (0.0/sec)
  Progress: 1015/7616 entities (0.0/sec)
  Progress: 1020/7616 entities (0.0/sec)
  Progress: 1025/7616 entities (0.0/sec)
  Progress: 1030/7616 entities (0.0/sec)
  Progress: 1035/7616 entities (0.0/sec)
  Progress: 1040/7616 entities (0.0/sec)
  Progress: 1045/7616 entities (0.0/sec)
  Progress: 1050/7616 entities (0.0/sec)
  Progress: 1055/7616 entities (0.0/sec)
  Progress: 1060/7616 entities (0.0/sec)
  Progress: 1065/7616 entities (0.0/sec)
  Progress: 1070/7616 entities (0.0/sec)
  Progress: 1075/7616 entities (0.0/sec)
  Progress: 1080/7616 entities (0.0/sec)
  Progress: 1085/7616 entities (0.0/sec)
  Progress: 1090/7616 entities (0.0/sec)
  Progress: 1095/7616 entities (0.0/sec)
  Progress: 1100/7616 entities (0.0/sec)
  Progress: 1105/7616 entities (0.0/sec)
  Progress: 1110/7616 entities (0.0/sec)
  Progress: 1115/7616 entities (0.0/sec)
  Progress: 1120/7616 entities (0.0/sec)
  Progress: 1125/7616 entities (0.0/sec)
  Progress: 1130/7616 entities (0.0/sec)
  Progress: 1135/7616 entities (0.0/sec)
  Progress: 1140/7616 entities (0.0/sec)
  Progress: 1145/7616 entities (0.0/sec)
  Progress: 1150/7616 entities (0.0/sec)
  Progress: 1155/7616 entities (0.0/sec)
  Progress: 1160/7616 entities (0.0/sec)
  Progress: 1165/7616 entities (0.0/sec)
  Progress: 1170/7616 entities (0.0/sec)
  Progress: 1175/7616 entities (0.0/sec)
  Progress: 1180/7616 entities (0.0/sec)
  Progress: 1185/7616 entities (0.0/sec)
  Progress: 1190/7616 entities (0.0/sec)
  Progress: 1195/7616 entities (0.0/sec)
  Progress: 1200/7616 entities (0.0/sec)
  Progress: 1205/7616 entities (0.0/sec)
  Progress: 1210/7616 entities (0.0/sec)
  Progress: 1215/7616 entities (0.0/sec)
  Progress: 1220/7616 entities (0.0/sec)
  Progress: 1225/7616 entities (0.0/sec)
  Progress: 1230/7616 entities (0.0/sec)
  Progress: 1235/7616 entities (0.0/sec)
  Progress: 1240/7616 entities (0.0/sec)
  Progress: 1245/7616 entities (0.0/sec)
  Progress: 1250/7616 entities (0.0/sec)
  Progress: 1255/7616 entities (0.0/sec)
  Progress: 1260/7616 entities (0.0/sec)
  Progress: 1265/7616 entities (0.0/sec)
  Progress: 1270/7616 entities (0.0/sec)
  Progress: 1275/7616 entities (0.0/sec)
  Progress: 1280/7616 entities (0.0/sec)
  Progress: 1285/7616 entities (0.0/sec)
  Progress: 1290/7616 entities (0.0/sec)
  Progress: 1295/7616 entities (0.0/sec)
  Progress: 1300/7616 entities (0.0/sec)
  Progress: 1305/7616 entities (0.0/sec)
  Progress: 1310/7616 entities (0.0/sec)
  Progress: 1315/7616 entities (0.0/sec)
  Progress: 1320/7616 entities (0.0/sec)
  Progress: 1325/7616 entities (0.0/sec)
  Progress: 1330/7616 entities (0.0/sec)
  Progress: 1335/7616 entities (0.0/sec)
  Progress: 1340/7616 entities (0.0/sec)
  Progress: 1345/7616 entities (0.0/sec)
  Progress: 1350/7616 entities (0.0/sec)
  Progress: 1355/7616 entities (0.0/sec)
  Progress: 1360/7616 entities (0.0/sec)
  Progress: 1365/7616 entities (0.0/sec)
  Progress: 1370/7616 entities (0.0/sec)
  Progress: 1375/7616 entities (0.0/sec)
  Progress: 1380/7616 entities (0.0/sec)
  Progress: 1385/7616 entities (0.0/sec)
  Progress: 1390/7616 entities (0.0/sec)
  Progress: 1395/7616 entities (0.0/sec)
  Progress: 1400/7616 entities (0.0/sec)
  Progress: 1405/7616 entities (0.0/sec)
  Progress: 1410/7616 entities (0.0/sec)
  Progress: 1415/7616 entities (0.0/sec)
  Progress: 1420/7616 entities (0.0/sec)
  Progress: 1425/7616 entities (0.0/sec)
  Progress: 1430/7616 entities (0.0/sec)
  Progress: 1435/7616 entities (0.0/sec)
  Progress: 1440/7616 entities (0.0/sec)
  Progress: 1445/7616 entities (0.0/sec)
  Progress: 1450/7616 entities (0.0/sec)
  Progress: 1455/7616 entities (0.0/sec)
  Progress: 1460/7616 entities (0.0/sec)
  Progress: 1465/7616 entities (0.0/sec)
  Progress: 1470/7616 entities (0.0/sec)
  Progress: 1475/7616 entities (0.0/sec)
  Progress: 1480/7616 entities (0.0/sec)
  Progress: 1485/7616 entities (0.0/sec)
  Progress: 1490/7616 entities (0.0/sec)
  Progress: 1495/7616 entities (0.0/sec)
  Progress: 1500/7616 entities (0.0/sec)
  Progress: 1505/7616 entities (0.0/sec)
  Progress: 1510/7616 entities (0.0/sec)
  Progress: 1515/7616 entities (0.0/sec)
  Progress: 1520/7616 entities (0.0/sec)
  Progress: 1525/7616 entities (0.0/sec)
  Progress: 1530/7616 entities (0.0/sec)
  Progress: 1535/7616 entities (0.0/sec)
  Progress: 1540/7616 entities (0.0/sec)
  Progress: 1545/7616 entities (0.0/sec)
  Progress: 1550/7616 entities (0.0/sec)
  Progress: 1555/7616 entities (0.0/sec)
  Progress: 1560/7616 entities (0.0/sec)
  Progress: 1565/7616 entities (0.0/sec)
  Progress: 1570/7616 entities (0.0/sec)
  Progress: 1575/7616 entities (0.0/sec)
  Progress: 1580/7616 entities (0.0/sec)
  Progress: 1585/7616 entities (0.0/sec)
  Progress: 1590/7616 entities (0.0/sec)
  Progress: 1595/7616 entities (0.0/sec)
  Progress: 1600/7616 entities (0.0/sec)
  Progress: 1605/7616 entities (0.0/sec)
  Progress: 1610/7616 entities (0.0/sec)
  Progress: 1615/7616 entities (0.0/sec)
  Progress: 1620/7616 entities (0.0/sec)
  Progress: 1625/7616 entities (0.0/sec)
  Progress: 1630/7616 entities (0.0/sec)
  Progress: 1635/7616 entities (0.0/sec)
  Progress: 1640/7616 entities (0.0/sec)
  Progress: 1645/7616 entities (0.0/sec)
  Progress: 1650/7616 entities (0.0/sec)
  Progress: 1655/7616 entities (0.0/sec)
  Progress: 1660/7616 entities (0.0/sec)
  Progress: 1665/7616 entities (0.0/sec)
  Progress: 1670/7616 entities (0.0/sec)
  Progress: 1675/7616 entities (0.0/sec)
  Progress: 1680/7616 entities (0.0/sec)
  Progress: 1685/7616 entities (0.0/sec)
  Progress: 1690/7616 entities (0.0/sec)
  Progress: 1695/7616 entities (0.0/sec)
  Progress: 1700/7616 entities (0.0/sec)
  Progress: 1705/7616 entities (0.0/sec)
  Progress: 1710/7616 entities (0.0/sec)
  Progress: 1715/7616 entities (0.0/sec)
  Progress: 1720/7616 entities (0.0/sec)
  Progress: 1725/7616 entities (0.0/sec)
  Progress: 1730/7616 entities (0.0/sec)
  Progress: 1735/7616 entities (0.0/sec)
  Progress: 1740/7616 entities (0.0/sec)
  Progress: 1745/7616 entities (0.0/sec)
  Progress: 1750/7616 entities (0.0/sec)
  Progress: 1755/7616 entities (0.0/sec)
  Progress: 1760/7616 entities (0.0/sec)
  Progress: 1765/7616 entities (0.0/sec)
  Progress: 1770/7616 entities (0.0/sec)
  Progress: 1775/7616 entities (0.0/sec)
  Progress: 1780/7616 entities (0.0/sec)
  Progress: 1785/7616 entities (0.0/sec)
  Progress: 1790/7616 entities (0.0/sec)
  Progress: 1795/7616 entities (0.0/sec)
  Progress: 1800/7616 entities (0.0/sec)
  Progress: 1805/7616 entities (0.0/sec)
  Progress: 1810/7616 entities (0.0/sec)
  Progress: 1815/7616 entities (0.0/sec)
  Progress: 1820/7616 entities (0.0/sec)
  Progress: 1825/7616 entities (0.0/sec)
  Progress: 1830/7616 entities (0.0/sec)
  Progress: 1835/7616 entities (0.0/sec)
  Progress: 1840/7616 entities (0.0/sec)
  Progress: 1845/7616 entities (0.0/sec)
  Progress: 1850/7616 entities (0.0/sec)
  Progress: 1855/7616 entities (0.0/sec)
  Progress: 1860/7616 entities (0.0/sec)
  Progress: 1865/7616 entities (0.0/sec)
  Progress: 1870/7616 entities (0.0/sec)
  Progress: 1875/7616 entities (0.0/sec)
  Progress: 1880/7616 entities (0.0/sec)
  Progress: 1885/7616 entities (0.0/sec)
  Progress: 1890/7616 entities (0.0/sec)
  Progress: 1895/7616 entities (0.0/sec)
  Progress: 1900/7616 entities (0.0/sec)
  Progress: 1905/7616 entities (0.0/sec)
  Progress: 1910/7616 entities (0.0/sec)
  Progress: 1915/7616 entities (0.0/sec)
  Progress: 1920/7616 entities (0.0/sec)
  Progress: 1925/7616 entities (0.0/sec)
  Progress: 1930/7616 entities (0.0/sec)
  Progress: 1935/7616 entities (0.0/sec)
  Progress: 1940/7616 entities (0.0/sec)
  Progress: 1945/7616 entities (0.0/sec)
  Progress: 1950/7616 entities (0.0/sec)
  Progress: 1955/7616 entities (0.0/sec)
  Progress: 1960/7616 entities (0.0/sec)
  Progress: 1965/7616 entities (0.0/sec)
  Progress: 1970/7616 entities (0.0/sec)
  Progress: 1975/7616 entities (0.0/sec)
  Progress: 1980/7616 entities (0.0/sec)
  Progress: 1985/7616 entities (0.0/sec)
  Progress: 1990/7616 entities (0.0/sec)
  Progress: 1995/7616 entities (0.0/sec)
  Progress: 2000/7616 entities (0.0/sec)
  Progress: 2005/7616 entities (0.0/sec)
  Progress: 2010/7616 entities (0.0/sec)
  Progress: 2015/7616 entities (0.0/sec)
  Progress: 2020/7616 entities (0.0/sec)
  Progress: 2025/7616 entities (0.0/sec)
  Progress: 2030/7616 entities (0.0/sec)
  Progress: 2035/7616 entities (0.0/sec)
  Progress: 2040/7616 entities (0.0/sec)
  Progress: 2045/7616 entities (0.0/sec)
  Progress: 2050/7616 entities (0.0/sec)
  Progress: 2055/7616 entities (0.0/sec)
  Progress: 2060/7616 entities (0.0/sec)
  Progress: 2065/7616 entities (0.0/sec)
  Progress: 2070/7616 entities (0.0/sec)
  Progress: 2075/7616 entities (0.0/sec)
  Progress: 2080/7616 entities (0.0/sec)
  Progress: 2085/7616 entities (0.0/sec)
  Progress: 2090/7616 entities (0.0/sec)
  Progress: 2095/7616 entities (0.0/sec)
  Progress: 2100/7616 entities (0.0/sec)
  Progress: 2105/7616 entities (0.0/sec)
  Progress: 2110/7616 entities (0.0/sec)
  Progress: 2115/7616 entities (0.0/sec)
  Progress: 2120/7616 entities (0.0/sec)
  Progress: 2125/7616 entities (0.0/sec)
  Progress: 2130/7616 entities (0.0/sec)
  Progress: 2135/7616 entities (0.0/sec)
  Progress: 2140/7616 entities (0.0/sec)
  Progress: 2145/7616 entities (0.0/sec)
  Progress: 2150/7616 entities (0.0/sec)
  Progress: 2155/7616 entities (0.0/sec)
  Progress: 2160/7616 entities (0.0/sec)
  Progress: 2165/7616 entities (0.0/sec)
  Progress: 2170/7616 entities (0.0/sec)
  Progress: 2175/7616 entities (0.0/sec)
  Progress: 2180/7616 entities (0.0/sec)
  Progress: 2185/7616 entities (0.0/sec)
  Progress: 2190/7616 entities (0.0/sec)
  Progress: 2195/7616 entities (0.0/sec)
  Progress: 2200/7616 entities (0.0/sec)
  Progress: 2205/7616 entities (0.0/sec)
  Progress: 2210/7616 entities (0.0/sec)
  Progress: 2215/7616 entities (0.0/sec)
  Progress: 2220/7616 entities (0.0/sec)
  Progress: 2225/7616 entities (0.0/sec)
  Progress: 2230/7616 entities (0.0/sec)
  Progress: 2235/7616 entities (0.0/sec)
  Progress: 2240/7616 entities (0.0/sec)
  Progress: 2245/7616 entities (0.0/sec)
  Progress: 2250/7616 entities (0.0/sec)
  Progress: 2255/7616 entities (0.0/sec)
  Progress: 2260/7616 entities (0.0/sec)
  Progress: 2265/7616 entities (0.0/sec)
  Progress: 2270/7616 entities (0.0/sec)
  Progress: 2275/7616 entities (0.0/sec)
  Progress: 2280/7616 entities (0.0/sec)
  Progress: 2285/7616 entities (0.0/sec)
  Progress: 2290/7616 entities (0.0/sec)
  Progress: 2295/7616 entities (0.0/sec)
  Progress: 2300/7616 entities (0.0/sec)
  Progress: 2305/7616 entities (0.0/sec)
  Progress: 2310/7616 entities (0.0/sec)
  Progress: 2315/7616 entities (0.0/sec)
  Progress: 2320/7616 entities (0.0/sec)
  Progress: 2325/7616 entities (0.0/sec)
  Progress: 2330/7616 entities (0.0/sec)
  Progress: 2335/7616 entities (0.0/sec)
  Progress: 2340/7616 entities (0.0/sec)
  Progress: 2345/7616 entities (0.0/sec)
  Progress: 2350/7616 entities (0.0/sec)
  Progress: 2355/7616 entities (0.0/sec)
  Progress: 2360/7616 entities (0.0/sec)
  Progress: 2365/7616 entities (0.0/sec)
  Progress: 2370/7616 entities (0.0/sec)
  Progress: 2375/7616 entities (0.0/sec)
  Progress: 2380/7616 entities (0.0/sec)
  Progress: 2385/7616 entities (0.0/sec)
  Progress: 2390/7616 entities (0.0/sec)
  Progress: 2395/7616 entities (0.0/sec)
  Progress: 2400/7616 entities (0.0/sec)
  Progress: 2405/7616 entities (0.0/sec)
  Progress: 2410/7616 entities (0.0/sec)
  Progress: 2415/7616 entities (0.0/sec)
  Progress: 2420/7616 entities (0.0/sec)
  Progress: 2425/7616 entities (0.0/sec)
  Progress: 2430/7616 entities (0.0/sec)
  Progress: 2435/7616 entities (0.0/sec)
  Progress: 2440/7616 entities (0.0/sec)
  Progress: 2445/7616 entities (0.0/sec)
  Progress: 2450/7616 entities (0.0/sec)
  Progress: 2455/7616 entities (0.0/sec)
  Progress: 2460/7616 entities (0.0/sec)
  Progress: 2465/7616 entities (0.0/sec)
  Progress: 2470/7616 entities (0.0/sec)
  Progress: 2475/7616 entities (0.0/sec)
  Progress: 2480/7616 entities (0.0/sec)
  Progress: 2485/7616 entities (0.0/sec)
  Progress: 2490/7616 entities (0.0/sec)
  Progress: 2495/7616 entities (0.0/sec)
  Progress: 2500/7616 entities (0.0/sec)
  Progress: 2505/7616 entities (0.0/sec)
  Progress: 2510/7616 entities (0.0/sec)
  Progress: 2515/7616 entities (0.0/sec)
  Progress: 2520/7616 entities (0.0/sec)
  Progress: 2525/7616 entities (0.0/sec)
  Progress: 2530/7616 entities (0.0/sec)
  Progress: 2535/7616 entities (0.0/sec)
  Progress: 2540/7616 entities (0.0/sec)
  Progress: 2545/7616 entities (0.0/sec)
  Progress: 2550/7616 entities (0.0/sec)
  Progress: 2555/7616 entities (0.0/sec)
  Progress: 2560/7616 entities (0.0/sec)
  Progress: 2565/7616 entities (0.0/sec)
  Progress: 2570/7616 entities (0.0/sec)
  Progress: 2575/7616 entities (0.0/sec)
  Progress: 2580/7616 entities (0.0/sec)
  Progress: 2585/7616 entities (0.0/sec)
  Progress: 2590/7616 entities (0.0/sec)
  Progress: 2595/7616 entities (0.0/sec)
  Progress: 2600/7616 entities (0.0/sec)
  Progress: 2605/7616 entities (0.0/sec)
  Progress: 2610/7616 entities (0.0/sec)
  Progress: 2615/7616 entities (0.0/sec)
  Progress: 2620/7616 entities (0.0/sec)
  Progress: 2625/7616 entities (0.0/sec)
  Progress: 2630/7616 entities (0.0/sec)
  Progress: 2635/7616 entities (0.0/sec)
  Progress: 2640/7616 entities (0.0/sec)
  Progress: 2645/7616 entities (0.0/sec)
  Progress: 2650/7616 entities (0.0/sec)
  Progress: 2655/7616 entities (0.0/sec)
  Progress: 2660/7616 entities (0.0/sec)
  Progress: 2665/7616 entities (0.0/sec)
  Progress: 2670/7616 entities (0.0/sec)
  Progress: 2675/7616 entities (0.0/sec)
  Progress: 2680/7616 entities (0.0/sec)
  Progress: 2685/7616 entities (0.0/sec)
  Progress: 2690/7616 entities (0.0/sec)
  Progress: 2695/7616 entities (0.0/sec)
  Progress: 2700/7616 entities (0.0/sec)
  Progress: 2705/7616 entities (0.0/sec)
  Progress: 2710/7616 entities (0.0/sec)
  Progress: 2715/7616 entities (0.0/sec)
  Progress: 2720/7616 entities (0.0/sec)
  Progress: 2725/7616 entities (0.0/sec)
  Progress: 2730/7616 entities (0.0/sec)
  Progress: 2735/7616 entities (0.0/sec)
  Progress: 2740/7616 entities (0.0/sec)
  Progress: 2745/7616 entities (0.0/sec)
  Progress: 2750/7616 entities (0.0/sec)
  Progress: 2755/7616 entities (0.0/sec)
  Progress: 2760/7616 entities (0.0/sec)
  Progress: 2765/7616 entities (0.0/sec)
  Progress: 2770/7616 entities (0.0/sec)
  Progress: 2775/7616 entities (0.0/sec)
  Progress: 2780/7616 entities (0.0/sec)
  Progress: 2785/7616 entities (0.0/sec)
  Progress: 2790/7616 entities (0.0/sec)
  Progress: 2795/7616 entities (0.0/sec)
  Progress: 2800/7616 entities (0.0/sec)
  Progress: 2805/7616 entities (0.0/sec)
  Progress: 2810/7616 entities (0.0/sec)
  Progress: 2815/7616 entities (0.0/sec)
  Progress: 2820/7616 entities (0.0/sec)
  Progress: 2825/7616 entities (0.0/sec)
  Progress: 2830/7616 entities (0.0/sec)
  Progress: 2835/7616 entities (0.0/sec)
  Progress: 2840/7616 entities (0.0/sec)
  Progress: 2845/7616 entities (0.0/sec)
  Progress: 2850/7616 entities (0.0/sec)
  Progress: 2855/7616 entities (0.0/sec)
  Progress: 2860/7616 entities (0.0/sec)
  Progress: 2865/7616 entities (0.0/sec)
  Progress: 2870/7616 entities (0.0/sec)
  Progress: 2875/7616 entities (0.0/sec)
  Progress: 2880/7616 entities (0.0/sec)
  Progress: 2885/7616 entities (0.0/sec)
  Progress: 2890/7616 entities (0.0/sec)
  Progress: 2895/7616 entities (0.0/sec)
  Progress: 2900/7616 entities (0.0/sec)
  Progress: 2905/7616 entities (0.0/sec)
  Progress: 2910/7616 entities (0.0/sec)
  Progress: 2915/7616 entities (0.0/sec)
  Progress: 2920/7616 entities (0.0/sec)
  Progress: 2925/7616 entities (0.0/sec)
  Progress: 2930/7616 entities (0.0/sec)
  Progress: 2935/7616 entities (0.0/sec)
  Progress: 2940/7616 entities (0.0/sec)
  Progress: 2945/7616 entities (0.0/sec)
  Progress: 2950/7616 entities (0.0/sec)
  Progress: 2955/7616 entities (0.0/sec)
  Progress: 2960/7616 entities (0.0/sec)
  Progress: 2965/7616 entities (0.0/sec)
  Progress: 2970/7616 entities (0.0/sec)
  Progress: 2975/7616 entities (0.0/sec)
  Progress: 2980/7616 entities (0.0/sec)
  Progress: 2985/7616 entities (0.0/sec)
  Progress: 2990/7616 entities (0.0/sec)
  Progress: 2995/7616 entities (0.0/sec)
  Progress: 3000/7616 entities (0.0/sec)
  Progress: 3005/7616 entities (0.0/sec)
  Progress: 3010/7616 entities (0.0/sec)
  Progress: 3015/7616 entities (0.0/sec)
  Progress: 3020/7616 entities (0.0/sec)
  Progress: 3025/7616 entities (0.0/sec)
  Progress: 3030/7616 entities (0.0/sec)
  Progress: 3035/7616 entities (0.0/sec)
  Progress: 3040/7616 entities (0.0/sec)
  Progress: 3045/7616 entities (0.0/sec)
  Progress: 3050/7616 entities (0.0/sec)
  Progress: 3055/7616 entities (0.0/sec)
  Progress: 3060/7616 entities (0.0/sec)
  Progress: 3065/7616 entities (0.0/sec)
  Progress: 3070/7616 entities (0.0/sec)
  Progress: 3075/7616 entities (0.0/sec)
  Progress: 3080/7616 entities (0.0/sec)
  Progress: 3085/7616 entities (0.0/sec)
  Progress: 3090/7616 entities (0.0/sec)
  Progress: 3095/7616 entities (0.0/sec)
  Progress: 3100/7616 entities (0.0/sec)
  Progress: 3105/7616 entities (0.0/sec)
  Progress: 3110/7616 entities (0.0/sec)
  Progress: 3115/7616 entities (0.0/sec)
  Progress: 3120/7616 entities (0.0/sec)
  Progress: 3125/7616 entities (0.0/sec)
  Progress: 3130/7616 entities (0.0/sec)
  Progress: 3135/7616 entities (0.0/sec)
  Progress: 3140/7616 entities (0.0/sec)
  Progress: 3145/7616 entities (0.0/sec)
  Progress: 3150/7616 entities (0.0/sec)
  Progress: 3155/7616 entities (0.0/sec)
  Progress: 3160/7616 entities (0.0/sec)
  Progress: 3165/7616 entities (0.0/sec)
  Progress: 3170/7616 entities (0.0/sec)
  Progress: 3175/7616 entities (0.0/sec)
  Progress: 3180/7616 entities (0.0/sec)
  Progress: 3185/7616 entities (0.0/sec)
  Progress: 3190/7616 entities (0.0/sec)
  Progress: 3195/7616 entities (0.0/sec)
  Progress: 3200/7616 entities (0.0/sec)
  Progress: 3205/7616 entities (0.0/sec)
  Progress: 3210/7616 entities (0.0/sec)
  Progress: 3215/7616 entities (0.0/sec)
  Progress: 3220/7616 entities (0.0/sec)
  Progress: 3225/7616 entities (0.0/sec)
  Progress: 3230/7616 entities (0.0/sec)
  Progress: 3235/7616 entities (0.0/sec)
  Progress: 3240/7616 entities (0.0/sec)
  Progress: 3245/7616 entities (0.0/sec)
  Progress: 3250/7616 entities (0.0/sec)
  Progress: 3255/7616 entities (0.0/sec)
  Progress: 3260/7616 entities (0.0/sec)
  Progress: 3265/7616 entities (0.0/sec)
  Progress: 3270/7616 entities (0.0/sec)
  Progress: 3275/7616 entities (0.0/sec)
  Progress: 3280/7616 entities (0.0/sec)
  Progress: 3285/7616 entities (0.0/sec)
  Progress: 3290/7616 entities (0.0/sec)
  Progress: 3295/7616 entities (0.0/sec)
  Progress: 3300/7616 entities (0.0/sec)
  Progress: 3305/7616 entities (0.0/sec)
  Progress: 3310/7616 entities (0.0/sec)
  Progress: 3315/7616 entities (0.0/sec)
  Progress: 3320/7616 entities (0.0/sec)
  Progress: 3325/7616 entities (0.0/sec)
  Progress: 3330/7616 entities (0.0/sec)
  Progress: 3335/7616 entities (0.0/sec)
  Progress: 3340/7616 entities (0.0/sec)
  Progress: 3345/7616 entities (0.0/sec)
  Progress: 3350/7616 entities (0.0/sec)
  Progress: 3355/7616 entities (0.0/sec)
  Progress: 3360/7616 entities (0.0/sec)
  Progress: 3365/7616 entities (0.0/sec)
  Progress: 3370/7616 entities (0.0/sec)
  Progress: 3375/7616 entities (0.0/sec)
  Progress: 3380/7616 entities (0.0/sec)
  Progress: 3385/7616 entities (0.0/sec)
  Progress: 3390/7616 entities (0.0/sec)
  Progress: 3395/7616 entities (0.0/sec)
  Progress: 3400/7616 entities (0.0/sec)
  Progress: 3405/7616 entities (0.0/sec)
  Progress: 3410/7616 entities (0.0/sec)
  Progress: 3415/7616 entities (0.0/sec)
  Progress: 3420/7616 entities (0.0/sec)
  Progress: 3425/7616 entities (0.0/sec)
  Progress: 3430/7616 entities (0.0/sec)
  Progress: 3435/7616 entities (0.0/sec)
  Progress: 3440/7616 entities (0.0/sec)
  Progress: 3445/7616 entities (0.0/sec)
  Progress: 3450/7616 entities (0.0/sec)
  Progress: 3455/7616 entities (0.0/sec)
  Progress: 3460/7616 entities (0.0/sec)
  Progress: 3465/7616 entities (0.0/sec)
  Progress: 3470/7616 entities (0.0/sec)
  Progress: 3475/7616 entities (0.0/sec)
  Progress: 3480/7616 entities (0.0/sec)
  Progress: 3485/7616 entities (0.0/sec)
  Progress: 3490/7616 entities (0.0/sec)
  Progress: 3495/7616 entities (0.0/sec)
  Progress: 3500/7616 entities (0.0/sec)
  Progress: 3505/7616 entities (0.0/sec)
  Progress: 3510/7616 entities (0.0/sec)
  Progress: 3515/7616 entities (0.0/sec)
  Progress: 3520/7616 entities (0.0/sec)
  Progress: 3525/7616 entities (0.0/sec)
  Progress: 3530/7616 entities (0.0/sec)
  Progress: 3535/7616 entities (0.0/sec)
  Progress: 3540/7616 entities (0.0/sec)
  Progress: 3545/7616 entities (0.0/sec)
  Progress: 3550/7616 entities (0.0/sec)
  Progress: 3555/7616 entities (0.0/sec)
  Progress: 3560/7616 entities (0.0/sec)
  Progress: 3565/7616 entities (0.0/sec)
  Progress: 3570/7616 entities (0.0/sec)
  Progress: 3575/7616 entities (0.0/sec)
  Progress: 3580/7616 entities (0.0/sec)
  Progress: 3585/7616 entities (0.0/sec)
  Progress: 3590/7616 entities (0.0/sec)
  Progress: 3595/7616 entities (0.0/sec)
  Progress: 3600/7616 entities (0.0/sec)
  Progress: 3605/7616 entities (0.0/sec)
  Progress: 3610/7616 entities (0.0/sec)
  Progress: 3615/7616 entities (0.0/sec)
  Progress: 3620/7616 entities (0.0/sec)
  Progress: 3625/7616 entities (0.0/sec)
  Progress: 3630/7616 entities (0.0/sec)
  Progress: 3635/7616 entities (0.0/sec)
  Progress: 3640/7616 entities (0.0/sec)
  Progress: 3645/7616 entities (0.0/sec)
  Progress: 3650/7616 entities (0.0/sec)
  Progress: 3655/7616 entities (0.0/sec)
  Progress: 3660/7616 entities (0.0/sec)
  Progress: 3665/7616 entities (0.0/sec)
  Progress: 3670/7616 entities (0.0/sec)
  Progress: 3675/7616 entities (0.0/sec)
  Progress: 3680/7616 entities (0.0/sec)
  Progress: 3685/7616 entities (0.0/sec)
  Progress: 3690/7616 entities (0.0/sec)
  Progress: 3695/7616 entities (0.0/sec)
  Progress: 3700/7616 entities (0.0/sec)
  Progress: 3705/7616 entities (0.0/sec)
  Progress: 3710/7616 entities (0.0/sec)
  Progress: 3715/7616 entities (0.0/sec)
  Progress: 3720/7616 entities (0.0/sec)
  Progress: 3725/7616 entities (0.0/sec)
  Progress: 3730/7616 entities (0.0/sec)
  Progress: 3735/7616 entities (0.0/sec)
  Progress: 3740/7616 entities (0.0/sec)
  Progress: 3745/7616 entities (0.0/sec)
  Progress: 3750/7616 entities (0.0/sec)
  Progress: 3755/7616 entities (0.0/sec)
  Progress: 3760/7616 entities (0.0/sec)
  Progress: 3765/7616 entities (0.0/sec)
  Progress: 3770/7616 entities (0.0/sec)
  Progress: 3775/7616 entities (0.0/sec)
  Progress: 3780/7616 entities (0.0/sec)
  Progress: 3785/7616 entities (0.0/sec)
  Progress: 3790/7616 entities (0.0/sec)
  Progress: 3795/7616 entities (0.0/sec)
  Progress: 3800/7616 entities (0.0/sec)
  Progress: 3805/7616 entities (0.0/sec)
  Progress: 3810/7616 entities (0.0/sec)
  Progress: 3815/7616 entities (0.0/sec)
  Progress: 3820/7616 entities (0.0/sec)
  Progress: 3825/7616 entities (0.0/sec)
  Progress: 3830/7616 entities (0.0/sec)
  Progress: 3835/7616 entities (0.0/sec)
  Progress: 3840/7616 entities (0.0/sec)
  Progress: 3845/7616 entities (0.0/sec)
  Progress: 3850/7616 entities (0.0/sec)
  Progress: 3855/7616 entities (0.0/sec)
  Progress: 3860/7616 entities (0.0/sec)
  Progress: 3865/7616 entities (0.0/sec)
  Progress: 3870/7616 entities (0.0/sec)
  Progress: 3875/7616 entities (0.0/sec)
  Progress: 3880/7616 entities (0.0/sec)
  Progress: 3885/7616 entities (0.0/sec)
  Progress: 3890/7616 entities (0.0/sec)
  Progress: 3895/7616 entities (0.0/sec)
  Progress: 3900/7616 entities (0.0/sec)
  Progress: 3905/7616 entities (0.0/sec)
  Progress: 3910/7616 entities (0.0/sec)
  Progress: 3915/7616 entities (0.0/sec)
  Progress: 3920/7616 entities (0.0/sec)
  Progress: 3925/7616 entities (0.0/sec)
  Progress: 3930/7616 entities (0.0/sec)
  Progress: 3935/7616 entities (0.0/sec)
  Progress: 3940/7616 entities (0.0/sec)
  Progress: 3945/7616 entities (0.0/sec)
  Progress: 3950/7616 entities (0.0/sec)
  Progress: 3955/7616 entities (0.0/sec)
  Progress: 3960/7616 entities (0.0/sec)
  Progress: 3965/7616 entities (0.0/sec)
  Progress: 3970/7616 entities (0.0/sec)
  Progress: 3975/7616 entities (0.0/sec)
  Progress: 3980/7616 entities (0.0/sec)
  Progress: 3985/7616 entities (0.0/sec)
  Progress: 3990/7616 entities (0.0/sec)
  Progress: 3995/7616 entities (0.0/sec)
  Progress: 4000/7616 entities (0.0/sec)
  Progress: 4005/7616 entities (0.0/sec)
  Progress: 4010/7616 entities (0.0/sec)
  Progress: 4015/7616 entities (0.0/sec)
  Progress: 4020/7616 entities (0.0/sec)
  Progress: 4025/7616 entities (0.0/sec)
  Progress: 4030/7616 entities (0.0/sec)
  Progress: 4035/7616 entities (0.0/sec)
  Progress: 4040/7616 entities (0.0/sec)
  Progress: 4045/7616 entities (0.0/sec)
  Progress: 4050/7616 entities (0.0/sec)
  Progress: 4055/7616 entities (0.0/sec)
  Progress: 4060/7616 entities (0.0/sec)
  Progress: 4065/7616 entities (0.0/sec)
  Progress: 4070/7616 entities (0.0/sec)
  Progress: 4075/7616 entities (0.0/sec)
  Progress: 4080/7616 entities (0.0/sec)
  Progress: 4085/7616 entities (0.0/sec)
  Progress: 4090/7616 entities (0.0/sec)
  Progress: 4095/7616 entities (0.0/sec)
  Progress: 4100/7616 entities (0.0/sec)
  Progress: 4105/7616 entities (0.0/sec)
  Progress: 4110/7616 entities (0.0/sec)
  Progress: 4115/7616 entities (0.0/sec)
  Progress: 4120/7616 entities (0.0/sec)
  Progress: 4125/7616 entities (0.0/sec)
  Progress: 4130/7616 entities (0.0/sec)
  Progress: 4135/7616 entities (0.0/sec)
  Progress: 4140/7616 entities (0.0/sec)
  Progress: 4145/7616 entities (0.0/sec)
  Progress: 4150/7616 entities (0.0/sec)
  Progress: 4155/7616 entities (0.0/sec)
  Progress: 4160/7616 entities (0.0/sec)
  Progress: 4165/7616 entities (0.0/sec)
  Progress: 4170/7616 entities (0.0/sec)
  Progress: 4175/7616 entities (0.0/sec)
  Progress: 4180/7616 entities (0.0/sec)
  Progress: 4185/7616 entities (0.0/sec)
  Progress: 4190/7616 entities (0.0/sec)
  Progress: 4195/7616 entities (0.0/sec)
  Progress: 4200/7616 entities (0.0/sec)
  Progress: 4205/7616 entities (0.0/sec)
  Progress: 4210/7616 entities (0.0/sec)
  Progress: 4215/7616 entities (0.0/sec)
  Progress: 4220/7616 entities (0.0/sec)
  Progress: 4225/7616 entities (0.0/sec)
  Progress: 4230/7616 entities (0.0/sec)
  Progress: 4235/7616 entities (0.0/sec)
  Progress: 4240/7616 entities (0.0/sec)
  Progress: 4245/7616 entities (0.0/sec)
  Progress: 4250/7616 entities (0.0/sec)
  Progress: 4255/7616 entities (0.0/sec)
  Progress: 4260/7616 entities (0.0/sec)
  Progress: 4265/7616 entities (0.0/sec)
  Progress: 4270/7616 entities (0.0/sec)
  Progress: 4275/7616 entities (0.0/sec)
  Progress: 4280/7616 entities (0.0/sec)
  Progress: 4285/7616 entities (0.0/sec)
  Progress: 4290/7616 entities (0.0/sec)
  Progress: 4295/7616 entities (0.0/sec)
  Progress: 4300/7616 entities (0.0/sec)
  Progress: 4305/7616 entities (0.0/sec)
  Progress: 4310/7616 entities (0.0/sec)
  Progress: 4315/7616 entities (0.0/sec)
  Progress: 4320/7616 entities (0.0/sec)
  Progress: 4325/7616 entities (0.0/sec)
  Progress: 4330/7616 entities (0.0/sec)
  Progress: 4335/7616 entities (0.0/sec)
  Progress: 4340/7616 entities (0.0/sec)
  Progress: 4345/7616 entities (0.0/sec)
  Progress: 4350/7616 entities (0.0/sec)
  Progress: 4355/7616 entities (0.0/sec)
  Progress: 4360/7616 entities (0.0/sec)
  Progress: 4365/7616 entities (0.0/sec)
  Progress: 4370/7616 entities (0.0/sec)
  Progress: 4375/7616 entities (0.0/sec)
  Progress: 4380/7616 entities (0.0/sec)
  Progress: 4385/7616 entities (0.0/sec)
  Progress: 4390/7616 entities (0.0/sec)
  Progress: 4395/7616 entities (0.0/sec)
  Progress: 4400/7616 entities (0.0/sec)
  Progress: 4405/7616 entities (0.0/sec)
  Progress: 4410/7616 entities (0.0/sec)
  Progress: 4415/7616 entities (0.0/sec)
  Progress: 4420/7616 entities (0.0/sec)
  Progress: 4425/7616 entities (0.0/sec)
  Progress: 4430/7616 entities (0.0/sec)
  Progress: 4435/7616 entities (0.0/sec)
  Progress: 4440/7616 entities (0.0/sec)
  Progress: 4445/7616 entities (0.0/sec)
  Progress: 4450/7616 entities (0.0/sec)
  Progress: 4455/7616 entities (0.0/sec)
  Progress: 4460/7616 entities (0.0/sec)
  Progress: 4465/7616 entities (0.0/sec)
  Progress: 4470/7616 entities (0.0/sec)
  Progress: 4475/7616 entities (0.0/sec)
  Progress: 4480/7616 entities (0.0/sec)
  Progress: 4485/7616 entities (0.0/sec)
  Progress: 4490/7616 entities (0.0/sec)
  Progress: 4495/7616 entities (0.0/sec)
  Progress: 4500/7616 entities (0.0/sec)
  Progress: 4505/7616 entities (0.0/sec)
  Progress: 4510/7616 entities (0.0/sec)
  Progress: 4515/7616 entities (0.0/sec)
  Progress: 4520/7616 entities (0.0/sec)
  Progress: 4525/7616 entities (0.0/sec)
  Progress: 4530/7616 entities (0.0/sec)
  Progress: 4535/7616 entities (0.0/sec)
  Progress: 4540/7616 entities (0.0/sec)
  Progress: 4545/7616 entities (0.0/sec)
  Progress: 4550/7616 entities (0.0/sec)
  Progress: 4555/7616 entities (0.0/sec)
  Progress: 4560/7616 entities (0.0/sec)
  Progress: 4565/7616 entities (0.0/sec)
  Progress: 4570/7616 entities (0.0/sec)
  Progress: 4575/7616 entities (0.0/sec)
  Progress: 4580/7616 entities (0.0/sec)
  Progress: 4585/7616 entities (0.0/sec)
  Progress: 4590/7616 entities (0.0/sec)
  Progress: 4595/7616 entities (0.0/sec)
  Progress: 4600/7616 entities (0.0/sec)
  Progress: 4605/7616 entities (0.0/sec)
  Progress: 4610/7616 entities (0.0/sec)
  Progress: 4615/7616 entities (0.0/sec)
  Progress: 4620/7616 entities (0.0/sec)
  Progress: 4625/7616 entities (0.0/sec)
  Progress: 4630/7616 entities (0.0/sec)
  Progress: 4635/7616 entities (0.0/sec)
  Progress: 4640/7616 entities (0.0/sec)
  Progress: 4645/7616 entities (0.0/sec)
  Progress: 4650/7616 entities (0.0/sec)
  Progress: 4655/7616 entities (0.0/sec)
  Progress: 4660/7616 entities (0.0/sec)
  Progress: 4665/7616 entities (0.0/sec)
  Progress: 4670/7616 entities (0.0/sec)
  Progress: 4675/7616 entities (0.0/sec)
  Progress: 4680/7616 entities (0.0/sec)
  Progress: 4685/7616 entities (0.0/sec)
  Progress: 4690/7616 entities (0.0/sec)
  Progress: 4695/7616 entities (0.0/sec)
  Progress: 4700/7616 entities (0.0/sec)
  Progress: 4705/7616 entities (0.0/sec)
  Progress: 4710/7616 entities (0.0/sec)
  Progress: 4715/7616 entities (0.0/sec)
  Progress: 4720/7616 entities (0.0/sec)
  Progress: 4725/7616 entities (0.0/sec)
  Progress: 4730/7616 entities (0.0/sec)
  Progress: 4735/7616 entities (0.0/sec)
  Progress: 4740/7616 entities (0.0/sec)
  Progress: 4745/7616 entities (0.0/sec)
  Progress: 4750/7616 entities (0.0/sec)
  Progress: 4755/7616 entities (0.0/sec)
  Progress: 4760/7616 entities (0.0/sec)
  Progress: 4765/7616 entities (0.0/sec)
  Progress: 4770/7616 entities (0.0/sec)
  Progress: 4775/7616 entities (0.0/sec)
  Progress: 4780/7616 entities (0.0/sec)
  Progress: 4785/7616 entities (0.0/sec)
  Progress: 4790/7616 entities (0.0/sec)
  Progress: 4795/7616 entities (0.0/sec)
  Progress: 4800/7616 entities (0.0/sec)
  Progress: 4805/7616 entities (0.0/sec)
  Progress: 4810/7616 entities (0.0/sec)
  Progress: 4815/7616 entities (0.0/sec)
  Progress: 4820/7616 entities (0.0/sec)
  Progress: 4825/7616 entities (0.0/sec)
  Progress: 4830/7616 entities (0.0/sec)
  Progress: 4835/7616 entities (0.0/sec)
  Progress: 4840/7616 entities (0.0/sec)
  Progress: 4845/7616 entities (0.0/sec)
  Progress: 4850/7616 entities (0.0/sec)
  Progress: 4855/7616 entities (0.0/sec)
  Progress: 4860/7616 entities (0.0/sec)
  Progress: 4865/7616 entities (0.0/sec)
  Progress: 4870/7616 entities (0.0/sec)
  Progress: 4875/7616 entities (0.0/sec)
  Progress: 4880/7616 entities (0.0/sec)
  Progress: 4885/7616 entities (0.0/sec)
  Progress: 4890/7616 entities (0.0/sec)
  Progress: 4895/7616 entities (0.0/sec)
  Progress: 4900/7616 entities (0.0/sec)
  Progress: 4905/7616 entities (0.0/sec)
  Progress: 4910/7616 entities (0.0/sec)
  Progress: 4915/7616 entities (0.0/sec)
  Progress: 4920/7616 entities (0.0/sec)
  Progress: 4925/7616 entities (0.0/sec)
  Progress: 4930/7616 entities (0.0/sec)
  Progress: 4935/7616 entities (0.0/sec)
  Progress: 4940/7616 entities (0.0/sec)
  Progress: 4945/7616 entities (0.0/sec)
  Progress: 4950/7616 entities (0.0/sec)
  Progress: 4955/7616 entities (0.0/sec)
  Progress: 4960/7616 entities (0.0/sec)
  Progress: 4965/7616 entities (0.0/sec)
  Progress: 4970/7616 entities (0.0/sec)
  Progress: 4975/7616 entities (0.0/sec)
  Progress: 4980/7616 entities (0.0/sec)
  Progress: 4985/7616 entities (0.0/sec)
  Progress: 4990/7616 entities (0.0/sec)
  Progress: 4995/7616 entities (0.0/sec)
  Progress: 5000/7616 entities (0.0/sec)
  Progress: 5005/7616 entities (0.0/sec)
  Progress: 5010/7616 entities (0.0/sec)
  Progress: 5015/7616 entities (0.0/sec)
  Progress: 5020/7616 entities (0.0/sec)
  Progress: 5025/7616 entities (0.0/sec)
  Progress: 5030/7616 entities (0.0/sec)
  Progress: 5035/7616 entities (0.0/sec)
  Progress: 5040/7616 entities (0.0/sec)
  Progress: 5045/7616 entities (0.0/sec)
  Progress: 5050/7616 entities (0.0/sec)
  Progress: 5055/7616 entities (0.0/sec)
  Progress: 5060/7616 entities (0.0/sec)
  Progress: 5065/7616 entities (0.0/sec)
  Progress: 5070/7616 entities (0.0/sec)
  Progress: 5075/7616 entities (0.0/sec)
  Progress: 5080/7616 entities (0.0/sec)
  Progress: 5085/7616 entities (0.0/sec)
  Progress: 5090/7616 entities (0.0/sec)
  Progress: 5095/7616 entities (0.0/sec)
  Progress: 5100/7616 entities (0.0/sec)
  Progress: 5105/7616 entities (0.0/sec)
  Progress: 5110/7616 entities (0.0/sec)
  Progress: 5115/7616 entities (0.0/sec)
  Progress: 5120/7616 entities (0.0/sec)
  Progress: 5125/7616 entities (0.0/sec)
  Progress: 5130/7616 entities (0.0/sec)
  Progress: 5135/7616 entities (0.0/sec)
  Progress: 5140/7616 entities (0.0/sec)
  Progress: 5145/7616 entities (0.0/sec)
  Progress: 5150/7616 entities (0.0/sec)
  Progress: 5155/7616 entities (0.0/sec)
  Progress: 5160/7616 entities (0.0/sec)
  Progress: 5165/7616 entities (0.0/sec)
  Progress: 5170/7616 entities (0.0/sec)
  Progress: 5175/7616 entities (0.0/sec)
  Progress: 5180/7616 entities (0.0/sec)
  Progress: 5185/7616 entities (0.0/sec)
  Progress: 5190/7616 entities (0.0/sec)
  Progress: 5195/7616 entities (0.0/sec)
  Progress: 5200/7616 entities (0.0/sec)
  Progress: 5205/7616 entities (0.0/sec)
  Progress: 5210/7616 entities (0.0/sec)
  Progress: 5215/7616 entities (0.0/sec)
  Progress: 5220/7616 entities (0.0/sec)
  Progress: 5225/7616 entities (0.0/sec)
  Progress: 5230/7616 entities (0.0/sec)
  Progress: 5235/7616 entities (0.0/sec)
  Progress: 5240/7616 entities (0.0/sec)
  Progress: 5245/7616 entities (0.0/sec)
  Progress: 5250/7616 entities (0.0/sec)
  Progress: 5255/7616 entities (0.0/sec)
  Progress: 5260/7616 entities (0.0/sec)
  Progress: 5265/7616 entities (0.0/sec)
  Progress: 5270/7616 entities (0.0/sec)
  Progress: 5275/7616 entities (0.0/sec)
  Progress: 5280/7616 entities (0.0/sec)
  Progress: 5285/7616 entities (0.0/sec)
  Progress: 5290/7616 entities (0.0/sec)
  Progress: 5295/7616 entities (0.0/sec)
  Progress: 5300/7616 entities (0.0/sec)
  Progress: 5305/7616 entities (0.0/sec)
  Progress: 5310/7616 entities (0.0/sec)
  Progress: 5315/7616 entities (0.0/sec)
  Progress: 5320/7616 entities (0.0/sec)
  Progress: 5325/7616 entities (0.0/sec)
  Progress: 5330/7616 entities (0.0/sec)
  Progress: 5335/7616 entities (0.0/sec)
  Progress: 5340/7616 entities (0.0/sec)
  Progress: 5345/7616 entities (0.0/sec)
  Progress: 5350/7616 entities (0.0/sec)
  Progress: 5355/7616 entities (0.0/sec)
  Progress: 5360/7616 entities (0.0/sec)
  Progress: 5365/7616 entities (0.0/sec)
  Progress: 5370/7616 entities (0.0/sec)
  Progress: 5375/7616 entities (0.0/sec)
  Progress: 5380/7616 entities (0.0/sec)
  Progress: 5385/7616 entities (0.0/sec)
  Progress: 5390/7616 entities (0.0/sec)
  Progress: 5395/7616 entities (0.0/sec)
  Progress: 5400/7616 entities (0.0/sec)
  Progress: 5405/7616 entities (0.0/sec)
  Progress: 5410/7616 entities (0.0/sec)
  Progress: 5415/7616 entities (0.0/sec)
  Progress: 5420/7616 entities (0.0/sec)
  Progress: 5425/7616 entities (0.0/sec)
  Progress: 5430/7616 entities (0.0/sec)
  Progress: 5435/7616 entities (0.0/sec)
  Progress: 5440/7616 entities (0.0/sec)
  Progress: 5445/7616 entities (0.0/sec)
  Progress: 5450/7616 entities (0.0/sec)
  Progress: 5455/7616 entities (0.0/sec)
  Progress: 5460/7616 entities (0.0/sec)
  Progress: 5465/7616 entities (0.0/sec)
  Progress: 5470/7616 entities (0.0/sec)
  Progress: 5475/7616 entities (0.0/sec)
  Progress: 5480/7616 entities (0.0/sec)
  Progress: 5485/7616 entities (0.0/sec)
  Progress: 5490/7616 entities (0.0/sec)
  Progress: 5495/7616 entities (0.0/sec)
  Progress: 5500/7616 entities (0.0/sec)
  Progress: 5505/7616 entities (0.0/sec)
  Progress: 5510/7616 entities (0.0/sec)
  Progress: 5515/7616 entities (0.0/sec)
  Progress: 5520/7616 entities (0.0/sec)
  Progress: 5525/7616 entities (0.0/sec)
  Progress: 5530/7616 entities (0.0/sec)
  Progress: 5535/7616 entities (0.0/sec)
  Progress: 5540/7616 entities (0.0/sec)
  Progress: 5545/7616 entities (0.0/sec)
  Progress: 5550/7616 entities (0.0/sec)
  Progress: 5555/7616 entities (0.0/sec)
  Progress: 5560/7616 entities (0.0/sec)
  Progress: 5565/7616 entities (0.0/sec)
  Progress: 5570/7616 entities (0.0/sec)
  Progress: 5575/7616 entities (0.0/sec)
  Progress: 5580/7616 entities (0.0/sec)
  Progress: 5585/7616 entities (0.0/sec)
  Progress: 5590/7616 entities (0.0/sec)
  Progress: 5595/7616 entities (0.0/sec)
  Progress: 5600/7616 entities (0.0/sec)
  Progress: 5605/7616 entities (0.0/sec)
  Progress: 5610/7616 entities (0.0/sec)
  Progress: 5615/7616 entities (0.0/sec)
  Progress: 5620/7616 entities (0.0/sec)
  Progress: 5625/7616 entities (0.0/sec)
  Progress: 5630/7616 entities (0.0/sec)
  Progress: 5635/7616 entities (0.0/sec)
  Progress: 5640/7616 entities (0.0/sec)
  Progress: 5645/7616 entities (0.0/sec)
  Progress: 5650/7616 entities (0.0/sec)
  Progress: 5655/7616 entities (0.0/sec)
  Progress: 5660/7616 entities (0.0/sec)
  Progress: 5665/7616 entities (0.0/sec)
  Progress: 5670/7616 entities (0.0/sec)
  Progress: 5675/7616 entities (0.0/sec)
  Progress: 5680/7616 entities (0.0/sec)
  Progress: 5685/7616 entities (0.0/sec)
  Progress: 5690/7616 entities (0.0/sec)
  Progress: 5695/7616 entities (0.0/sec)
  Progress: 5700/7616 entities (0.0/sec)
  Progress: 5705/7616 entities (0.0/sec)
  Progress: 5710/7616 entities (0.0/sec)
  Progress: 5715/7616 entities (0.0/sec)
  Progress: 5720/7616 entities (0.0/sec)
  Progress: 5725/7616 entities (0.0/sec)
  Progress: 5730/7616 entities (0.0/sec)
  Progress: 5735/7616 entities (0.0/sec)
  Progress: 5740/7616 entities (0.0/sec)
  Progress: 5745/7616 entities (0.0/sec)
  Progress: 5750/7616 entities (0.0/sec)
  Progress: 5755/7616 entities (0.0/sec)
  Progress: 5760/7616 entities (0.0/sec)
  Progress: 5765/7616 entities (0.0/sec)
  Progress: 5770/7616 entities (0.0/sec)
  Progress: 5775/7616 entities (0.0/sec)
  Progress: 5780/7616 entities (0.0/sec)
  Progress: 5785/7616 entities (0.0/sec)
  Progress: 5790/7616 entities (0.0/sec)
  Progress: 5795/7616 entities (0.0/sec)
  Progress: 5800/7616 entities (0.0/sec)
  Progress: 5805/7616 entities (0.0/sec)
  Progress: 5810/7616 entities (0.0/sec)
  Progress: 5815/7616 entities (0.0/sec)
  Progress: 5820/7616 entities (0.0/sec)
  Progress: 5825/7616 entities (0.0/sec)
  Progress: 5830/7616 entities (0.0/sec)
  Progress: 5835/7616 entities (0.0/sec)
  Progress: 5840/7616 entities (0.0/sec)
  Progress: 5845/7616 entities (0.0/sec)
  Progress: 5850/7616 entities (0.0/sec)
  Progress: 5855/7616 entities (0.0/sec)
  Progress: 5860/7616 entities (0.0/sec)
  Progress: 5865/7616 entities (0.0/sec)
  Progress: 5870/7616 entities (0.0/sec)
  Progress: 5875/7616 entities (0.0/sec)
  Progress: 5880/7616 entities (0.0/sec)
  Progress: 5885/7616 entities (0.0/sec)
  Progress: 5890/7616 entities (0.0/sec)
  Progress: 5895/7616 entities (0.0/sec)
  Progress: 5900/7616 entities (0.0/sec)
  Progress: 5905/7616 entities (0.0/sec)
  Progress: 5910/7616 entities (0.0/sec)
  Progress: 5915/7616 entities (0.0/sec)
  Progress: 5920/7616 entities (0.0/sec)
  Progress: 5925/7616 entities (0.0/sec)
  Progress: 5930/7616 entities (0.0/sec)
  Progress: 5935/7616 entities (0.0/sec)
  Progress: 5940/7616 entities (0.0/sec)
  Progress: 5945/7616 entities (0.0/sec)
  Progress: 5950/7616 entities (0.0/sec)
  Progress: 5955/7616 entities (0.0/sec)
  Progress: 5960/7616 entities (0.0/sec)
  Progress: 5965/7616 entities (0.0/sec)
  Progress: 5970/7616 entities (0.0/sec)
  Progress: 5975/7616 entities (0.0/sec)
  Progress: 5980/7616 entities (0.0/sec)
  Progress: 5985/7616 entities (0.0/sec)
  Progress: 5990/7616 entities (0.0/sec)
  Progress: 5995/7616 entities (0.0/sec)
  Progress: 6000/7616 entities (0.0/sec)
  Progress: 6005/7616 entities (0.0/sec)
  Progress: 6010/7616 entities (0.0/sec)
  Progress: 6015/7616 entities (0.0/sec)
  Progress: 6020/7616 entities (0.0/sec)
  Progress: 6025/7616 entities (0.0/sec)
  Progress: 6030/7616 entities (0.0/sec)
  Progress: 6035/7616 entities (0.0/sec)
  Progress: 6040/7616 entities (0.0/sec)
  Progress: 6045/7616 entities (0.0/sec)
  Progress: 6050/7616 entities (0.0/sec)
  Progress: 6055/7616 entities (0.0/sec)
  Progress: 6060/7616 entities (0.0/sec)
  Progress: 6065/7616 entities (0.0/sec)
  Progress: 6070/7616 entities (0.0/sec)
  Progress: 6075/7616 entities (0.0/sec)
  Progress: 6080/7616 entities (0.0/sec)
  Progress: 6085/7616 entities (0.0/sec)
  Progress: 6090/7616 entities (0.0/sec)
  Progress: 6095/7616 entities (0.0/sec)
  Progress: 6100/7616 entities (0.0/sec)
  Progress: 6105/7616 entities (0.0/sec)
  Progress: 6110/7616 entities (0.0/sec)
  Progress: 6115/7616 entities (0.0/sec)
  Progress: 6120/7616 entities (0.0/sec)
  Progress: 6125/7616 entities (0.0/sec)
  Progress: 6130/7616 entities (0.0/sec)
  Progress: 6135/7616 entities (0.0/sec)
  Progress: 6140/7616 entities (0.0/sec)
  Progress: 6145/7616 entities (0.0/sec)
  Progress: 6150/7616 entities (0.0/sec)
  Progress: 6155/7616 entities (0.0/sec)
  Progress: 6160/7616 entities (0.0/sec)
  Progress: 6165/7616 entities (0.0/sec)
  Progress: 6170/7616 entities (0.0/sec)
  Progress: 6175/7616 entities (0.0/sec)
  Progress: 6180/7616 entities (0.0/sec)
  Progress: 6185/7616 entities (0.0/sec)
  Progress: 6190/7616 entities (0.0/sec)
  Progress: 6195/7616 entities (0.0/sec)
  Progress: 6200/7616 entities (0.0/sec)
  Progress: 6205/7616 entities (0.0/sec)
  Progress: 6210/7616 entities (0.0/sec)
  Progress: 6215/7616 entities (0.0/sec)
  Progress: 6220/7616 entities (0.0/sec)
  Progress: 6225/7616 entities (0.0/sec)
  Progress: 6230/7616 entities (0.0/sec)
  Progress: 6235/7616 entities (0.0/sec)
  Progress: 6240/7616 entities (0.0/sec)
  Progress: 6245/7616 entities (0.0/sec)
  Progress: 6250/7616 entities (0.0/sec)
  Progress: 6255/7616 entities (0.0/sec)
  Progress: 6260/7616 entities (0.0/sec)
  Progress: 6265/7616 entities (0.0/sec)
  Progress: 6270/7616 entities (0.0/sec)
  Progress: 6275/7616 entities (0.0/sec)
  Progress: 6280/7616 entities (0.0/sec)
  Progress: 6285/7616 entities (0.0/sec)
  Progress: 6290/7616 entities (0.0/sec)
  Progress: 6295/7616 entities (0.0/sec)
  Progress: 6300/7616 entities (0.0/sec)
  Progress: 6305/7616 entities (0.0/sec)
  Progress: 6310/7616 entities (0.0/sec)
  Progress: 6315/7616 entities (0.0/sec)
  Progress: 6320/7616 entities (0.0/sec)
  Progress: 6325/7616 entities (0.0/sec)
  Progress: 6330/7616 entities (0.0/sec)
  Progress: 6335/7616 entities (0.0/sec)
  Progress: 6340/7616 entities (0.0/sec)
  Progress: 6345/7616 entities (0.0/sec)
  Progress: 6350/7616 entities (0.0/sec)
  Progress: 6355/7616 entities (0.0/sec)
  Progress: 6360/7616 entities (0.0/sec)
  Progress: 6365/7616 entities (0.0/sec)
  Progress: 6370/7616 entities (0.0/sec)
  Progress: 6375/7616 entities (0.0/sec)
  Progress: 6380/7616 entities (0.0/sec)
  Progress: 6385/7616 entities (0.0/sec)
  Progress: 6390/7616 entities (0.0/sec)
  Progress: 6395/7616 entities (0.0/sec)
  Progress: 6400/7616 entities (0.0/sec)
  Progress: 6405/7616 entities (0.0/sec)
  Progress: 6410/7616 entities (0.0/sec)
  Progress: 6415/7616 entities (0.0/sec)
  Progress: 6420/7616 entities (0.0/sec)
  Progress: 6425/7616 entities (0.0/sec)
  Progress: 6430/7616 entities (0.0/sec)
  Progress: 6435/7616 entities (0.0/sec)
  Progress: 6440/7616 entities (0.0/sec)
  Progress: 6445/7616 entities (0.0/sec)
  Progress: 6450/7616 entities (0.0/sec)
  Progress: 6455/7616 entities (0.0/sec)
  Progress: 6460/7616 entities (0.0/sec)
  Progress: 6465/7616 entities (0.0/sec)
  Progress: 6470/7616 entities (0.0/sec)
  Progress: 6475/7616 entities (0.0/sec)
  Progress: 6480/7616 entities (0.0/sec)
  Progress: 6485/7616 entities (0.0/sec)
  Progress: 6490/7616 entities (0.0/sec)
  Progress: 6495/7616 entities (0.0/sec)
  Progress: 6500/7616 entities (0.0/sec)
  Progress: 6505/7616 entities (0.0/sec)
  Progress: 6510/7616 entities (0.0/sec)
  Progress: 6515/7616 entities (0.0/sec)
  Progress: 6520/7616 entities (0.0/sec)
  Progress: 6525/7616 entities (0.0/sec)
  Progress: 6530/7616 entities (0.0/sec)
  Progress: 6535/7616 entities (0.0/sec)
  Progress: 6540/7616 entities (0.0/sec)
  Progress: 6545/7616 entities (0.0/sec)
  Progress: 6550/7616 entities (0.0/sec)
  Progress: 6555/7616 entities (0.0/sec)
  Progress: 6560/7616 entities (0.0/sec)
  Progress: 6565/7616 entities (0.0/sec)
  Progress: 6570/7616 entities (0.0/sec)
  Progress: 6575/7616 entities (0.0/sec)
  Progress: 6580/7616 entities (0.0/sec)
  Progress: 6585/7616 entities (0.0/sec)
  Progress: 6590/7616 entities (0.0/sec)
  Progress: 6595/7616 entities (0.0/sec)
  Progress: 6600/7616 entities (0.0/sec)
  Progress: 6605/7616 entities (0.0/sec)
  Progress: 6610/7616 entities (0.0/sec)
  Progress: 6615/7616 entities (0.0/sec)
  Progress: 6620/7616 entities (0.0/sec)
  Progress: 6625/7616 entities (0.0/sec)
  Progress: 6630/7616 entities (0.0/sec)
  Progress: 6635/7616 entities (0.0/sec)
  Progress: 6640/7616 entities (0.0/sec)
  Progress: 6645/7616 entities (0.0/sec)
  Progress: 6650/7616 entities (0.0/sec)
  Progress: 6655/7616 entities (0.0/sec)
  Progress: 6660/7616 entities (0.0/sec)
  Progress: 6665/7616 entities (0.0/sec)
  Progress: 6670/7616 entities (0.0/sec)
  Progress: 6675/7616 entities (0.0/sec)
  Progress: 6680/7616 entities (0.0/sec)
  Progress: 6685/7616 entities (0.0/sec)
  Progress: 6690/7616 entities (0.0/sec)
  Progress: 6695/7616 entities (0.0/sec)
  Progress: 6700/7616 entities (0.0/sec)
  Progress: 6705/7616 entities (0.0/sec)
  Progress: 6710/7616 entities (0.0/sec)
  Progress: 6715/7616 entities (0.0/sec)
  Progress: 6720/7616 entities (0.0/sec)
  Progress: 6725/7616 entities (0.0/sec)
  Progress: 6730/7616 entities (0.0/sec)
  Progress: 6735/7616 entities (0.0/sec)
  Progress: 6740/7616 entities (0.0/sec)
  Progress: 6745/7616 entities (0.0/sec)
  Progress: 6750/7616 entities (0.0/sec)
  Progress: 6755/7616 entities (0.0/sec)
  Progress: 6760/7616 entities (0.0/sec)
  Progress: 6765/7616 entities (0.0/sec)
  Progress: 6770/7616 entities (0.0/sec)
  Progress: 6775/7616 entities (0.0/sec)
  Progress: 6780/7616 entities (0.0/sec)
  Progress: 6785/7616 entities (0.0/sec)
  Progress: 6790/7616 entities (0.0/sec)
  Progress: 6795/7616 entities (0.0/sec)
  Progress: 6800/7616 entities (0.0/sec)
  Progress: 6805/7616 entities (0.0/sec)
  Progress: 6810/7616 entities (0.0/sec)
  Progress: 6815/7616 entities (0.0/sec)
  Progress: 6820/7616 entities (0.0/sec)
  Progress: 6825/7616 entities (0.0/sec)
  Progress: 6830/7616 entities (0.0/sec)
  Progress: 6835/7616 entities (0.0/sec)
  Progress: 6840/7616 entities (0.0/sec)
  Progress: 6845/7616 entities (0.0/sec)
  Progress: 6850/7616 entities (0.0/sec)
  Progress: 6855/7616 entities (0.0/sec)
  Progress: 6860/7616 entities (0.0/sec)
  Progress: 6865/7616 entities (0.0/sec)
  Progress: 6870/7616 entities (0.0/sec)
  Progress: 6875/7616 entities (0.0/sec)
  Progress: 6880/7616 entities (0.0/sec)
  Progress: 6885/7616 entities (0.0/sec)
  Progress: 6890/7616 entities (0.0/sec)
  Progress: 6895/7616 entities (0.0/sec)
  Progress: 6900/7616 entities (0.0/sec)
  Progress: 6905/7616 entities (0.0/sec)
  Progress: 6910/7616 entities (0.0/sec)
  Progress: 6915/7616 entities (0.0/sec)
  Progress: 6920/7616 entities (0.0/sec)
  Progress: 6925/7616 entities (0.0/sec)
  Progress: 6930/7616 entities (0.0/sec)
  Progress: 6935/7616 entities (0.0/sec)
  Progress: 6940/7616 entities (0.0/sec)
  Progress: 6945/7616 entities (0.0/sec)
  Progress: 6950/7616 entities (0.0/sec)
  Progress: 6955/7616 entities (0.0/sec)
  Progress: 6960/7616 entities (0.0/sec)
  Progress: 6965/7616 entities (0.0/sec)
  Progress: 6970/7616 entities (0.0/sec)
  Progress: 6975/7616 entities (0.0/sec)
  Progress: 6980/7616 entities (0.0/sec)
  Progress: 6985/7616 entities (0.0/sec)
  Progress: 6990/7616 entities (0.0/sec)
  Progress: 6995/7616 entities (0.0/sec)
  Progress: 7000/7616 entities (0.0/sec)
  Progress: 7005/7616 entities (0.0/sec)
  Progress: 7010/7616 entities (0.0/sec)
  Progress: 7015/7616 entities (0.0/sec)
  Progress: 7020/7616 entities (0.0/sec)
  Progress: 7025/7616 entities (0.0/sec)
  Progress: 7030/7616 entities (0.0/sec)
  Progress: 7035/7616 entities (0.0/sec)
  Progress: 7040/7616 entities (0.0/sec)
  Progress: 7045/7616 entities (0.0/sec)
  Progress: 7050/7616 entities (0.0/sec)
  Progress: 7055/7616 entities (0.0/sec)
  Progress: 7060/7616 entities (0.0/sec)
  Progress: 7065/7616 entities (0.0/sec)
  Progress: 7070/7616 entities (0.0/sec)
  Progress: 7075/7616 entities (0.0/sec)
  Progress: 7080/7616 entities (0.0/sec)
  Progress: 7085/7616 entities (0.0/sec)
  Progress: 7090/7616 entities (0.0/sec)
  Progress: 7095/7616 entities (0.0/sec)
  Progress: 7100/7616 entities (0.0/sec)
  Progress: 7105/7616 entities (0.0/sec)
  Progress: 7110/7616 entities (0.0/sec)
  Progress: 7115/7616 entities (0.0/sec)
  Progress: 7120/7616 entities (0.0/sec)
  Progress: 7125/7616 entities (0.0/sec)
  Progress: 7130/7616 entities (0.0/sec)
  Progress: 7135/7616 entities (0.0/sec)
  Progress: 7140/7616 entities (0.0/sec)
  Progress: 7145/7616 entities (0.0/sec)
  Progress: 7150/7616 entities (0.0/sec)
  Progress: 7155/7616 entities (0.0/sec)
  Progress: 7160/7616 entities (0.0/sec)
  Progress: 7165/7616 entities (0.0/sec)
  Progress: 7170/7616 entities (0.0/sec)
  Progress: 7175/7616 entities (0.0/sec)
  Progress: 7180/7616 entities (0.0/sec)
  Progress: 7185/7616 entities (0.0/sec)
  Progress: 7190/7616 entities (0.0/sec)
  Progress: 7195/7616 entities (0.0/sec)
  Progress: 7200/7616 entities (0.0/sec)
  Progress: 7205/7616 entities (0.0/sec)
  Progress: 7210/7616 entities (0.0/sec)
  Progress: 7215/7616 entities (0.0/sec)
  Progress: 7220/7616 entities (0.0/sec)
  Progress: 7225/7616 entities (0.0/sec)
  Progress: 7230/7616 entities (0.0/sec)
  Progress: 7235/7616 entities (0.0/sec)
  Progress: 7240/7616 entities (0.0/sec)
  Progress: 7245/7616 entities (0.0/sec)
  Progress: 7250/7616 entities (0.0/sec)
  Progress: 7255/7616 entities (0.0/sec)
  Progress: 7260/7616 entities (0.0/sec)
  Progress: 7265/7616 entities (0.0/sec)
  Progress: 7270/7616 entities (0.0/sec)
  Progress: 7275/7616 entities (0.0/sec)
  Progress: 7280/7616 entities (0.0/sec)
  Progress: 7285/7616 entities (0.0/sec)
  Progress: 7290/7616 entities (0.0/sec)
  Progress: 7295/7616 entities (0.0/sec)
  Progress: 7300/7616 entities (0.0/sec)
  Progress: 7305/7616 entities (0.0/sec)
  Progress: 7310/7616 entities (0.0/sec)
  Progress: 7315/7616 entities (0.0/sec)
  Progress: 7320/7616 entities (0.0/sec)
  Progress: 7325/7616 entities (0.0/sec)
  Progress: 7330/7616 entities (0.0/sec)
  Progress: 7335/7616 entities (0.0/sec)
  Progress: 7340/7616 entities (0.0/sec)
  Progress: 7345/7616 entities (0.0/sec)
  Progress: 7350/7616 entities (0.0/sec)
  Progress: 7355/7616 entities (0.0/sec)
  Progress: 7360/7616 entities (0.0/sec)
  Progress: 7365/7616 entities (0.0/sec)
  Progress: 7370/7616 entities (0.0/sec)
  Progress: 7375/7616 entities (0.0/sec)
  Progress: 7380/7616 entities (0.0/sec)
  Progress: 7385/7616 entities (0.0/sec)
  Progress: 7390/7616 entities (0.0/sec)
  Progress: 7395/7616 entities (0.0/sec)
  Progress: 7400/7616 entities (0.0/sec)
  Progress: 7405/7616 entities (0.0/sec)
  Progress: 7410/7616 entities (0.0/sec)
  Progress: 7415/7616 entities (0.0/sec)
  Progress: 7420/7616 entities (0.0/sec)
  Progress: 7425/7616 entities (0.0/sec)
  Progress: 7430/7616 entities (0.0/sec)
  Progress: 7435/7616 entities (0.0/sec)
  Progress: 7440/7616 entities (0.0/sec)
  Progress: 7445/7616 entities (0.0/sec)
  Progress: 7450/7616 entities (0.0/sec)
  Progress: 7455/7616 entities (0.0/sec)
  Progress: 7460/7616 entities (0.0/sec)
  Progress: 7465/7616 entities (0.0/sec)
  Progress: 7470/7616 entities (0.0/sec)
  Progress: 7475/7616 entities (0.0/sec)
  Progress: 7480/7616 entities (0.0/sec)
  Progress: 7485/7616 entities (0.0/sec)
  Progress: 7490/7616 entities (0.0/sec)
  Progress: 7495/7616 entities (0.0/sec)
  Progress: 7500/7616 entities (0.0/sec)
  Progress: 7505/7616 entities (0.0/sec)
  Progress: 7510/7616 entities (0.0/sec)
  Progress: 7515/7616 entities (0.0/sec)
  Progress: 7520/7616 entities (0.0/sec)
  Progress: 7525/7616 entities (0.0/sec)
  Progress: 7530/7616 entities (0.0/sec)
  Progress: 7535/7616 entities (0.0/sec)
  Progress: 7540/7616 entities (0.0/sec)
  Progress: 7545/7616 entities (0.0/sec)
  Progress: 7550/7616 entities (0.0/sec)
  Progress: 7555/7616 entities (0.0/sec)
  Progress: 7560/7616 entities (0.0/sec)
  Progress: 7565/7616 entities (0.0/sec)
  Progress: 7570/7616 entities (0.0/sec)
  Progress: 7575/7616 entities (0.0/sec)
  Progress: 7580/7616 entities (0.0/sec)
  Progress: 7585/7616 entities (0.0/sec)
  Progress: 7590/7616 entities (0.0/sec)
  Progress: 7595/7616 entities (0.0/sec)
  Progress: 7600/7616 entities (0.0/sec)
  Progress: 7605/7616 entities (0.0/sec)
  Progress: 7610/7616 entities (0.0/sec)
  Progress: 7615/7616 entities (0.0/sec)
  Progress: 7616/7616 entities (0.0/sec)

Registration complete:
  Entities:        0
  Artifacts:       0
  Skipped:         7616
  Artifact errors: 0
  Shared axes:     0 registered, 5 skipped, 0 errors
  Time:            202.2 seconds

==================================================
Verification
==================================================
Dataset containers at root: 66

Dataset 'BENCH_PER_ENTITY':
  metadata keys: 16
    sample: ['data_type', 'description', 'facility', 'fingerprint', 'label', 'material', 'method', 'producer']
  shared axes: 5/5 registered as array children ['H', 'energies', 'energies_powder', 'qs', 'radii']
  entity containers: 7616
    sample: ['BENCH_PER_ENTITY_e141cee652bec', 'BENCH_PER_ENTITY_859bcdffe3a8b', 'BENCH_PER_ENTITY_bd6ccbee9f986']

Entity 'BENCH_PER_ENTITY_e141cee652bec':
  metadata keys: 22 (locators: 6)
  artifact children: 6
    sample: ['hisym', 'powder', 'powder_mask', 'mag_a', 'mag_b']

Artifact 'hisym':
  shape: (384, 384)  dtype: float64

Done!
-- BENCH_PER_ENTITY resume: 214s rc=0
== BENCH_PER_ENTITY verify (2026-09-20T04:33:34Z) ==
VERIFY BENCH_PER_ENTITY: entities=7616/7616 shared=5 broken=39 spot_every=199 -> FAIL
details: BENCH_PER_ENTITY.broken.txt (first 5)
  BENCH_PER_ENTITY_e141cee652bec: HTTPStatusError("Server error '500 Internal Server Error' for url 'https://lcls-data-portal.slac.stanford.edu/tiled-test/api/v1/array/full/BENCH_PER_ENTITY/BENCH_PER_ENTITY_e141cee652bec/mag_b?expected_shape=scalar&slice=0'\nFor more information, server admin can search server logs for correlation ID a1a19fe0c6e42ac7.")
  BENCH_PER_ENTITY_a9daf3a10f651: HTTPStatusError("Server error '500 Internal Server Error' for url 'https://lcls-data-portal.slac.stanford.edu/tiled-test/api/v1/array/full/BENCH_PER_ENTITY/BENCH_PER_ENTITY_a9daf3a10f651/mag_b?expected_shape=scalar&slice=0'\nFor more information, server admin can search server logs for correlation ID d7fc8bc8e6c90f2a.")
  BENCH_PER_ENTITY_c703c21923478: HTTPStatusError("Server error '500 Internal Server Error' for url 'https://lcls-data-portal.slac.stanford.edu/tiled-test/api/v1/array/full/BENCH_PER_ENTITY/BENCH_PER_ENTITY_c703c21923478/mag_b?expected_shape=scalar&slice=0'\nFor more information, server admin can search server logs for correlation ID f738eb3e48a8aa4f.")
  BENCH_PER_ENTITY_46a366e8f2f1b: HTTPStatusError("Server error '500 Internal Server Error' for url 'https://lcls-data-portal.slac.stanford.edu/tiled-test/api/v1/array/full/BENCH_PER_ENTITY/BENCH_PER_ENTITY_46a366e8f2f1b/mag_b?expected_shape=scalar&slice=0'\nFor more information, server admin can search server logs for correlation ID 22b9a2493b38f743.")
  BENCH_PER_ENTITY_e63bfb72b7d46: HTTPStatusError("Server error '500 Internal Server Error' for url 'https://lcls-data-portal.slac.stanford.edu/tiled-test/api/v1/array/full/BENCH_PER_ENTITY/BENCH_PER_ENTITY_e63bfb72b7d46/mag_b?expected_shape=scalar&slice=0'\nFor more information, server admin can search server logs for correlation ID 3f909f118e7a59b1.")
-- BENCH_PER_ENTITY verify: 138s rc=1
== BENCH_BATCHED_5F delete (2026-09-20T04:40:59Z) ==
==================================================
Delete
==================================================

Checking Tiled server at https://lcls-data-portal.slac.stanford.edu/tiled-test ...
Server is running.

Target:      https://lcls-data-portal.slac.stanford.edu/tiled-test/BENCH_BATCHED_5F
Granularity: dataset
Counts:      10002 child nodes
Note:        External HDF5 files are NOT removed; only catalog entries.

  deleted: BENCH_BATCHED_5F

Done.
-- BENCH_BATCHED_5F delete: 7s rc=0
== BENCH_PER_ENTITY delete (2026-09-20T04:41:06Z) ==
==================================================
Delete
==================================================

Checking Tiled server at https://lcls-data-portal.slac.stanford.edu/tiled-test ...
Server is running.

Target:      https://lcls-data-portal.slac.stanford.edu/tiled-test/BENCH_PER_ENTITY
Granularity: dataset
Counts:      7621 child nodes
Note:        External HDF5 files are NOT removed; only catalog entries.

  deleted: BENCH_PER_ENTITY

Done.
-- BENCH_PER_ENTITY delete: 11s rc=0
== BENCH_BATCHED_5F register (2026-09-20T04:41:17Z) ==
==================================================
Register (HTTP)
==================================================
Configs: ['/sdf/data/lcls/ds/prj/prjmaiqmag01/results/ajshack/tiled-bench/_bench_ws/trainbench/datasets/sam_klein_v2.yml']

Checking Tiled server at https://lcls-data-portal.slac.stanford.edu/tiled-test ...
Server is running.
Connected to https://lcls-data-portal.slac.stanford.edu/tiled-test (65 existing containers)
Created dataset container 'BENCH_BATCHED_5F' (storage: external)
  Registered shared axis 'eloss' shape=[151] dtype=float64
  Registered shared axis 'omega_bounds' shape=[2] dtype=float64
Pre-grouping artifacts by uid...

--- Registering Bench Batched 5F (10000 entities via HTTP, external, pool=8) ---
  Progress: 5/10000 entities (1.0/sec)
  Progress: 10/10000 entities (2.0/sec)
  Progress: 15/10000 entities (2.9/sec)
  Progress: 20/10000 entities (3.7/sec)
  Progress: 25/10000 entities (4.5/sec)
  Progress: 30/10000 entities (5.2/sec)
  Progress: 35/10000 entities (5.9/sec)
  Progress: 40/10000 entities (6.7/sec)
  Progress: 45/10000 entities (7.3/sec)
  Progress: 50/10000 entities (7.7/sec)
  Progress: 55/10000 entities (8.3/sec)
  Progress: 60/10000 entities (8.7/sec)
  Progress: 65/10000 entities (9.2/sec)
  Progress: 70/10000 entities (9.7/sec)
  Progress: 75/10000 entities (10.1/sec)
  Progress: 80/10000 entities (10.4/sec)
  Progress: 85/10000 entities (10.9/sec)
  Progress: 90/10000 entities (11.3/sec)
  Progress: 95/10000 entities (11.6/sec)
  Progress: 100/10000 entities (12.0/sec)
  Progress: 105/10000 entities (12.4/sec)
  Progress: 110/10000 entities (12.7/sec)
  Progress: 115/10000 entities (12.9/sec)
  Progress: 120/10000 entities (13.4/sec)
  Progress: 125/10000 entities (13.6/sec)
  Progress: 130/10000 entities (13.9/sec)
  Progress: 135/10000 entities (14.2/sec)
  Progress: 140/10000 entities (14.6/sec)
  Progress: 145/10000 entities (14.8/sec)
  Progress: 150/10000 entities (15.2/sec)
  Progress: 155/10000 entities (15.5/sec)
  Progress: 160/10000 entities (15.7/sec)
  Progress: 165/10000 entities (15.8/sec)
  Progress: 170/10000 entities (16.1/sec)
  Progress: 175/10000 entities (16.4/sec)
  Progress: 180/10000 entities (16.7/sec)
  Progress: 185/10000 entities (16.9/sec)
  Progress: 190/10000 entities (17.1/sec)
  Progress: 195/10000 entities (17.5/sec)
  Progress: 200/10000 entities (17.4/sec)
  Progress: 205/10000 entities (17.5/sec)
  Progress: 210/10000 entities (17.8/sec)
  Progress: 215/10000 entities (17.9/sec)
  Progress: 220/10000 entities (18.3/sec)
  Progress: 225/10000 entities (18.2/sec)
  Progress: 230/10000 entities (18.4/sec)
  Progress: 235/10000 entities (18.6/sec)
  Progress: 240/10000 entities (18.7/sec)
  Progress: 245/10000 entities (18.9/sec)
  Progress: 250/10000 entities (19.0/sec)
  Progress: 255/10000 entities (19.3/sec)
  Progress: 260/10000 entities (19.3/sec)
  Progress: 265/10000 entities (19.4/sec)
  Progress: 270/10000 entities (19.6/sec)
  Progress: 275/10000 entities (19.8/sec)
  Progress: 280/10000 entities (19.8/sec)
  Progress: 285/10000 entities (20.1/sec)
  Progress: 290/10000 entities (19.9/sec)
  Progress: 295/10000 entities (20.2/sec)
  Progress: 300/10000 entities (20.3/sec)
  Progress: 305/10000 entities (20.4/sec)
  Progress: 310/10000 entities (20.6/sec)
  Progress: 315/10000 entities (20.8/sec)
  Progress: 320/10000 entities (20.8/sec)
  Progress: 325/10000 entities (21.0/sec)
  Progress: 330/10000 entities (21.1/sec)
  Progress: 335/10000 entities (21.2/sec)
  Progress: 340/10000 entities (21.3/sec)
  Progress: 345/10000 entities (21.4/sec)
  Progress: 350/10000 entities (21.6/sec)
  Progress: 355/10000 entities (21.5/sec)
  Progress: 360/10000 entities (21.7/sec)
  Progress: 365/10000 entities (21.6/sec)
  Progress: 370/10000 entities (21.8/sec)
  Progress: 375/10000 entities (21.9/sec)
  Progress: 380/10000 entities (22.1/sec)
  Progress: 385/10000 entities (22.2/sec)
  Progress: 390/10000 entities (22.2/sec)
  Progress: 395/10000 entities (22.3/sec)
  Progress: 400/10000 entities (22.4/sec)
  Progress: 405/10000 entities (22.5/sec)
  Progress: 410/10000 entities (22.5/sec)
  Progress: 415/10000 entities (22.6/sec)
  Progress: 420/10000 entities (22.6/sec)
  Progress: 425/10000 entities (22.7/sec)
  Progress: 430/10000 entities (22.8/sec)
  Progress: 435/10000 entities (22.9/sec)
  Progress: 440/10000 entities (23.0/sec)
  Progress: 445/10000 entities (23.0/sec)
  Progress: 450/10000 entities (23.1/sec)
  Progress: 455/10000 entities (23.1/sec)
  Progress: 460/10000 entities (23.2/sec)
  Progress: 465/10000 entities (23.3/sec)
  Progress: 470/10000 entities (23.4/sec)
  Progress: 475/10000 entities (23.5/sec)
  Progress: 480/10000 entities (23.4/sec)
  Progress: 485/10000 entities (23.5/sec)
  Progress: 490/10000 entities (23.5/sec)
  Progress: 495/10000 entities (23.6/sec)
  Progress: 500/10000 entities (23.7/sec)
  Progress: 505/10000 entities (23.8/sec)
  Progress: 510/10000 entities (23.8/sec)
  Progress: 515/10000 entities (23.9/sec)
  Progress: 520/10000 entities (23.9/sec)
  Progress: 525/10000 entities (24.0/sec)
  Progress: 530/10000 entities (24.0/sec)
  Progress: 535/10000 entities (24.1/sec)
  Progress: 540/10000 entities (24.0/sec)
  Progress: 545/10000 entities (24.0/sec)
  Progress: 550/10000 entities (24.1/sec)
  Progress: 555/10000 entities (24.1/sec)
  Progress: 560/10000 entities (24.2/sec)
  Progress: 565/10000 entities (24.1/sec)
  Progress: 570/10000 entities (24.2/sec)
  Progress: 575/10000 entities (24.3/sec)
  Progress: 580/10000 entities (24.3/sec)
  Progress: 585/10000 entities (24.4/sec)
  Progress: 590/10000 entities (24.4/sec)
  Progress: 595/10000 entities (24.2/sec)
  Progress: 600/10000 entities (24.4/sec)
  Progress: 605/10000 entities (24.4/sec)
  Progress: 610/10000 entities (24.4/sec)
  Progress: 615/10000 entities (24.5/sec)
  Progress: 620/10000 entities (24.4/sec)
  Progress: 625/10000 entities (24.4/sec)
  Progress: 630/10000 entities (24.4/sec)
  Progress: 635/10000 entities (24.5/sec)
  Progress: 640/10000 entities (24.5/sec)
  Progress: 645/10000 entities (24.6/sec)
  Progress: 650/10000 entities (24.6/sec)
  Progress: 655/10000 entities (24.7/sec)
  Progress: 660/10000 entities (24.8/sec)
  Progress: 665/10000 entities (24.8/sec)
  Progress: 670/10000 entities (24.8/sec)
  Progress: 675/10000 entities (25.0/sec)
  Progress: 680/10000 entities (25.0/sec)
  Progress: 685/10000 entities (25.0/sec)
  Progress: 690/10000 entities (25.0/sec)
  Progress: 695/10000 entities (25.0/sec)
  Progress: 700/10000 entities (25.1/sec)
  Progress: 705/10000 entities (25.1/sec)
  Progress: 710/10000 entities (25.2/sec)
  Progress: 715/10000 entities (25.1/sec)
  Progress: 720/10000 entities (25.2/sec)
  Progress: 725/10000 entities (25.2/sec)
  Progress: 730/10000 entities (25.3/sec)
  Progress: 735/10000 entities (25.3/sec)
  Progress: 740/10000 entities (25.4/sec)
  Progress: 745/10000 entities (25.3/sec)
  Progress: 750/10000 entities (25.3/sec)
  Progress: 755/10000 entities (25.4/sec)
  Progress: 760/10000 entities (25.5/sec)
  Progress: 765/10000 entities (25.4/sec)
  Progress: 770/10000 entities (25.6/sec)
  Progress: 775/10000 entities (25.3/sec)
  Progress: 780/10000 entities (25.3/sec)
  Progress: 785/10000 entities (25.4/sec)
  Progress: 790/10000 entities (25.4/sec)
  Progress: 795/10000 entities (25.2/sec)
  Progress: 800/10000 entities (25.3/sec)
  Progress: 805/10000 entities (25.3/sec)
  Progress: 810/10000 entities (25.4/sec)
  Progress: 815/10000 entities (25.4/sec)
  Progress: 820/10000 entities (25.5/sec)
  Progress: 825/10000 entities (25.4/sec)
  Progress: 830/10000 entities (25.4/sec)
  Progress: 835/10000 entities (25.3/sec)
  Progress: 840/10000 entities (25.5/sec)
  Progress: 845/10000 entities (25.4/sec)
  Progress: 850/10000 entities (25.4/sec)
  Progress: 855/10000 entities (25.5/sec)
  Progress: 860/10000 entities (25.5/sec)
  Progress: 865/10000 entities (25.4/sec)
  Progress: 870/10000 entities (25.5/sec)
  Progress: 875/10000 entities (25.6/sec)
  Progress: 880/10000 entities (25.5/sec)
  Progress: 885/10000 entities (25.6/sec)
  Progress: 890/10000 entities (25.5/sec)
  Progress: 895/10000 entities (25.6/sec)
  Progress: 900/10000 entities (25.6/sec)
  Progress: 905/10000 entities (25.5/sec)
  Progress: 910/10000 entities (25.5/sec)
  Progress: 915/10000 entities (25.6/sec)
  Progress: 920/10000 entities (25.6/sec)
  Progress: 925/10000 entities (25.7/sec)
  Progress: 930/10000 entities (25.6/sec)
  Progress: 935/10000 entities (25.5/sec)
  Progress: 940/10000 entities (25.5/sec)
  Progress: 945/10000 entities (25.5/sec)
  Progress: 950/10000 entities (25.6/sec)
  Progress: 955/10000 entities (25.4/sec)
  Progress: 960/10000 entities (25.4/sec)
  Progress: 965/10000 entities (25.4/sec)
  Progress: 970/10000 entities (25.4/sec)
  Progress: 975/10000 entities (25.4/sec)
  Progress: 980/10000 entities (25.4/sec)
  Progress: 985/10000 entities (25.5/sec)
  Progress: 990/10000 entities (25.5/sec)
  Progress: 995/10000 entities (25.5/sec)
  Progress: 1000/10000 entities (25.5/sec)
  Progress: 1005/10000 entities (25.5/sec)
  Progress: 1010/10000 entities (25.5/sec)
  Progress: 1015/10000 entities (25.6/sec)
  Progress: 1020/10000 entities (25.6/sec)
  Progress: 1025/10000 entities (25.7/sec)
  Progress: 1030/10000 entities (25.7/sec)
  Progress: 1035/10000 entities (25.6/sec)
  Progress: 1040/10000 entities (25.7/sec)
  Progress: 1045/10000 entities (25.7/sec)
  Progress: 1050/10000 entities (25.7/sec)
  Progress: 1055/10000 entities (25.7/sec)
  Progress: 1060/10000 entities (25.8/sec)
  Progress: 1065/10000 entities (25.7/sec)
  Progress: 1070/10000 entities (25.7/sec)
  Progress: 1075/10000 entities (25.8/sec)
  Progress: 1080/10000 entities (25.8/sec)
  Progress: 1085/10000 entities (25.9/sec)
  Progress: 1090/10000 entities (25.9/sec)
  Progress: 1095/10000 entities (25.9/sec)
  Progress: 1100/10000 entities (25.9/sec)
  Progress: 1105/10000 entities (26.0/sec)
  Progress: 1110/10000 entities (26.0/sec)
  Progress: 1115/10000 entities (26.0/sec)
  Progress: 1120/10000 entities (26.0/sec)
  Progress: 1125/10000 entities (26.1/sec)
  Progress: 1130/10000 entities (26.0/sec)
  Progress: 1135/10000 entities (26.1/sec)
  Progress: 1140/10000 entities (26.1/sec)
  Progress: 1145/10000 entities (26.1/sec)
  Progress: 1150/10000 entities (26.1/sec)
  Progress: 1155/10000 entities (26.0/sec)
  Progress: 1160/10000 entities (26.1/sec)
  Progress: 1165/10000 entities (26.1/sec)
  Progress: 1170/10000 entities (26.1/sec)
  Progress: 1175/10000 entities (26.1/sec)
  Progress: 1180/10000 entities (26.1/sec)
  Progress: 1185/10000 entities (26.1/sec)
  Progress: 1190/10000 entities (26.1/sec)
  Progress: 1195/10000 entities (26.1/sec)
  Progress: 1200/10000 entities (26.1/sec)
  Progress: 1205/10000 entities (26.2/sec)
  Progress: 1210/10000 entities (26.2/sec)
  Progress: 1215/10000 entities (26.2/sec)
  Progress: 1220/10000 entities (26.2/sec)
  Progress: 1225/10000 entities (26.2/sec)
  Progress: 1230/10000 entities (26.2/sec)
  Progress: 1235/10000 entities (26.2/sec)
  Progress: 1240/10000 entities (26.2/sec)
  Progress: 1245/10000 entities (26.2/sec)
  Progress: 1250/10000 entities (26.2/sec)
  Progress: 1255/10000 entities (26.2/sec)
  Progress: 1260/10000 entities (26.2/sec)
  Progress: 1265/10000 entities (26.3/sec)
  Progress: 1270/10000 entities (26.2/sec)
  Progress: 1275/10000 entities (26.3/sec)
  Progress: 1280/10000 entities (26.3/sec)
  Progress: 1285/10000 entities (26.3/sec)
  Progress: 1290/10000 entities (26.3/sec)
  Progress: 1295/10000 entities (26.2/sec)
  Progress: 1300/10000 entities (26.2/sec)
  Progress: 1305/10000 entities (26.2/sec)
  Progress: 1310/10000 entities (26.2/sec)
  Progress: 1315/10000 entities (26.3/sec)
  Progress: 1320/10000 entities (26.3/sec)
  Progress: 1325/10000 entities (26.3/sec)
  Progress: 1330/10000 entities (26.3/sec)
  Progress: 1335/10000 entities (26.4/sec)
  Progress: 1340/10000 entities (26.4/sec)
  Progress: 1345/10000 entities (26.4/sec)
  Progress: 1350/10000 entities (26.5/sec)
  Progress: 1355/10000 entities (26.5/sec)
  Progress: 1360/10000 entities (26.4/sec)
  Progress: 1365/10000 entities (26.5/sec)
  Progress: 1370/10000 entities (26.5/sec)
  Progress: 1375/10000 entities (26.5/sec)
  Progress: 1380/10000 entities (26.6/sec)
  Progress: 1385/10000 entities (26.6/sec)
  Progress: 1390/10000 entities (26.5/sec)
  Progress: 1395/10000 entities (26.5/sec)
  Progress: 1400/10000 entities (26.5/sec)
  Progress: 1405/10000 entities (26.5/sec)
  Progress: 1410/10000 entities (26.6/sec)
  Progress: 1415/10000 entities (26.6/sec)
  Progress: 1420/10000 entities (26.5/sec)
  Progress: 1425/10000 entities (26.6/sec)
  Progress: 1430/10000 entities (26.6/sec)
  Progress: 1435/10000 entities (26.6/sec)
  Progress: 1440/10000 entities (26.6/sec)
  Progress: 1445/10000 entities (26.7/sec)
  Progress: 1450/10000 entities (26.6/sec)
  Progress: 1455/10000 entities (26.7/sec)
  Progress: 1460/10000 entities (26.7/sec)
  Progress: 1465/10000 entities (26.7/sec)
  Progress: 1470/10000 entities (26.8/sec)
  Progress: 1475/10000 entities (26.8/sec)
  Progress: 1480/10000 entities (26.8/sec)
  Progress: 1485/10000 entities (26.7/sec)
  Progress: 1490/10000 entities (26.7/sec)
  Progress: 1495/10000 entities (26.7/sec)
  Progress: 1500/10000 entities (26.7/sec)
  Progress: 1505/10000 entities (26.7/sec)
  Progress: 1510/10000 entities (26.7/sec)
  Progress: 1515/10000 entities (26.7/sec)
  Progress: 1520/10000 entities (26.7/sec)
  Progress: 1525/10000 entities (26.7/sec)
  Progress: 1530/10000 entities (26.8/sec)
  Progress: 1535/10000 entities (26.7/sec)
  Progress: 1540/10000 entities (26.7/sec)
  Progress: 1545/10000 entities (26.8/sec)
  Progress: 1550/10000 entities (26.7/sec)
  Progress: 1555/10000 entities (26.8/sec)
  Progress: 1560/10000 entities (26.8/sec)
  Progress: 1565/10000 entities (26.8/sec)
  Progress: 1570/10000 entities (26.8/sec)
  Progress: 1575/10000 entities (26.8/sec)
  Progress: 1580/10000 entities (26.8/sec)
  Progress: 1585/10000 entities (26.9/sec)
  Progress: 1590/10000 entities (26.9/sec)
  Progress: 1595/10000 entities (26.8/sec)
  Progress: 1600/10000 entities (26.9/sec)
  Progress: 1605/10000 entities (26.8/sec)
  Progress: 1610/10000 entities (26.9/sec)
  Progress: 1615/10000 entities (26.9/sec)
  Progress: 1620/10000 entities (26.9/sec)
  Progress: 1625/10000 entities (26.9/sec)
  Progress: 1630/10000 entities (26.9/sec)
  Progress: 1635/10000 entities (26.9/sec)
  Progress: 1640/10000 entities (26.9/sec)
  Progress: 1645/10000 entities (27.0/sec)
  Progress: 1650/10000 entities (27.0/sec)
  Progress: 1655/10000 entities (27.0/sec)
  Progress: 1660/10000 entities (26.9/sec)
  Progress: 1665/10000 entities (26.9/sec)
  Progress: 1670/10000 entities (27.0/sec)
  Progress: 1675/10000 entities (26.9/sec)
  Progress: 1680/10000 entities (26.9/sec)
  Progress: 1685/10000 entities (27.0/sec)
  Progress: 1690/10000 entities (26.9/sec)
  Progress: 1695/10000 entities (26.9/sec)
  Progress: 1700/10000 entities (26.9/sec)
  Progress: 1705/10000 entities (27.0/sec)
  Progress: 1710/10000 entities (26.9/sec)
  Progress: 1715/10000 entities (26.9/sec)
  Progress: 1720/10000 entities (26.9/sec)
  Progress: 1725/10000 entities (26.9/sec)
  Progress: 1730/10000 entities (26.9/sec)
  Progress: 1735/10000 entities (26.9/sec)
  Progress: 1740/10000 entities (26.9/sec)
  Progress: 1745/10000 entities (26.9/sec)
  Progress: 1750/10000 entities (27.0/sec)
  Progress: 1755/10000 entities (27.0/sec)
  Progress: 1760/10000 entities (27.0/sec)
  Progress: 1765/10000 entities (27.0/sec)
  Progress: 1770/10000 entities (27.0/sec)
  Progress: 1775/10000 entities (27.0/sec)
  Progress: 1780/10000 entities (27.0/sec)
  Progress: 1785/10000 entities (27.0/sec)
  Progress: 1790/10000 entities (27.0/sec)
  Progress: 1795/10000 entities (26.9/sec)
  Progress: 1800/10000 entities (27.0/sec)
  Progress: 1805/10000 entities (27.0/sec)
  Progress: 1810/10000 entities (27.0/sec)
  Progress: 1815/10000 entities (27.0/sec)
  Progress: 1820/10000 entities (27.0/sec)
  Progress: 1825/10000 entities (27.0/sec)
  Progress: 1830/10000 entities (27.0/sec)
  Progress: 1835/10000 entities (27.0/sec)
  Progress: 1840/10000 entities (27.1/sec)
  Progress: 1845/10000 entities (27.1/sec)
  Progress: 1850/10000 entities (27.0/sec)
  Progress: 1855/10000 entities (27.1/sec)
  Progress: 1860/10000 entities (27.1/sec)
  Progress: 1865/10000 entities (27.0/sec)
  Progress: 1870/10000 entities (27.1/sec)
  Progress: 1875/10000 entities (27.1/sec)
  Progress: 1880/10000 entities (27.0/sec)
  Progress: 1885/10000 entities (27.1/sec)
  Progress: 1890/10000 entities (27.1/sec)
  Progress: 1895/10000 entities (27.1/sec)
  Progress: 1900/10000 entities (27.1/sec)
  Progress: 1905/10000 entities (27.1/sec)
  Progress: 1910/10000 entities (27.1/sec)
  Progress: 1915/10000 entities (27.1/sec)
  Progress: 1920/10000 entities (27.2/sec)
  Progress: 1925/10000 entities (27.2/sec)
  Progress: 1930/10000 entities (27.2/sec)
  Progress: 1935/10000 entities (27.2/sec)
  Progress: 1940/10000 entities (27.2/sec)
  Progress: 1945/10000 entities (27.2/sec)
  Progress: 1950/10000 entities (27.2/sec)
  Progress: 1955/10000 entities (27.2/sec)
  Progress: 1960/10000 entities (27.3/sec)
  Progress: 1965/10000 entities (27.2/sec)
  Progress: 1970/10000 entities (27.2/sec)
  Progress: 1975/10000 entities (27.2/sec)
  Progress: 1980/10000 entities (27.2/sec)
  Progress: 1985/10000 entities (27.2/sec)
  Progress: 1990/10000 entities (27.2/sec)
  Progress: 1995/10000 entities (27.1/sec)
  Progress: 2000/10000 entities (27.2/sec)
  Progress: 2005/10000 entities (27.2/sec)
  Progress: 2010/10000 entities (27.2/sec)
  Progress: 2015/10000 entities (27.2/sec)
  Progress: 2020/10000 entities (27.2/sec)
  Progress: 2025/10000 entities (27.2/sec)
  Progress: 2030/10000 entities (27.2/sec)
  Progress: 2035/10000 entities (27.3/sec)
  Progress: 2040/10000 entities (27.3/sec)
  Progress: 2045/10000 entities (27.3/sec)
  Progress: 2050/10000 entities (27.3/sec)
  Progress: 2055/10000 entities (27.3/sec)
  Progress: 2060/10000 entities (27.3/sec)
  Progress: 2065/10000 entities (27.3/sec)
  Progress: 2070/10000 entities (27.3/sec)
  Progress: 2075/10000 entities (27.3/sec)
  Progress: 2080/10000 entities (27.3/sec)
  Progress: 2085/10000 entities (27.4/sec)
  Progress: 2090/10000 entities (27.3/sec)
  Progress: 2095/10000 entities (27.3/sec)
  Progress: 2100/10000 entities (27.3/sec)
  Progress: 2105/10000 entities (27.3/sec)
  Progress: 2110/10000 entities (27.4/sec)
  Progress: 2115/10000 entities (27.3/sec)
  Progress: 2120/10000 entities (27.4/sec)
  Progress: 2125/10000 entities (27.4/sec)
  Progress: 2130/10000 entities (27.4/sec)
  Progress: 2135/10000 entities (27.4/sec)
  Progress: 2140/10000 entities (27.4/sec)
  Progress: 2145/10000 entities (27.4/sec)
  Progress: 2150/10000 entities (27.4/sec)
  Progress: 2155/10000 entities (27.4/sec)
  Progress: 2160/10000 entities (27.4/sec)
  Progress: 2165/10000 entities (27.4/sec)
  Progress: 2170/10000 entities (27.4/sec)
  Progress: 2175/10000 entities (27.4/sec)
  Progress: 2180/10000 entities (27.4/sec)
  Progress: 2185/10000 entities (27.4/sec)
  Progress: 2190/10000 entities (27.4/sec)
  Progress: 2195/10000 entities (27.4/sec)
  Progress: 2200/10000 entities (27.4/sec)
  Progress: 2205/10000 entities (27.4/sec)
  Progress: 2210/10000 entities (27.4/sec)
  Progress: 2215/10000 entities (27.4/sec)
  Progress: 2220/10000 entities (27.4/sec)
  Progress: 2225/10000 entities (27.5/sec)
  Progress: 2230/10000 entities (27.5/sec)
  Progress: 2235/10000 entities (27.5/sec)
  Progress: 2240/10000 entities (27.5/sec)
  Progress: 2245/10000 entities (27.5/sec)
  Progress: 2250/10000 entities (27.5/sec)
  Progress: 2255/10000 entities (27.5/sec)
  Progress: 2260/10000 entities (27.5/sec)
  Progress: 2265/10000 entities (27.5/sec)
  Progress: 2270/10000 entities (27.5/sec)
  Progress: 2275/10000 entities (27.5/sec)
  Progress: 2280/10000 entities (27.5/sec)
  Progress: 2285/10000 entities (27.5/sec)
  Progress: 2290/10000 entities (27.4/sec)
  Progress: 2295/10000 entities (27.5/sec)
  Progress: 2300/10000 entities (27.5/sec)
  Progress: 2305/10000 entities (27.5/sec)
  Progress: 2310/10000 entities (27.5/sec)
  Progress: 2315/10000 entities (27.6/sec)
  Progress: 2320/10000 entities (27.5/sec)
  Progress: 2325/10000 entities (27.5/sec)
  Progress: 2330/10000 entities (27.5/sec)
  Progress: 2335/10000 entities (27.5/sec)
  Progress: 2340/10000 entities (27.6/sec)
  Progress: 2345/10000 entities (27.6/sec)
  Progress: 2350/10000 entities (27.6/sec)
  Progress: 2355/10000 entities (27.6/sec)
  Progress: 2360/10000 entities (27.6/sec)
  Progress: 2365/10000 entities (27.6/sec)
  Progress: 2370/10000 entities (27.6/sec)
  Progress: 2375/10000 entities (27.6/sec)
  Progress: 2380/10000 entities (27.6/sec)
  Progress: 2385/10000 entities (27.5/sec)
  Progress: 2390/10000 entities (27.6/sec)
  Progress: 2395/10000 entities (27.6/sec)
  Progress: 2400/10000 entities (27.6/sec)
  Progress: 2405/10000 entities (27.6/sec)
  Progress: 2410/10000 entities (27.6/sec)
  Progress: 2415/10000 entities (27.6/sec)
  Progress: 2420/10000 entities (27.6/sec)
  Progress: 2425/10000 entities (27.6/sec)
  Progress: 2430/10000 entities (27.6/sec)
  Progress: 2435/10000 entities (27.6/sec)
  Progress: 2440/10000 entities (27.6/sec)
  Progress: 2445/10000 entities (27.6/sec)
  Progress: 2450/10000 entities (27.6/sec)
  Progress: 2455/10000 entities (27.6/sec)
  Progress: 2460/10000 entities (27.6/sec)
  Progress: 2465/10000 entities (27.6/sec)
  Progress: 2470/10000 entities (27.6/sec)
  Progress: 2475/10000 entities (27.6/sec)
  Progress: 2480/10000 entities (27.6/sec)
  Progress: 2485/10000 entities (27.6/sec)
  Progress: 2490/10000 entities (27.6/sec)
  Progress: 2495/10000 entities (27.7/sec)
  Progress: 2500/10000 entities (27.6/sec)
  Progress: 2505/10000 entities (27.6/sec)
  Progress: 2510/10000 entities (27.6/sec)
  Progress: 2515/10000 entities (27.6/sec)
  Progress: 2520/10000 entities (27.7/sec)
  Progress: 2525/10000 entities (27.7/sec)
  Progress: 2530/10000 entities (27.7/sec)
  Progress: 2535/10000 entities (27.7/sec)
  Progress: 2540/10000 entities (27.7/sec)
  Progress: 2545/10000 entities (27.7/sec)
  Progress: 2550/10000 entities (27.7/sec)
  Progress: 2555/10000 entities (27.7/sec)
  Progress: 2560/10000 entities (27.7/sec)
  Progress: 2565/10000 entities (27.7/sec)
  Progress: 2570/10000 entities (27.7/sec)
  Progress: 2575/10000 entities (27.7/sec)
  Progress: 2580/10000 entities (27.7/sec)
  Progress: 2585/10000 entities (27.7/sec)
  Progress: 2590/10000 entities (27.7/sec)
  Progress: 2595/10000 entities (27.7/sec)
  Progress: 2600/10000 entities (27.7/sec)
  Progress: 2605/10000 entities (27.7/sec)
  Progress: 2610/10000 entities (27.8/sec)
  Progress: 2615/10000 entities (27.8/sec)
  Progress: 2620/10000 entities (27.7/sec)
  Progress: 2625/10000 entities (27.8/sec)
  Progress: 2630/10000 entities (27.8/sec)
  Progress: 2635/10000 entities (27.8/sec)
  Progress: 2640/10000 entities (27.8/sec)
  Progress: 2645/10000 entities (27.8/sec)
  Progress: 2650/10000 entities (27.8/sec)
  Progress: 2655/10000 entities (27.8/sec)
  Progress: 2660/10000 entities (27.8/sec)
  Progress: 2665/10000 entities (27.9/sec)
  Progress: 2670/10000 entities (27.9/sec)
  Progress: 2675/10000 entities (27.9/sec)
  Progress: 2680/10000 entities (27.9/sec)
  Progress: 2685/10000 entities (27.8/sec)
  Progress: 2690/10000 entities (27.9/sec)
  Progress: 2695/10000 entities (27.9/sec)
  Progress: 2700/10000 entities (27.9/sec)
  Progress: 2705/10000 entities (27.9/sec)
  Progress: 2710/10000 entities (27.9/sec)
  Progress: 2715/10000 entities (27.9/sec)
  Progress: 2720/10000 entities (27.9/sec)
  Progress: 2725/10000 entities (27.9/sec)
  Progress: 2730/10000 entities (28.0/sec)
  Progress: 2735/10000 entities (27.9/sec)
  Progress: 2740/10000 entities (28.0/sec)
  Progress: 2745/10000 entities (28.0/sec)
  Progress: 2750/10000 entities (28.0/sec)
  Progress: 2755/10000 entities (28.0/sec)
  Progress: 2760/10000 entities (28.0/sec)
  Progress: 2765/10000 entities (28.0/sec)
  Progress: 2770/10000 entities (28.0/sec)
  Progress: 2775/10000 entities (28.0/sec)
  Progress: 2780/10000 entities (28.0/sec)
  Progress: 2785/10000 entities (28.0/sec)
  Progress: 2790/10000 entities (28.0/sec)
  Progress: 2795/10000 entities (28.0/sec)
  Progress: 2800/10000 entities (28.0/sec)
  Progress: 2805/10000 entities (28.1/sec)
  Progress: 2810/10000 entities (28.1/sec)
  Progress: 2815/10000 entities (28.0/sec)
  Progress: 2820/10000 entities (28.1/sec)
  Progress: 2825/10000 entities (28.1/sec)
  Progress: 2830/10000 entities (28.1/sec)
  Progress: 2835/10000 entities (28.1/sec)
  Progress: 2840/10000 entities (28.1/sec)
  Progress: 2845/10000 entities (28.1/sec)
  Progress: 2850/10000 entities (28.1/sec)
  Progress: 2855/10000 entities (28.1/sec)
  Progress: 2860/10000 entities (28.1/sec)
  Progress: 2865/10000 entities (28.1/sec)
  Progress: 2870/10000 entities (28.1/sec)
  Progress: 2875/10000 entities (28.1/sec)
  Progress: 2880/10000 entities (28.1/sec)
  Progress: 2885/10000 entities (28.1/sec)
  Progress: 2890/10000 entities (28.1/sec)
  Progress: 2895/10000 entities (28.2/sec)
  Progress: 2900/10000 entities (28.2/sec)
  Progress: 2905/10000 entities (28.2/sec)
  Progress: 2910/10000 entities (28.2/sec)
  Progress: 2915/10000 entities (28.2/sec)
  Progress: 2920/10000 entities (28.2/sec)
  Progress: 2925/10000 entities (28.2/sec)
  Progress: 2930/10000 entities (28.2/sec)
  Progress: 2935/10000 entities (28.2/sec)
  Progress: 2940/10000 entities (28.2/sec)
  Progress: 2945/10000 entities (28.2/sec)
  Progress: 2950/10000 entities (28.2/sec)
  Progress: 2955/10000 entities (28.2/sec)
  Progress: 2960/10000 entities (28.2/sec)
  Progress: 2965/10000 entities (28.2/sec)
  Progress: 2970/10000 entities (28.2/sec)
  Progress: 2975/10000 entities (28.2/sec)
  Progress: 2980/10000 entities (28.2/sec)
  Progress: 2985/10000 entities (28.2/sec)
  Progress: 2990/10000 entities (28.2/sec)
  Progress: 2995/10000 entities (28.2/sec)
  Progress: 3000/10000 entities (28.2/sec)
  Progress: 3005/10000 entities (28.2/sec)
  Progress: 3010/10000 entities (28.2/sec)
  Progress: 3015/10000 entities (28.2/sec)
  Progress: 3020/10000 entities (28.2/sec)
  Progress: 3025/10000 entities (28.2/sec)
  Progress: 3030/10000 entities (28.2/sec)
  Progress: 3035/10000 entities (28.2/sec)
  Progress: 3040/10000 entities (28.2/sec)
  Progress: 3045/10000 entities (28.2/sec)
  Progress: 3050/10000 entities (28.2/sec)
  Progress: 3055/10000 entities (28.2/sec)
  Progress: 3060/10000 entities (28.2/sec)
  Progress: 3065/10000 entities (28.2/sec)
  Progress: 3070/10000 entities (28.2/sec)
  Progress: 3075/10000 entities (28.2/sec)
  Progress: 3080/10000 entities (28.2/sec)
  Progress: 3085/10000 entities (28.2/sec)
  Progress: 3090/10000 entities (28.2/sec)
  Progress: 3095/10000 entities (28.2/sec)
  Progress: 3100/10000 entities (28.2/sec)
  Progress: 3105/10000 entities (28.2/sec)
  Progress: 3110/10000 entities (28.3/sec)
  Progress: 3115/10000 entities (28.3/sec)
  Progress: 3120/10000 entities (28.3/sec)
  Progress: 3125/10000 entities (28.3/sec)
  Progress: 3130/10000 entities (28.3/sec)
  Progress: 3135/10000 entities (28.3/sec)
  Progress: 3140/10000 entities (28.3/sec)
  Progress: 3145/10000 entities (28.3/sec)
  Progress: 3150/10000 entities (28.3/sec)
  Progress: 3155/10000 entities (28.3/sec)
  Progress: 3160/10000 entities (28.3/sec)
  Progress: 3165/10000 entities (28.3/sec)
  Progress: 3170/10000 entities (28.3/sec)
  Progress: 3175/10000 entities (28.3/sec)
  Progress: 3180/10000 entities (28.3/sec)
  Progress: 3185/10000 entities (28.3/sec)
  Progress: 3190/10000 entities (28.3/sec)
  Progress: 3195/10000 entities (28.3/sec)
  Progress: 3200/10000 entities (28.3/sec)
  Progress: 3205/10000 entities (28.3/sec)
  Progress: 3210/10000 entities (28.3/sec)
  Progress: 3215/10000 entities (28.3/sec)
  Progress: 3220/10000 entities (28.3/sec)
  Progress: 3225/10000 entities (28.3/sec)
  Progress: 3230/10000 entities (28.3/sec)
  Progress: 3235/10000 entities (28.3/sec)
  Progress: 3240/10000 entities (28.3/sec)
  Progress: 3245/10000 entities (28.3/sec)
  Progress: 3250/10000 entities (28.3/sec)
  Progress: 3255/10000 entities (28.3/sec)
  Progress: 3260/10000 entities (28.3/sec)
  Progress: 3265/10000 entities (28.4/sec)
  Progress: 3270/10000 entities (28.3/sec)
  Progress: 3275/10000 entities (28.3/sec)
  Progress: 3280/10000 entities (28.4/sec)
  Progress: 3285/10000 entities (28.3/sec)
  Progress: 3290/10000 entities (28.4/sec)
  Progress: 3295/10000 entities (28.3/sec)
  Progress: 3300/10000 entities (28.3/sec)
  Progress: 3305/10000 entities (28.3/sec)
  Progress: 3310/10000 entities (28.3/sec)
  Progress: 3315/10000 entities (28.3/sec)
  Progress: 3320/10000 entities (28.3/sec)
  Progress: 3325/10000 entities (28.3/sec)
  Progress: 3330/10000 entities (28.3/sec)
  Progress: 3335/10000 entities (28.3/sec)
  Progress: 3340/10000 entities (28.3/sec)
  Progress: 3345/10000 entities (28.3/sec)
  Progress: 3350/10000 entities (28.3/sec)
  Progress: 3355/10000 entities (28.3/sec)
  Progress: 3360/10000 entities (28.3/sec)
  Progress: 3365/10000 entities (28.3/sec)
  Progress: 3370/10000 entities (28.3/sec)
  Progress: 3375/10000 entities (28.3/sec)
  Progress: 3380/10000 entities (28.3/sec)
  Progress: 3385/10000 entities (28.3/sec)
  Progress: 3390/10000 entities (28.3/sec)
  Progress: 3395/10000 entities (28.3/sec)
  Progress: 3400/10000 entities (28.3/sec)
  Progress: 3405/10000 entities (28.4/sec)
  Progress: 3410/10000 entities (28.3/sec)
  Progress: 3415/10000 entities (28.3/sec)
  Progress: 3420/10000 entities (28.3/sec)
  Progress: 3425/10000 entities (28.3/sec)
  Progress: 3430/10000 entities (28.4/sec)
  Progress: 3435/10000 entities (28.4/sec)
  Progress: 3440/10000 entities (28.4/sec)
  Progress: 3445/10000 entities (28.3/sec)
  Progress: 3450/10000 entities (28.3/sec)
  Progress: 3455/10000 entities (28.4/sec)
  Progress: 3460/10000 entities (28.4/sec)
  Progress: 3465/10000 entities (28.4/sec)
  Progress: 3470/10000 entities (28.4/sec)
  Progress: 3475/10000 entities (28.4/sec)
  Progress: 3480/10000 entities (28.4/sec)
  Progress: 3485/10000 entities (28.4/sec)
  Progress: 3490/10000 entities (28.4/sec)
  Progress: 3495/10000 entities (28.4/sec)
  Progress: 3500/10000 entities (28.4/sec)
  Progress: 3505/10000 entities (28.4/sec)
  Progress: 3510/10000 entities (28.4/sec)
  Progress: 3515/10000 entities (28.4/sec)
  Progress: 3520/10000 entities (28.4/sec)
  Progress: 3525/10000 entities (28.4/sec)
  Progress: 3530/10000 entities (28.4/sec)
  Progress: 3535/10000 entities (28.4/sec)
  Progress: 3540/10000 entities (28.4/sec)
  Progress: 3545/10000 entities (28.4/sec)
  Progress: 3550/10000 entities (28.4/sec)
  Progress: 3555/10000 entities (28.4/sec)
  Progress: 3560/10000 entities (28.4/sec)
  Progress: 3565/10000 entities (28.4/sec)
  Progress: 3570/10000 entities (28.4/sec)
  Progress: 3575/10000 entities (28.4/sec)
  Progress: 3580/10000 entities (28.5/sec)
  Progress: 3585/10000 entities (28.4/sec)
  Progress: 3590/10000 entities (28.4/sec)
  Progress: 3595/10000 entities (28.4/sec)
  Progress: 3600/10000 entities (28.4/sec)
  Progress: 3605/10000 entities (28.4/sec)
  Progress: 3610/10000 entities (28.4/sec)
  Progress: 3615/10000 entities (28.4/sec)
  Progress: 3620/10000 entities (28.4/sec)
  Progress: 3625/10000 entities (28.4/sec)
  Progress: 3630/10000 entities (28.4/sec)
  Progress: 3635/10000 entities (28.4/sec)
  Progress: 3640/10000 entities (28.4/sec)
  Progress: 3645/10000 entities (28.5/sec)
  Progress: 3650/10000 entities (28.4/sec)
  Progress: 3655/10000 entities (28.5/sec)
  Progress: 3660/10000 entities (28.5/sec)
  Progress: 3665/10000 entities (28.5/sec)
  Progress: 3670/10000 entities (28.5/sec)
  Progress: 3675/10000 entities (28.5/sec)
  Progress: 3680/10000 entities (28.5/sec)
  Progress: 3685/10000 entities (28.5/sec)
  Progress: 3690/10000 entities (28.5/sec)
  Progress: 3695/10000 entities (28.5/sec)
  Progress: 3700/10000 entities (28.5/sec)
  Progress: 3705/10000 entities (28.5/sec)
  Progress: 3710/10000 entities (28.5/sec)
  Progress: 3715/10000 entities (28.5/sec)
  Progress: 3720/10000 entities (28.5/sec)
  Progress: 3725/10000 entities (28.5/sec)
  Progress: 3730/10000 entities (28.5/sec)
  Progress: 3735/10000 entities (28.5/sec)
  Progress: 3740/10000 entities (28.5/sec)
  Progress: 3745/10000 entities (28.5/sec)
  Progress: 3750/10000 entities (28.5/sec)
  Progress: 3755/10000 entities (28.5/sec)
  Progress: 3760/10000 entities (28.6/sec)
  Progress: 3765/10000 entities (28.6/sec)
  Progress: 3770/10000 entities (28.6/sec)
  Progress: 3775/10000 entities (28.6/sec)
  Progress: 3780/10000 entities (28.6/sec)
  Progress: 3785/10000 entities (28.6/sec)
  Progress: 3790/10000 entities (28.6/sec)
  Progress: 3795/10000 entities (28.6/sec)
  Progress: 3800/10000 entities (28.6/sec)
  Progress: 3805/10000 entities (28.6/sec)
  Progress: 3810/10000 entities (28.6/sec)
  Progress: 3815/10000 entities (28.6/sec)
  Progress: 3820/10000 entities (28.6/sec)
  Progress: 3825/10000 entities (28.6/sec)
  Progress: 3830/10000 entities (28.6/sec)
  Progress: 3835/10000 entities (28.6/sec)
  Progress: 3840/10000 entities (28.6/sec)
  Progress: 3845/10000 entities (28.6/sec)
  Progress: 3850/10000 entities (28.6/sec)
  Progress: 3855/10000 entities (28.6/sec)
  Progress: 3860/10000 entities (28.6/sec)
  Progress: 3865/10000 entities (28.6/sec)
  Progress: 3870/10000 entities (28.6/sec)
  Progress: 3875/10000 entities (28.7/sec)
  Progress: 3880/10000 entities (28.6/sec)
  Progress: 3885/10000 entities (28.6/sec)
  Progress: 3890/10000 entities (28.6/sec)
  Progress: 3895/10000 entities (28.7/sec)
  Progress: 3900/10000 entities (28.7/sec)
  Progress: 3905/10000 entities (28.7/sec)
  Progress: 3910/10000 entities (28.6/sec)
  Progress: 3915/10000 entities (28.6/sec)
  Progress: 3920/10000 entities (28.6/sec)
  Progress: 3925/10000 entities (28.7/sec)
  Progress: 3930/10000 entities (28.7/sec)
  Progress: 3935/10000 entities (28.7/sec)
  Progress: 3940/10000 entities (28.7/sec)
  Progress: 3945/10000 entities (28.7/sec)
  Progress: 3950/10000 entities (28.7/sec)
  Progress: 3955/10000 entities (28.7/sec)
  Progress: 3960/10000 entities (28.7/sec)
  Progress: 3965/10000 entities (28.7/sec)
  Progress: 3970/10000 entities (28.7/sec)
  Progress: 3975/10000 entities (28.7/sec)
  Progress: 3980/10000 entities (28.7/sec)
  Progress: 3985/10000 entities (28.7/sec)
  Progress: 3990/10000 entities (28.7/sec)
  Progress: 3995/10000 entities (28.7/sec)
  Progress: 4000/10000 entities (28.7/sec)
  Progress: 4005/10000 entities (28.7/sec)
  Progress: 4010/10000 entities (28.7/sec)
  Progress: 4015/10000 entities (28.7/sec)
  Progress: 4020/10000 entities (28.7/sec)
  Progress: 4025/10000 entities (28.7/sec)
  Progress: 4030/10000 entities (28.7/sec)
  Progress: 4035/10000 entities (28.7/sec)
  Progress: 4040/10000 entities (28.7/sec)
  Progress: 4045/10000 entities (28.7/sec)
  Progress: 4050/10000 entities (28.7/sec)
  Progress: 4055/10000 entities (28.8/sec)
  Progress: 4060/10000 entities (28.8/sec)
  Progress: 4065/10000 entities (28.8/sec)
  Progress: 4070/10000 entities (28.8/sec)
  Progress: 4075/10000 entities (28.8/sec)
  Progress: 4080/10000 entities (28.8/sec)
  Progress: 4085/10000 entities (28.8/sec)
  Progress: 4090/10000 entities (28.8/sec)
  Progress: 4095/10000 entities (28.8/sec)
  Progress: 4100/10000 entities (28.8/sec)
  Progress: 4105/10000 entities (28.8/sec)
  Progress: 4110/10000 entities (28.8/sec)
  Progress: 4115/10000 entities (28.8/sec)
  Progress: 4120/10000 entities (28.8/sec)
  Progress: 4125/10000 entities (28.8/sec)
  Progress: 4130/10000 entities (28.8/sec)
  Progress: 4135/10000 entities (28.8/sec)
  Progress: 4140/10000 entities (28.8/sec)
  Progress: 4145/10000 entities (28.8/sec)
  Progress: 4150/10000 entities (28.8/sec)
  Progress: 4155/10000 entities (28.8/sec)
  Progress: 4160/10000 entities (28.8/sec)
  Progress: 4165/10000 entities (28.8/sec)
  Progress: 4170/10000 entities (28.8/sec)
  Progress: 4175/10000 entities (28.8/sec)
  Progress: 4180/10000 entities (28.8/sec)
  Progress: 4185/10000 entities (28.8/sec)
  Progress: 4190/10000 entities (28.9/sec)
  Progress: 4195/10000 entities (28.8/sec)
  Progress: 4200/10000 entities (28.8/sec)
  Progress: 4205/10000 entities (28.8/sec)
  Progress: 4210/10000 entities (28.8/sec)
  Progress: 4215/10000 entities (28.8/sec)
  Progress: 4220/10000 entities (28.9/sec)
  Progress: 4225/10000 entities (28.9/sec)
  Progress: 4230/10000 entities (28.9/sec)
  Progress: 4235/10000 entities (28.9/sec)
  Progress: 4240/10000 entities (28.9/sec)
  Progress: 4245/10000 entities (28.9/sec)
  Progress: 4250/10000 entities (28.9/sec)
  Progress: 4255/10000 entities (28.9/sec)
  Progress: 4260/10000 entities (28.9/sec)
  Progress: 4265/10000 entities (28.9/sec)
  Progress: 4270/10000 entities (28.9/sec)
  Progress: 4275/10000 entities (28.9/sec)
  Progress: 4280/10000 entities (28.9/sec)
  Progress: 4285/10000 entities (28.9/sec)
  Progress: 4290/10000 entities (28.9/sec)
  Progress: 4295/10000 entities (28.9/sec)
  Progress: 4300/10000 entities (28.9/sec)
  Progress: 4305/10000 entities (28.9/sec)
  Progress: 4310/10000 entities (28.9/sec)
  Progress: 4315/10000 entities (28.9/sec)
  Progress: 4320/10000 entities (28.9/sec)
  Progress: 4325/10000 entities (28.9/sec)
  Progress: 4330/10000 entities (28.9/sec)
  Progress: 4335/10000 entities (28.9/sec)
  Progress: 4340/10000 entities (28.9/sec)
  Progress: 4345/10000 entities (28.9/sec)
  Progress: 4350/10000 entities (28.9/sec)
  Progress: 4355/10000 entities (28.9/sec)
  Progress: 4360/10000 entities (28.9/sec)
  Progress: 4365/10000 entities (28.9/sec)
  Progress: 4370/10000 entities (28.8/sec)
  Progress: 4375/10000 entities (28.8/sec)
  Progress: 4380/10000 entities (28.8/sec)
  Progress: 4385/10000 entities (28.8/sec)
  Progress: 4390/10000 entities (28.9/sec)
  Progress: 4395/10000 entities (28.8/sec)
  Progress: 4400/10000 entities (28.8/sec)
  Progress: 4405/10000 entities (28.9/sec)
  Progress: 4410/10000 entities (28.8/sec)
  Progress: 4415/10000 entities (28.9/sec)
  Progress: 4420/10000 entities (28.9/sec)
  Progress: 4425/10000 entities (28.9/sec)
  Progress: 4430/10000 entities (28.9/sec)
  Progress: 4435/10000 entities (28.9/sec)
  Progress: 4440/10000 entities (28.9/sec)
  Progress: 4445/10000 entities (28.9/sec)
  Progress: 4450/10000 entities (28.9/sec)
  Progress: 4455/10000 entities (28.8/sec)
  Progress: 4460/10000 entities (28.8/sec)
  Progress: 4465/10000 entities (28.8/sec)
  Progress: 4470/10000 entities (28.8/sec)
  Progress: 4475/10000 entities (28.9/sec)
  Progress: 4480/10000 entities (28.9/sec)
  Progress: 4485/10000 entities (28.9/sec)
  Progress: 4490/10000 entities (28.9/sec)
  Progress: 4495/10000 entities (28.9/sec)
  Progress: 4500/10000 entities (28.9/sec)
  Progress: 4505/10000 entities (28.9/sec)
  Progress: 4510/10000 entities (28.9/sec)
  Progress: 4515/10000 entities (28.9/sec)
  Progress: 4520/10000 entities (28.9/sec)
  Progress: 4525/10000 entities (28.9/sec)
  Progress: 4530/10000 entities (28.9/sec)
  Progress: 4535/10000 entities (28.9/sec)
  Progress: 4540/10000 entities (28.9/sec)
  Progress: 4545/10000 entities (28.9/sec)
  Progress: 4550/10000 entities (28.9/sec)
  Progress: 4555/10000 entities (28.9/sec)
  Progress: 4560/10000 entities (28.9/sec)
  Progress: 4565/10000 entities (28.9/sec)
  Progress: 4570/10000 entities (28.9/sec)
  Progress: 4575/10000 entities (28.9/sec)
  Progress: 4580/10000 entities (28.9/sec)
  Progress: 4585/10000 entities (28.9/sec)
  Progress: 4590/10000 entities (28.9/sec)
  Progress: 4595/10000 entities (28.9/sec)
  Progress: 4600/10000 entities (28.8/sec)
  Progress: 4605/10000 entities (28.9/sec)
  Progress: 4610/10000 entities (28.9/sec)
  Progress: 4615/10000 entities (28.8/sec)
  Progress: 4620/10000 entities (28.9/sec)
  Progress: 4625/10000 entities (28.8/sec)
  Progress: 4630/10000 entities (28.9/sec)
  Progress: 4635/10000 entities (28.8/sec)
  Progress: 4640/10000 entities (28.9/sec)
  Progress: 4645/10000 entities (28.9/sec)
  Progress: 4650/10000 entities (28.9/sec)
  Progress: 4655/10000 entities (28.9/sec)
  Progress: 4660/10000 entities (28.9/sec)
  Progress: 4665/10000 entities (28.9/sec)
  Progress: 4670/10000 entities (28.9/sec)
  Progress: 4675/10000 entities (28.9/sec)
  Progress: 4680/10000 entities (28.9/sec)
  Progress: 4685/10000 entities (28.9/sec)
  Progress: 4690/10000 entities (28.9/sec)
  Progress: 4695/10000 entities (28.8/sec)
  Progress: 4700/10000 entities (28.9/sec)
  Progress: 4705/10000 entities (28.9/sec)
  Progress: 4710/10000 entities (28.9/sec)
  Progress: 4715/10000 entities (28.8/sec)
  Progress: 4720/10000 entities (28.8/sec)
  Progress: 4725/10000 entities (28.8/sec)
  Progress: 4730/10000 entities (28.9/sec)
  Progress: 4735/10000 entities (28.9/sec)
  Progress: 4740/10000 entities (28.9/sec)
  Progress: 4745/10000 entities (28.9/sec)
  Progress: 4750/10000 entities (28.9/sec)
  Progress: 4755/10000 entities (28.9/sec)
  Progress: 4760/10000 entities (28.9/sec)
  Progress: 4765/10000 entities (28.9/sec)
  Progress: 4770/10000 entities (28.9/sec)
  Progress: 4775/10000 entities (28.9/sec)
  Progress: 4780/10000 entities (28.9/sec)
  Progress: 4785/10000 entities (28.9/sec)
  Progress: 4790/10000 entities (28.9/sec)
  Progress: 4795/10000 entities (28.9/sec)
  Progress: 4800/10000 entities (28.9/sec)
  Progress: 4805/10000 entities (28.9/sec)
  Progress: 4810/10000 entities (28.9/sec)
  Progress: 4815/10000 entities (28.9/sec)
  Progress: 4820/10000 entities (28.9/sec)
  Progress: 4825/10000 entities (28.9/sec)
  Progress: 4830/10000 entities (28.9/sec)
  Progress: 4835/10000 entities (28.9/sec)
  Progress: 4840/10000 entities (28.9/sec)
  Progress: 4845/10000 entities (28.9/sec)
  Progress: 4850/10000 entities (28.9/sec)
  Progress: 4855/10000 entities (28.9/sec)
  Progress: 4860/10000 entities (28.9/sec)
  Progress: 4865/10000 entities (28.9/sec)
  Progress: 4870/10000 entities (28.9/sec)
  Progress: 4875/10000 entities (28.9/sec)
  Progress: 4880/10000 entities (28.9/sec)
  Progress: 4885/10000 entities (28.8/sec)
  Progress: 4890/10000 entities (28.9/sec)
  Progress: 4895/10000 entities (28.9/sec)
  Progress: 4900/10000 entities (28.9/sec)
  Progress: 4905/10000 entities (28.9/sec)
  Progress: 4910/10000 entities (28.9/sec)
  Progress: 4915/10000 entities (28.9/sec)
  Progress: 4920/10000 entities (28.9/sec)
  Progress: 4925/10000 entities (28.9/sec)
  Progress: 4930/10000 entities (28.9/sec)
  Progress: 4935/10000 entities (28.9/sec)
  Progress: 4940/10000 entities (28.9/sec)
  Progress: 4945/10000 entities (28.9/sec)
  Progress: 4950/10000 entities (28.9/sec)
  Progress: 4955/10000 entities (28.9/sec)
  Progress: 4960/10000 entities (28.9/sec)
  Progress: 4965/10000 entities (28.9/sec)
  Progress: 4970/10000 entities (28.9/sec)
  Progress: 4975/10000 entities (28.9/sec)
  Progress: 4980/10000 entities (28.9/sec)
  Progress: 4985/10000 entities (28.9/sec)
  Progress: 4990/10000 entities (28.9/sec)
  Progress: 4995/10000 entities (28.9/sec)
  Progress: 5000/10000 entities (28.9/sec)
  Progress: 5005/10000 entities (28.9/sec)
  Progress: 5010/10000 entities (28.9/sec)
  Progress: 5015/10000 entities (28.9/sec)
  Progress: 5020/10000 entities (28.9/sec)
  Progress: 5025/10000 entities (28.9/sec)
  Progress: 5030/10000 entities (28.9/sec)
  Progress: 5035/10000 entities (28.9/sec)
  Progress: 5040/10000 entities (28.9/sec)
  Progress: 5045/10000 entities (28.9/sec)
  Progress: 5050/10000 entities (28.9/sec)
  Progress: 5055/10000 entities (28.9/sec)
  Progress: 5060/10000 entities (28.9/sec)
  Progress: 5065/10000 entities (28.9/sec)
  Progress: 5070/10000 entities (28.9/sec)
  Progress: 5075/10000 entities (28.9/sec)
  Progress: 5080/10000 entities (28.9/sec)
  Progress: 5085/10000 entities (28.9/sec)
  Progress: 5090/10000 entities (28.9/sec)
  Progress: 5095/10000 entities (28.9/sec)
  Progress: 5100/10000 entities (28.9/sec)
  Progress: 5105/10000 entities (28.9/sec)
  Progress: 5110/10000 entities (28.9/sec)
  Progress: 5115/10000 entities (28.9/sec)
  Progress: 5120/10000 entities (28.9/sec)
  Progress: 5125/10000 entities (29.0/sec)
  Progress: 5130/10000 entities (29.0/sec)
  Progress: 5135/10000 entities (29.0/sec)
  Progress: 5140/10000 entities (29.0/sec)
  Progress: 5145/10000 entities (29.0/sec)
  Progress: 5150/10000 entities (29.0/sec)
  Progress: 5155/10000 entities (29.0/sec)
  Progress: 5160/10000 entities (29.0/sec)
  Progress: 5165/10000 entities (29.0/sec)
  Progress: 5170/10000 entities (29.0/sec)
  Progress: 5175/10000 entities (29.0/sec)
  Progress: 5180/10000 entities (29.0/sec)
  Progress: 5185/10000 entities (29.0/sec)
  Progress: 5190/10000 entities (29.0/sec)
  Progress: 5195/10000 entities (29.0/sec)
  Progress: 5200/10000 entities (29.0/sec)
  Progress: 5205/10000 entities (29.0/sec)
  Progress: 5210/10000 entities (29.0/sec)
  Progress: 5215/10000 entities (29.0/sec)
  Progress: 5220/10000 entities (29.0/sec)
  Progress: 5225/10000 entities (29.0/sec)
  Progress: 5230/10000 entities (29.0/sec)
  Progress: 5235/10000 entities (29.0/sec)
  Progress: 5240/10000 entities (29.0/sec)
  Progress: 5245/10000 entities (29.0/sec)
  Progress: 5250/10000 entities (29.0/sec)
  Progress: 5255/10000 entities (29.0/sec)
  Progress: 5260/10000 entities (29.0/sec)
  Progress: 5265/10000 entities (29.0/sec)
  Progress: 5270/10000 entities (29.0/sec)
  Progress: 5275/10000 entities (29.0/sec)
  Progress: 5280/10000 entities (29.0/sec)
  Progress: 5285/10000 entities (29.0/sec)
  Progress: 5290/10000 entities (29.0/sec)
  Progress: 5295/10000 entities (29.0/sec)
  Progress: 5300/10000 entities (29.0/sec)
  Progress: 5305/10000 entities (29.0/sec)
  Progress: 5310/10000 entities (29.0/sec)
  Progress: 5315/10000 entities (29.0/sec)
  Progress: 5320/10000 entities (29.0/sec)
  Progress: 5325/10000 entities (29.0/sec)
  Progress: 5330/10000 entities (29.0/sec)
  Progress: 5335/10000 entities (29.0/sec)
  Progress: 5340/10000 entities (29.0/sec)
  Progress: 5345/10000 entities (29.0/sec)
  Progress: 5350/10000 entities (29.0/sec)
  Progress: 5355/10000 entities (29.0/sec)
  Progress: 5360/10000 entities (29.0/sec)
  Progress: 5365/10000 entities (29.0/sec)
  Progress: 5370/10000 entities (29.0/sec)
  Progress: 5375/10000 entities (29.0/sec)
  Progress: 5380/10000 entities (29.0/sec)
  Progress: 5385/10000 entities (29.0/sec)
  Progress: 5390/10000 entities (29.0/sec)
  Progress: 5395/10000 entities (29.0/sec)
  Progress: 5400/10000 entities (29.0/sec)
  Progress: 5405/10000 entities (29.0/sec)
  Progress: 5410/10000 entities (29.0/sec)
  Progress: 5415/10000 entities (29.0/sec)
  Progress: 5420/10000 entities (29.0/sec)
  Progress: 5425/10000 entities (29.0/sec)
  Progress: 5430/10000 entities (29.0/sec)
  Progress: 5435/10000 entities (29.0/sec)
  Progress: 5440/10000 entities (29.0/sec)
  Progress: 5445/10000 entities (29.0/sec)
  Progress: 5450/10000 entities (29.0/sec)
  Progress: 5455/10000 entities (29.0/sec)
  Progress: 5460/10000 entities (29.0/sec)
  Progress: 5465/10000 entities (29.0/sec)
  Progress: 5470/10000 entities (29.0/sec)
  Progress: 5475/10000 entities (29.0/sec)
  Progress: 5480/10000 entities (29.0/sec)
  Progress: 5485/10000 entities (29.0/sec)
  Progress: 5490/10000 entities (29.0/sec)
  Progress: 5495/10000 entities (29.0/sec)
  Progress: 5500/10000 entities (29.0/sec)
  Progress: 5505/10000 entities (29.0/sec)
  Progress: 5510/10000 entities (29.0/sec)
  Progress: 5515/10000 entities (29.0/sec)
  Progress: 5520/10000 entities (29.0/sec)
  Progress: 5525/10000 entities (29.1/sec)
  Progress: 5530/10000 entities (29.0/sec)
  Progress: 5535/10000 entities (29.0/sec)
  Progress: 5540/10000 entities (29.0/sec)
  Progress: 5545/10000 entities (29.0/sec)
  Progress: 5550/10000 entities (29.1/sec)
  Progress: 5555/10000 entities (29.1/sec)
  Progress: 5560/10000 entities (29.0/sec)
  Progress: 5565/10000 entities (29.1/sec)
  Progress: 5570/10000 entities (29.1/sec)
  Progress: 5575/10000 entities (29.1/sec)
  Progress: 5580/10000 entities (29.1/sec)
  Progress: 5585/10000 entities (29.1/sec)
  Progress: 5590/10000 entities (29.0/sec)
  Progress: 5595/10000 entities (29.0/sec)
  Progress: 5600/10000 entities (29.1/sec)
  Progress: 5605/10000 entities (29.1/sec)
  Progress: 5610/10000 entities (29.1/sec)
  Progress: 5615/10000 entities (29.1/sec)
  Progress: 5620/10000 entities (29.1/sec)
  Progress: 5625/10000 entities (29.1/sec)
  Progress: 5630/10000 entities (29.1/sec)
  Progress: 5635/10000 entities (29.1/sec)
  Progress: 5640/10000 entities (29.1/sec)
  Progress: 5645/10000 entities (29.1/sec)
  Progress: 5650/10000 entities (29.1/sec)
  Progress: 5655/10000 entities (29.1/sec)
  Progress: 5660/10000 entities (29.1/sec)
  Progress: 5665/10000 entities (29.1/sec)
  Progress: 5670/10000 entities (29.1/sec)
  Progress: 5675/10000 entities (29.1/sec)
  Progress: 5680/10000 entities (29.1/sec)
  Progress: 5685/10000 entities (29.1/sec)
  Progress: 5690/10000 entities (29.1/sec)
  Progress: 5695/10000 entities (29.1/sec)
  Progress: 5700/10000 entities (29.1/sec)
  Progress: 5705/10000 entities (29.1/sec)
  Progress: 5710/10000 entities (29.1/sec)
  Progress: 5715/10000 entities (29.1/sec)
  Progress: 5720/10000 entities (29.1/sec)
  Progress: 5725/10000 entities (29.1/sec)
  Progress: 5730/10000 entities (29.1/sec)
  Progress: 5735/10000 entities (29.1/sec)
  Progress: 5740/10000 entities (29.1/sec)
  Progress: 5745/10000 entities (29.1/sec)
  Progress: 5750/10000 entities (29.1/sec)
  Progress: 5755/10000 entities (29.1/sec)
  Progress: 5760/10000 entities (29.1/sec)
  Progress: 5765/10000 entities (29.1/sec)
  Progress: 5770/10000 entities (29.1/sec)
  Progress: 5775/10000 entities (29.1/sec)
  Progress: 5780/10000 entities (29.1/sec)
  Progress: 5785/10000 entities (29.1/sec)
  Progress: 5790/10000 entities (29.1/sec)
  Progress: 5795/10000 entities (29.1/sec)
  Progress: 5800/10000 entities (29.1/sec)
  Progress: 5805/10000 entities (29.1/sec)
  Progress: 5810/10000 entities (29.1/sec)
  Progress: 5815/10000 entities (29.1/sec)
  Progress: 5820/10000 entities (29.1/sec)
  Progress: 5825/10000 entities (29.1/sec)
  Progress: 5830/10000 entities (29.2/sec)
  Progress: 5835/10000 entities (29.2/sec)
  Progress: 5840/10000 entities (29.2/sec)
  Progress: 5845/10000 entities (29.2/sec)
  Progress: 5850/10000 entities (29.2/sec)
  Progress: 5855/10000 entities (29.2/sec)
  Progress: 5860/10000 entities (29.2/sec)
  Progress: 5865/10000 entities (29.2/sec)
  Progress: 5870/10000 entities (29.2/sec)
  Progress: 5875/10000 entities (29.2/sec)
  Progress: 5880/10000 entities (29.2/sec)
  Progress: 5885/10000 entities (29.2/sec)
  Progress: 5890/10000 entities (29.2/sec)
  Progress: 5895/10000 entities (29.2/sec)
  Progress: 5900/10000 entities (29.2/sec)
  Progress: 5905/10000 entities (29.2/sec)
  Progress: 5910/10000 entities (29.2/sec)
  Progress: 5915/10000 entities (29.2/sec)
  Progress: 5920/10000 entities (29.2/sec)
  Progress: 5925/10000 entities (29.2/sec)
  Progress: 5930/10000 entities (29.2/sec)
  Progress: 5935/10000 entities (29.2/sec)
  Progress: 5940/10000 entities (29.2/sec)
  Progress: 5945/10000 entities (29.2/sec)
  Progress: 5950/10000 entities (29.2/sec)
  Progress: 5955/10000 entities (29.2/sec)
  Progress: 5960/10000 entities (29.2/sec)
  Progress: 5965/10000 entities (29.2/sec)
  Progress: 5970/10000 entities (29.2/sec)
  Progress: 5975/10000 entities (29.2/sec)
  Progress: 5980/10000 entities (29.2/sec)
  Progress: 5985/10000 entities (29.2/sec)
  Progress: 5990/10000 entities (29.2/sec)
  Progress: 5995/10000 entities (29.2/sec)
  Progress: 6000/10000 entities (29.2/sec)
  Progress: 6005/10000 entities (29.2/sec)
  Progress: 6010/10000 entities (29.2/sec)
  Progress: 6015/10000 entities (29.2/sec)
  Progress: 6020/10000 entities (29.2/sec)
  Progress: 6025/10000 entities (29.2/sec)
  Progress: 6030/10000 entities (29.2/sec)
  Progress: 6035/10000 entities (29.2/sec)
  Progress: 6040/10000 entities (29.2/sec)
  Progress: 6045/10000 entities (29.2/sec)
  Progress: 6050/10000 entities (29.2/sec)
  Progress: 6055/10000 entities (29.2/sec)
  Progress: 6060/10000 entities (29.2/sec)
  Progress: 6065/10000 entities (29.2/sec)
  Progress: 6070/10000 entities (29.2/sec)
  Progress: 6075/10000 entities (29.2/sec)
  Progress: 6080/10000 entities (29.2/sec)
  Progress: 6085/10000 entities (29.2/sec)
  Progress: 6090/10000 entities (29.3/sec)
  Progress: 6095/10000 entities (29.2/sec)
  Progress: 6100/10000 entities (29.2/sec)
  Progress: 6105/10000 entities (29.2/sec)
  Progress: 6110/10000 entities (29.2/sec)
  Progress: 6115/10000 entities (29.2/sec)
  Progress: 6120/10000 entities (29.3/sec)
  Progress: 6125/10000 entities (29.3/sec)
  Progress: 6130/10000 entities (29.3/sec)
  Progress: 6135/10000 entities (29.3/sec)
  Progress: 6140/10000 entities (29.3/sec)
  Progress: 6145/10000 entities (29.3/sec)
  Progress: 6150/10000 entities (29.3/sec)
  Progress: 6155/10000 entities (29.3/sec)
  Progress: 6160/10000 entities (29.3/sec)
  Progress: 6165/10000 entities (29.3/sec)
  Progress: 6170/10000 entities (29.3/sec)
  Progress: 6175/10000 entities (29.3/sec)
  Progress: 6180/10000 entities (29.3/sec)
  Progress: 6185/10000 entities (29.3/sec)
  Progress: 6190/10000 entities (29.3/sec)
  Progress: 6195/10000 entities (29.3/sec)
  Progress: 6200/10000 entities (29.3/sec)
  Progress: 6205/10000 entities (29.3/sec)
  Progress: 6210/10000 entities (29.3/sec)
  Progress: 6215/10000 entities (29.3/sec)
  Progress: 6220/10000 entities (29.3/sec)
  Progress: 6225/10000 entities (29.3/sec)
  Progress: 6230/10000 entities (29.3/sec)
  Progress: 6235/10000 entities (29.3/sec)
  Progress: 6240/10000 entities (29.3/sec)
  Progress: 6245/10000 entities (29.3/sec)
  Progress: 6250/10000 entities (29.3/sec)
  Progress: 6255/10000 entities (29.3/sec)
  Progress: 6260/10000 entities (29.3/sec)
  Progress: 6265/10000 entities (29.3/sec)
  Progress: 6270/10000 entities (29.3/sec)
  Progress: 6275/10000 entities (29.3/sec)
  Progress: 6280/10000 entities (29.3/sec)
  Progress: 6285/10000 entities (29.3/sec)
  Progress: 6290/10000 entities (29.3/sec)
  Progress: 6295/10000 entities (29.3/sec)
  Progress: 6300/10000 entities (29.3/sec)
  Progress: 6305/10000 entities (29.3/sec)
  Progress: 6310/10000 entities (29.3/sec)
  Progress: 6315/10000 entities (29.3/sec)
  Progress: 6320/10000 entities (29.4/sec)
  Progress: 6325/10000 entities (29.4/sec)
  Progress: 6330/10000 entities (29.4/sec)
  Progress: 6335/10000 entities (29.4/sec)
  Progress: 6340/10000 entities (29.4/sec)
  Progress: 6345/10000 entities (29.4/sec)
  Progress: 6350/10000 entities (29.4/sec)
  Progress: 6355/10000 entities (29.3/sec)
  Progress: 6360/10000 entities (29.3/sec)
  Progress: 6365/10000 entities (29.4/sec)
  Progress: 6370/10000 entities (29.3/sec)
  Progress: 6375/10000 entities (29.4/sec)
  Progress: 6380/10000 entities (29.3/sec)
  Progress: 6385/10000 entities (29.3/sec)
  Progress: 6390/10000 entities (29.3/sec)
  Progress: 6395/10000 entities (29.4/sec)
  Progress: 6400/10000 entities (29.3/sec)
  Progress: 6405/10000 entities (29.4/sec)
  Progress: 6410/10000 entities (29.3/sec)
  Progress: 6415/10000 entities (29.3/sec)
  Progress: 6420/10000 entities (29.4/sec)
  Progress: 6425/10000 entities (29.4/sec)
  Progress: 6430/10000 entities (29.3/sec)
  Progress: 6435/10000 entities (29.4/sec)
  Progress: 6440/10000 entities (29.4/sec)
  Progress: 6445/10000 entities (29.4/sec)
  Progress: 6450/10000 entities (29.4/sec)
  Progress: 6455/10000 entities (29.4/sec)
  Progress: 6460/10000 entities (29.4/sec)
  Progress: 6465/10000 entities (29.4/sec)
  Progress: 6470/10000 entities (29.4/sec)
  Progress: 6475/10000 entities (29.4/sec)
  Progress: 6480/10000 entities (29.4/sec)
  Progress: 6485/10000 entities (29.4/sec)
  Progress: 6490/10000 entities (29.4/sec)
  Progress: 6495/10000 entities (29.3/sec)
  Progress: 6500/10000 entities (29.4/sec)
  Progress: 6505/10000 entities (29.3/sec)
  Progress: 6510/10000 entities (29.4/sec)
  Progress: 6515/10000 entities (29.4/sec)
  Progress: 6520/10000 entities (29.4/sec)
  Progress: 6525/10000 entities (29.4/sec)
  Progress: 6530/10000 entities (29.3/sec)
  Progress: 6535/10000 entities (29.4/sec)
  Progress: 6540/10000 entities (29.4/sec)
  Progress: 6545/10000 entities (29.4/sec)
  Progress: 6550/10000 entities (29.4/sec)
  Progress: 6555/10000 entities (29.4/sec)
  Progress: 6560/10000 entities (29.4/sec)
  Progress: 6565/10000 entities (29.4/sec)
  Progress: 6570/10000 entities (29.4/sec)
  Progress: 6575/10000 entities (29.4/sec)
  Progress: 6580/10000 entities (29.4/sec)
  Progress: 6585/10000 entities (29.4/sec)
  Progress: 6590/10000 entities (29.4/sec)
  Progress: 6595/10000 entities (29.4/sec)
  Progress: 6600/10000 entities (29.4/sec)
  Progress: 6605/10000 entities (29.4/sec)
  Progress: 6610/10000 entities (29.4/sec)
  Progress: 6615/10000 entities (29.4/sec)
  Progress: 6620/10000 entities (29.4/sec)
  Progress: 6625/10000 entities (29.4/sec)
  Progress: 6630/10000 entities (29.4/sec)
  Progress: 6635/10000 entities (29.4/sec)
  Progress: 6640/10000 entities (29.4/sec)
  Progress: 6645/10000 entities (29.4/sec)
  Progress: 6650/10000 entities (29.4/sec)
  Progress: 6655/10000 entities (29.4/sec)
  Progress: 6660/10000 entities (29.4/sec)
  Progress: 6665/10000 entities (29.4/sec)
  Progress: 6670/10000 entities (29.4/sec)
  Progress: 6675/10000 entities (29.4/sec)
  Progress: 6680/10000 entities (29.4/sec)
  Progress: 6685/10000 entities (29.4/sec)
  Progress: 6690/10000 entities (29.4/sec)
  Progress: 6695/10000 entities (29.4/sec)
  Progress: 6700/10000 entities (29.4/sec)
  Progress: 6705/10000 entities (29.4/sec)
  Progress: 6710/10000 entities (29.4/sec)
  Progress: 6715/10000 entities (29.4/sec)
  Progress: 6720/10000 entities (29.4/sec)
  Progress: 6725/10000 entities (29.4/sec)
  Progress: 6730/10000 entities (29.4/sec)
  Progress: 6735/10000 entities (29.4/sec)
  Progress: 6740/10000 entities (29.4/sec)
  Progress: 6745/10000 entities (29.4/sec)
  Progress: 6750/10000 entities (29.4/sec)
  Progress: 6755/10000 entities (29.4/sec)
  Progress: 6760/10000 entities (29.4/sec)
  Progress: 6765/10000 entities (29.4/sec)
  Progress: 6770/10000 entities (29.4/sec)
  Progress: 6775/10000 entities (29.4/sec)
  Progress: 6780/10000 entities (29.4/sec)
  Progress: 6785/10000 entities (29.4/sec)
  Progress: 6790/10000 entities (29.4/sec)
  Progress: 6795/10000 entities (29.4/sec)
  Progress: 6800/10000 entities (29.4/sec)
  Progress: 6805/10000 entities (29.4/sec)
  Progress: 6810/10000 entities (29.4/sec)
  Progress: 6815/10000 entities (29.4/sec)
  Progress: 6820/10000 entities (29.4/sec)
  Progress: 6825/10000 entities (29.4/sec)
  Progress: 6830/10000 entities (29.4/sec)
  Progress: 6835/10000 entities (29.5/sec)
  Progress: 6840/10000 entities (29.5/sec)
  Progress: 6845/10000 entities (29.4/sec)
  Progress: 6850/10000 entities (29.4/sec)
  Progress: 6855/10000 entities (29.5/sec)
  Progress: 6860/10000 entities (29.5/sec)
  Progress: 6865/10000 entities (29.5/sec)
  Progress: 6870/10000 entities (29.4/sec)
  Progress: 6875/10000 entities (29.4/sec)
  Progress: 6880/10000 entities (29.4/sec)
  Progress: 6885/10000 entities (29.5/sec)
  Progress: 6890/10000 entities (29.5/sec)
  Progress: 6895/10000 entities (29.5/sec)
  Progress: 6900/10000 entities (29.5/sec)
  Progress: 6905/10000 entities (29.5/sec)
  Progress: 6910/10000 entities (29.4/sec)
  Progress: 6915/10000 entities (29.5/sec)
  Progress: 6920/10000 entities (29.5/sec)
  Progress: 6925/10000 entities (29.5/sec)
  Progress: 6930/10000 entities (29.4/sec)
  Progress: 6935/10000 entities (29.4/sec)
  Progress: 6940/10000 entities (29.4/sec)
  Progress: 6945/10000 entities (29.4/sec)
  Progress: 6950/10000 entities (29.4/sec)
  Progress: 6955/10000 entities (29.4/sec)
  Progress: 6960/10000 entities (29.4/sec)
  Progress: 6965/10000 entities (29.4/sec)
  Progress: 6970/10000 entities (29.5/sec)
  Progress: 6975/10000 entities (29.5/sec)
  Progress: 6980/10000 entities (29.5/sec)
  Progress: 6985/10000 entities (29.5/sec)
  Progress: 6990/10000 entities (29.5/sec)
  Progress: 6995/10000 entities (29.5/sec)
  Progress: 7000/10000 entities (29.5/sec)
  Progress: 7005/10000 entities (29.5/sec)
  Progress: 7010/10000 entities (29.5/sec)
  Progress: 7015/10000 entities (29.5/sec)
  Progress: 7020/10000 entities (29.5/sec)
  Progress: 7025/10000 entities (29.4/sec)
  Progress: 7030/10000 entities (29.5/sec)
  Progress: 7035/10000 entities (29.5/sec)
  Progress: 7040/10000 entities (29.5/sec)
  Progress: 7045/10000 entities (29.5/sec)
  Progress: 7050/10000 entities (29.5/sec)
  Progress: 7055/10000 entities (29.5/sec)
  Progress: 7060/10000 entities (29.5/sec)
  Progress: 7065/10000 entities (29.5/sec)
  Progress: 7070/10000 entities (29.5/sec)
  Progress: 7075/10000 entities (29.5/sec)
  Progress: 7080/10000 entities (29.5/sec)
  Progress: 7085/10000 entities (29.5/sec)
  Progress: 7090/10000 entities (29.5/sec)
  Progress: 7095/10000 entities (29.5/sec)
  Progress: 7100/10000 entities (29.5/sec)
  Progress: 7105/10000 entities (29.5/sec)
  Progress: 7110/10000 entities (29.5/sec)
  Progress: 7115/10000 entities (29.5/sec)
  Progress: 7120/10000 entities (29.5/sec)
  Progress: 7125/10000 entities (29.5/sec)
  Progress: 7130/10000 entities (29.5/sec)
  Progress: 7135/10000 entities (29.5/sec)
  Progress: 7140/10000 entities (29.5/sec)
  Progress: 7145/10000 entities (29.5/sec)
  Progress: 7150/10000 entities (29.5/sec)
  Progress: 7155/10000 entities (29.5/sec)
  Progress: 7160/10000 entities (29.5/sec)
  Progress: 7165/10000 entities (29.5/sec)
  Progress: 7170/10000 entities (29.5/sec)
  Progress: 7175/10000 entities (29.5/sec)
  Progress: 7180/10000 entities (29.5/sec)
  Progress: 7185/10000 entities (29.5/sec)
  Progress: 7190/10000 entities (29.5/sec)
  Progress: 7195/10000 entities (29.5/sec)
  Progress: 7200/10000 entities (29.5/sec)
  Progress: 7205/10000 entities (29.5/sec)
  Progress: 7210/10000 entities (29.5/sec)
  Progress: 7215/10000 entities (29.5/sec)
  Progress: 7220/10000 entities (29.5/sec)
  Progress: 7225/10000 entities (29.5/sec)
  Progress: 7230/10000 entities (29.5/sec)
  Progress: 7235/10000 entities (29.5/sec)
  Progress: 7240/10000 entities (29.5/sec)
  Progress: 7245/10000 entities (29.5/sec)
  Progress: 7250/10000 entities (29.5/sec)
  Progress: 7255/10000 entities (29.5/sec)
  Progress: 7260/10000 entities (29.5/sec)
  Progress: 7265/10000 entities (29.5/sec)
  Progress: 7270/10000 entities (29.5/sec)
  Progress: 7275/10000 entities (29.5/sec)
  Progress: 7280/10000 entities (29.5/sec)
  Progress: 7285/10000 entities (29.5/sec)
  Progress: 7290/10000 entities (29.5/sec)
  Progress: 7295/10000 entities (29.5/sec)
  Progress: 7300/10000 entities (29.5/sec)
  Progress: 7305/10000 entities (29.5/sec)
  Progress: 7310/10000 entities (29.5/sec)
  Progress: 7315/10000 entities (29.5/sec)
  Progress: 7320/10000 entities (29.5/sec)
  Progress: 7325/10000 entities (29.5/sec)
  Progress: 7330/10000 entities (29.5/sec)
  Progress: 7335/10000 entities (29.5/sec)
  Progress: 7340/10000 entities (29.5/sec)
  Progress: 7345/10000 entities (29.5/sec)
  Progress: 7350/10000 entities (29.5/sec)
  Progress: 7355/10000 entities (29.5/sec)
  Progress: 7360/10000 entities (29.5/sec)
  Progress: 7365/10000 entities (29.5/sec)
  Progress: 7370/10000 entities (29.5/sec)
  Progress: 7375/10000 entities (29.5/sec)
  Progress: 7380/10000 entities (29.5/sec)
  Progress: 7385/10000 entities (29.5/sec)
  Progress: 7390/10000 entities (29.5/sec)
  Progress: 7395/10000 entities (29.5/sec)
  Progress: 7400/10000 entities (29.5/sec)
  Progress: 7405/10000 entities (29.5/sec)
  Progress: 7410/10000 entities (29.5/sec)
  Progress: 7415/10000 entities (29.5/sec)
  Progress: 7420/10000 entities (29.5/sec)
  Progress: 7425/10000 entities (29.5/sec)
  Progress: 7430/10000 entities (29.5/sec)
  Progress: 7435/10000 entities (29.5/sec)
  Progress: 7440/10000 entities (29.5/sec)
  Progress: 7445/10000 entities (29.5/sec)
  Progress: 7450/10000 entities (29.5/sec)
  Progress: 7455/10000 entities (29.5/sec)
  Progress: 7460/10000 entities (29.5/sec)
  Progress: 7465/10000 entities (29.5/sec)
  Progress: 7470/10000 entities (29.5/sec)
  Progress: 7475/10000 entities (29.5/sec)
  Progress: 7480/10000 entities (29.5/sec)
  Progress: 7485/10000 entities (29.4/sec)
  Progress: 7490/10000 entities (29.4/sec)
  Progress: 7495/10000 entities (29.4/sec)
  Progress: 7500/10000 entities (29.4/sec)
  Progress: 7505/10000 entities (29.4/sec)
  Progress: 7510/10000 entities (29.4/sec)
  Progress: 7515/10000 entities (29.4/sec)
  Progress: 7520/10000 entities (29.4/sec)
  Progress: 7525/10000 entities (29.5/sec)
  Progress: 7530/10000 entities (29.4/sec)
  Progress: 7535/10000 entities (29.5/sec)
  Progress: 7540/10000 entities (29.5/sec)
  Progress: 7545/10000 entities (29.5/sec)
  Progress: 7550/10000 entities (29.4/sec)
  Progress: 7555/10000 entities (29.4/sec)
  Progress: 7560/10000 entities (29.4/sec)
  Progress: 7565/10000 entities (29.4/sec)
  Progress: 7570/10000 entities (29.5/sec)
  Progress: 7575/10000 entities (29.5/sec)
  Progress: 7580/10000 entities (29.4/sec)
  Progress: 7585/10000 entities (29.4/sec)
  Progress: 7590/10000 entities (29.4/sec)
  Progress: 7595/10000 entities (29.4/sec)
  Progress: 7600/10000 entities (29.5/sec)
  Progress: 7605/10000 entities (29.5/sec)
  Progress: 7610/10000 entities (29.4/sec)
  Progress: 7615/10000 entities (29.4/sec)
  Progress: 7620/10000 entities (29.4/sec)
  Progress: 7625/10000 entities (29.4/sec)
  Progress: 7630/10000 entities (29.4/sec)
  Progress: 7635/10000 entities (29.4/sec)
  Progress: 7640/10000 entities (29.4/sec)
  Progress: 7645/10000 entities (29.4/sec)
  Progress: 7650/10000 entities (29.4/sec)
  Progress: 7655/10000 entities (29.4/sec)
  Progress: 7660/10000 entities (29.5/sec)
  Progress: 7665/10000 entities (29.4/sec)
  Progress: 7670/10000 entities (29.4/sec)
  Progress: 7675/10000 entities (29.4/sec)
  Progress: 7680/10000 entities (29.5/sec)
  Progress: 7685/10000 entities (29.5/sec)
  Progress: 7690/10000 entities (29.4/sec)
  Progress: 7695/10000 entities (29.4/sec)
  Progress: 7700/10000 entities (29.4/sec)
  Progress: 7705/10000 entities (29.4/sec)
  Progress: 7710/10000 entities (29.4/sec)
  Progress: 7715/10000 entities (29.4/sec)
  Progress: 7720/10000 entities (29.4/sec)
  Progress: 7725/10000 entities (29.4/sec)
  Progress: 7730/10000 entities (29.4/sec)
  Progress: 7735/10000 entities (29.4/sec)
  Progress: 7740/10000 entities (29.4/sec)
  Progress: 7745/10000 entities (29.4/sec)
  Progress: 7750/10000 entities (29.4/sec)
  Progress: 7755/10000 entities (29.4/sec)
  Progress: 7760/10000 entities (29.4/sec)
  Progress: 7765/10000 entities (29.4/sec)
  Progress: 7770/10000 entities (29.4/sec)
  Progress: 7775/10000 entities (29.4/sec)
  Progress: 7780/10000 entities (29.5/sec)
  Progress: 7785/10000 entities (29.4/sec)
  Progress: 7790/10000 entities (29.4/sec)
  Progress: 7795/10000 entities (29.4/sec)
  Progress: 7800/10000 entities (29.4/sec)
  Progress: 7805/10000 entities (29.4/sec)
  Progress: 7810/10000 entities (29.4/sec)
  Progress: 7815/10000 entities (29.4/sec)
  Progress: 7820/10000 entities (29.4/sec)
  Progress: 7825/10000 entities (29.5/sec)
  Progress: 7830/10000 entities (29.5/sec)
  Progress: 7835/10000 entities (29.5/sec)
  Progress: 7840/10000 entities (29.5/sec)
  Progress: 7845/10000 entities (29.5/sec)
  Progress: 7850/10000 entities (29.5/sec)
  Progress: 7855/10000 entities (29.5/sec)
  Progress: 7860/10000 entities (29.5/sec)
  Progress: 7865/10000 entities (29.5/sec)
  Progress: 7870/10000 entities (29.5/sec)
  Progress: 7875/10000 entities (29.5/sec)
  Progress: 7880/10000 entities (29.5/sec)
  Progress: 7885/10000 entities (29.5/sec)
  Progress: 7890/10000 entities (29.5/sec)
  Progress: 7895/10000 entities (29.5/sec)
  Progress: 7900/10000 entities (29.5/sec)
  Progress: 7905/10000 entities (29.5/sec)
  Progress: 7910/10000 entities (29.5/sec)
  Progress: 7915/10000 entities (29.5/sec)
  Progress: 7920/10000 entities (29.5/sec)
  Progress: 7925/10000 entities (29.5/sec)
  Progress: 7930/10000 entities (29.5/sec)
  Progress: 7935/10000 entities (29.5/sec)
  Progress: 7940/10000 entities (29.5/sec)
  Progress: 7945/10000 entities (29.5/sec)
  Progress: 7950/10000 entities (29.5/sec)
  Progress: 7955/10000 entities (29.5/sec)
  Progress: 7960/10000 entities (29.5/sec)
  Progress: 7965/10000 entities (29.5/sec)
  Progress: 7970/10000 entities (29.5/sec)
  Progress: 7975/10000 entities (29.5/sec)
  Progress: 7980/10000 entities (29.5/sec)
  Progress: 7985/10000 entities (29.5/sec)
  Progress: 7990/10000 entities (29.5/sec)
  Progress: 7995/10000 entities (29.5/sec)
  Progress: 8000/10000 entities (29.5/sec)
  Progress: 8005/10000 entities (29.5/sec)
  Progress: 8010/10000 entities (29.5/sec)
  Progress: 8015/10000 entities (29.5/sec)
  Progress: 8020/10000 entities (29.5/sec)
  Progress: 8025/10000 entities (29.5/sec)
  Progress: 8030/10000 entities (29.5/sec)
  Progress: 8035/10000 entities (29.5/sec)
  Progress: 8040/10000 entities (29.5/sec)
  Progress: 8045/10000 entities (29.5/sec)
  Progress: 8050/10000 entities (29.5/sec)
  Progress: 8055/10000 entities (29.5/sec)
  Progress: 8060/10000 entities (29.5/sec)
  Progress: 8065/10000 entities (29.5/sec)
  Progress: 8070/10000 entities (29.5/sec)
  Progress: 8075/10000 entities (29.5/sec)
  Progress: 8080/10000 entities (29.5/sec)
  Progress: 8085/10000 entities (29.5/sec)
  Progress: 8090/10000 entities (29.5/sec)
  Progress: 8095/10000 entities (29.5/sec)
  Progress: 8100/10000 entities (29.5/sec)
  Progress: 8105/10000 entities (29.5/sec)
  Progress: 8110/10000 entities (29.5/sec)
  Progress: 8115/10000 entities (29.5/sec)
  Progress: 8120/10000 entities (29.5/sec)
  Progress: 8125/10000 entities (29.5/sec)
  Progress: 8130/10000 entities (29.5/sec)
  Progress: 8135/10000 entities (29.5/sec)
  Progress: 8140/10000 entities (29.5/sec)
  Progress: 8145/10000 entities (29.5/sec)
  Progress: 8150/10000 entities (29.5/sec)
  Progress: 8155/10000 entities (29.5/sec)
  Progress: 8160/10000 entities (29.5/sec)
  Progress: 8165/10000 entities (29.5/sec)
  Progress: 8170/10000 entities (29.5/sec)
  Progress: 8175/10000 entities (29.5/sec)
  Progress: 8180/10000 entities (29.4/sec)
  Progress: 8185/10000 entities (29.4/sec)
  Progress: 8190/10000 entities (29.4/sec)
  Progress: 8195/10000 entities (29.4/sec)
  Progress: 8200/10000 entities (29.4/sec)
  Progress: 8205/10000 entities (29.4/sec)
  Progress: 8210/10000 entities (29.4/sec)
  Progress: 8215/10000 entities (29.4/sec)
  Progress: 8220/10000 entities (29.5/sec)
  Progress: 8225/10000 entities (29.4/sec)
  Progress: 8230/10000 entities (29.4/sec)
  Progress: 8235/10000 entities (29.4/sec)
  Progress: 8240/10000 entities (29.4/sec)
  Progress: 8245/10000 entities (29.4/sec)
  Progress: 8250/10000 entities (29.4/sec)
  Progress: 8255/10000 entities (29.4/sec)
  Progress: 8260/10000 entities (29.4/sec)
  Progress: 8265/10000 entities (29.4/sec)
  Progress: 8270/10000 entities (29.4/sec)
  Progress: 8275/10000 entities (29.5/sec)
  Progress: 8280/10000 entities (29.5/sec)
  Progress: 8285/10000 entities (29.5/sec)
  Progress: 8290/10000 entities (29.4/sec)
  Progress: 8295/10000 entities (29.5/sec)
  Progress: 8300/10000 entities (29.5/sec)
  Progress: 8305/10000 entities (29.5/sec)
  Progress: 8310/10000 entities (29.5/sec)
  Progress: 8315/10000 entities (29.5/sec)
  Progress: 8320/10000 entities (29.5/sec)
  Progress: 8325/10000 entities (29.5/sec)
  Progress: 8330/10000 entities (29.5/sec)
  Progress: 8335/10000 entities (29.5/sec)
  Progress: 8340/10000 entities (29.5/sec)
  Progress: 8345/10000 entities (29.5/sec)
  Progress: 8350/10000 entities (29.5/sec)
  Progress: 8355/10000 entities (29.5/sec)
  Progress: 8360/10000 entities (29.4/sec)
  Progress: 8365/10000 entities (29.5/sec)
  Progress: 8370/10000 entities (29.5/sec)
  Progress: 8375/10000 entities (29.5/sec)
  Progress: 8380/10000 entities (29.5/sec)
  Progress: 8385/10000 entities (29.5/sec)
  Progress: 8390/10000 entities (29.4/sec)
  Progress: 8395/10000 entities (29.4/sec)
  Progress: 8400/10000 entities (29.5/sec)
  Progress: 8405/10000 entities (29.4/sec)
  Progress: 8410/10000 entities (29.5/sec)
  Progress: 8415/10000 entities (29.5/sec)
  Progress: 8420/10000 entities (29.5/sec)
  Progress: 8425/10000 entities (29.5/sec)
  Progress: 8430/10000 entities (29.5/sec)
  Progress: 8435/10000 entities (29.4/sec)
  Progress: 8440/10000 entities (29.4/sec)
  Progress: 8445/10000 entities (29.4/sec)
  Progress: 8450/10000 entities (29.4/sec)
  Progress: 8455/10000 entities (29.4/sec)
  Progress: 8460/10000 entities (29.5/sec)
  Progress: 8465/10000 entities (29.4/sec)
  Progress: 8470/10000 entities (29.4/sec)
  Progress: 8475/10000 entities (29.4/sec)
  Progress: 8480/10000 entities (29.4/sec)
  Progress: 8485/10000 entities (29.4/sec)
  Progress: 8490/10000 entities (29.4/sec)
  Progress: 8495/10000 entities (29.4/sec)
  Progress: 8500/10000 entities (29.4/sec)
  Progress: 8505/10000 entities (29.4/sec)
  Progress: 8510/10000 entities (29.5/sec)
  Progress: 8515/10000 entities (29.4/sec)
  Progress: 8520/10000 entities (29.4/sec)
  Progress: 8525/10000 entities (29.4/sec)
  Progress: 8530/10000 entities (29.4/sec)
  Progress: 8535/10000 entities (29.4/sec)
  Progress: 8540/10000 entities (29.4/sec)
  Progress: 8545/10000 entities (29.4/sec)
  Progress: 8550/10000 entities (29.4/sec)
  Progress: 8555/10000 entities (29.4/sec)
  Progress: 8560/10000 entities (29.4/sec)
  Progress: 8565/10000 entities (29.4/sec)
  Progress: 8570/10000 entities (29.5/sec)
  Progress: 8575/10000 entities (29.5/sec)
  Progress: 8580/10000 entities (29.5/sec)
  Progress: 8585/10000 entities (29.5/sec)
  Progress: 8590/10000 entities (29.5/sec)
  Progress: 8595/10000 entities (29.5/sec)
  Progress: 8600/10000 entities (29.5/sec)
  Progress: 8605/10000 entities (29.5/sec)
  Progress: 8610/10000 entities (29.5/sec)
  Progress: 8615/10000 entities (29.5/sec)
  Progress: 8620/10000 entities (29.5/sec)
  Progress: 8625/10000 entities (29.5/sec)
  Progress: 8630/10000 entities (29.5/sec)
  Progress: 8635/10000 entities (29.5/sec)
  Progress: 8640/10000 entities (29.5/sec)
  Progress: 8645/10000 entities (29.5/sec)
  Progress: 8650/10000 entities (29.5/sec)
  Progress: 8655/10000 entities (29.5/sec)
  Progress: 8660/10000 entities (29.5/sec)
  Progress: 8665/10000 entities (29.5/sec)
  Progress: 8670/10000 entities (29.5/sec)
  Progress: 8675/10000 entities (29.5/sec)
  Progress: 8680/10000 entities (29.5/sec)
  Progress: 8685/10000 entities (29.5/sec)
  Progress: 8690/10000 entities (29.5/sec)
  Progress: 8695/10000 entities (29.5/sec)
  Progress: 8700/10000 entities (29.5/sec)
  Progress: 8705/10000 entities (29.5/sec)
  Progress: 8710/10000 entities (29.5/sec)
  Progress: 8715/10000 entities (29.5/sec)
  Progress: 8720/10000 entities (29.5/sec)
  Progress: 8725/10000 entities (29.5/sec)
  Progress: 8730/10000 entities (29.5/sec)
  Progress: 8735/10000 entities (29.5/sec)
  Progress: 8740/10000 entities (29.5/sec)
  Progress: 8745/10000 entities (29.5/sec)
  Progress: 8750/10000 entities (29.5/sec)
  Progress: 8755/10000 entities (29.5/sec)
  Progress: 8760/10000 entities (29.5/sec)
  Progress: 8765/10000 entities (29.5/sec)
  Progress: 8770/10000 entities (29.5/sec)
  Progress: 8775/10000 entities (29.5/sec)
  Progress: 8780/10000 entities (29.5/sec)
  Progress: 8785/10000 entities (29.5/sec)
  Progress: 8790/10000 entities (29.5/sec)
  Progress: 8795/10000 entities (29.5/sec)
  Progress: 8800/10000 entities (29.5/sec)
  Progress: 8805/10000 entities (29.5/sec)
  Progress: 8810/10000 entities (29.5/sec)
  Progress: 8815/10000 entities (29.5/sec)
  Progress: 8820/10000 entities (29.5/sec)
  Progress: 8825/10000 entities (29.5/sec)
  Progress: 8830/10000 entities (29.5/sec)
  Progress: 8835/10000 entities (29.5/sec)
  Progress: 8840/10000 entities (29.5/sec)
  Progress: 8845/10000 entities (29.5/sec)
  Progress: 8850/10000 entities (29.5/sec)
  Progress: 8855/10000 entities (29.5/sec)
  Progress: 8860/10000 entities (29.5/sec)
  Progress: 8865/10000 entities (29.5/sec)
  Progress: 8870/10000 entities (29.5/sec)
  Progress: 8875/10000 entities (29.5/sec)
  Progress: 8880/10000 entities (29.5/sec)
  Progress: 8885/10000 entities (29.5/sec)
  Progress: 8890/10000 entities (29.5/sec)
  Progress: 8895/10000 entities (29.5/sec)
  Progress: 8900/10000 entities (29.5/sec)
  Progress: 8905/10000 entities (29.5/sec)
  Progress: 8910/10000 entities (29.5/sec)
  Progress: 8915/10000 entities (29.5/sec)
  Progress: 8920/10000 entities (29.5/sec)
  Progress: 8925/10000 entities (29.5/sec)
  Progress: 8930/10000 entities (29.5/sec)
  Progress: 8935/10000 entities (29.5/sec)
  Progress: 8940/10000 entities (29.5/sec)
  Progress: 8945/10000 entities (29.5/sec)
  Progress: 8950/10000 entities (29.5/sec)
  Progress: 8955/10000 entities (29.5/sec)
  Progress: 8960/10000 entities (29.5/sec)
  Progress: 8965/10000 entities (29.5/sec)
  Progress: 8970/10000 entities (29.5/sec)
  Progress: 8975/10000 entities (29.5/sec)
  Progress: 8980/10000 entities (29.5/sec)
  Progress: 8985/10000 entities (29.5/sec)
  Progress: 8990/10000 entities (29.5/sec)
  Progress: 8995/10000 entities (29.5/sec)
  Progress: 9000/10000 entities (29.5/sec)
  Progress: 9005/10000 entities (29.5/sec)
  Progress: 9010/10000 entities (29.5/sec)
  Progress: 9015/10000 entities (29.5/sec)
  Progress: 9020/10000 entities (29.5/sec)
  Progress: 9025/10000 entities (29.5/sec)
  Progress: 9030/10000 entities (29.5/sec)
  Progress: 9035/10000 entities (29.5/sec)
  Progress: 9040/10000 entities (29.5/sec)
  Progress: 9045/10000 entities (29.5/sec)
  Progress: 9050/10000 entities (29.5/sec)
  Progress: 9055/10000 entities (29.5/sec)
  Progress: 9060/10000 entities (29.5/sec)
  Progress: 9065/10000 entities (29.5/sec)
  Progress: 9070/10000 entities (29.5/sec)
  Progress: 9075/10000 entities (29.5/sec)
  Progress: 9080/10000 entities (29.5/sec)
  Progress: 9085/10000 entities (29.5/sec)
  Progress: 9090/10000 entities (29.5/sec)
  Progress: 9095/10000 entities (29.5/sec)
  Progress: 9100/10000 entities (29.5/sec)
  Progress: 9105/10000 entities (29.5/sec)
  Progress: 9110/10000 entities (29.5/sec)
  Progress: 9115/10000 entities (29.5/sec)
  Progress: 9120/10000 entities (29.5/sec)
  Progress: 9125/10000 entities (29.5/sec)
  Progress: 9130/10000 entities (29.5/sec)
  Progress: 9135/10000 entities (29.5/sec)
  Progress: 9140/10000 entities (29.5/sec)
  Progress: 9145/10000 entities (29.5/sec)
  Progress: 9150/10000 entities (29.5/sec)
  Progress: 9155/10000 entities (29.5/sec)
  Progress: 9160/10000 entities (29.5/sec)
  Progress: 9165/10000 entities (29.5/sec)
  Progress: 9170/10000 entities (29.5/sec)
  Progress: 9175/10000 entities (29.5/sec)
  Progress: 9180/10000 entities (29.5/sec)
  Progress: 9185/10000 entities (29.5/sec)
  Progress: 9190/10000 entities (29.5/sec)
  Progress: 9195/10000 entities (29.5/sec)
  Progress: 9200/10000 entities (29.5/sec)
  Progress: 9205/10000 entities (29.5/sec)
  Progress: 9210/10000 entities (29.5/sec)
  Progress: 9215/10000 entities (29.5/sec)
  Progress: 9220/10000 entities (29.6/sec)
  Progress: 9225/10000 entities (29.5/sec)
  Progress: 9230/10000 entities (29.5/sec)
  Progress: 9235/10000 entities (29.5/sec)
  Progress: 9240/10000 entities (29.5/sec)
  Progress: 9245/10000 entities (29.5/sec)
  Progress: 9250/10000 entities (29.6/sec)
  Progress: 9255/10000 entities (29.6/sec)
  Progress: 9260/10000 entities (29.5/sec)
  Progress: 9265/10000 entities (29.5/sec)
  Progress: 9270/10000 entities (29.5/sec)
  Progress: 9275/10000 entities (29.5/sec)
  Progress: 9280/10000 entities (29.5/sec)
  Progress: 9285/10000 entities (29.5/sec)
  Progress: 9290/10000 entities (29.5/sec)
  Progress: 9295/10000 entities (29.5/sec)
  Progress: 9300/10000 entities (29.6/sec)
  Progress: 9305/10000 entities (29.6/sec)
  Progress: 9310/10000 entities (29.6/sec)
  Progress: 9315/10000 entities (29.6/sec)
  Progress: 9320/10000 entities (29.6/sec)
  Progress: 9325/10000 entities (29.5/sec)
  Progress: 9330/10000 entities (29.5/sec)
  Progress: 9335/10000 entities (29.5/sec)
  Progress: 9340/10000 entities (29.5/sec)
  Progress: 9345/10000 entities (29.5/sec)
  Progress: 9350/10000 entities (29.5/sec)
  Progress: 9355/10000 entities (29.5/sec)
  Progress: 9360/10000 entities (29.5/sec)
  Progress: 9365/10000 entities (29.5/sec)
  Progress: 9370/10000 entities (29.5/sec)
  Progress: 9375/10000 entities (29.5/sec)
  Progress: 9380/10000 entities (29.5/sec)
  Progress: 9385/10000 entities (29.5/sec)
  Progress: 9390/10000 entities (29.5/sec)
  Progress: 9395/10000 entities (29.5/sec)
  Progress: 9400/10000 entities (29.5/sec)
  Progress: 9405/10000 entities (29.5/sec)
  Progress: 9410/10000 entities (29.5/sec)
  Progress: 9415/10000 entities (29.5/sec)
  Progress: 9420/10000 entities (29.6/sec)
  Progress: 9425/10000 entities (29.6/sec)
  Progress: 9430/10000 entities (29.6/sec)
  Progress: 9435/10000 entities (29.5/sec)
  Progress: 9440/10000 entities (29.5/sec)
  Progress: 9445/10000 entities (29.6/sec)
  Progress: 9450/10000 entities (29.5/sec)
  Progress: 9455/10000 entities (29.6/sec)
  Progress: 9460/10000 entities (29.6/sec)
  Progress: 9465/10000 entities (29.5/sec)
  Progress: 9470/10000 entities (29.6/sec)
  Progress: 9475/10000 entities (29.6/sec)
  Progress: 9480/10000 entities (29.5/sec)
  Progress: 9485/10000 entities (29.5/sec)
  Progress: 9490/10000 entities (29.5/sec)
  Progress: 9495/10000 entities (29.6/sec)
  Progress: 9500/10000 entities (29.6/sec)
  Progress: 9505/10000 entities (29.6/sec)
  Progress: 9510/10000 entities (29.6/sec)
  Progress: 9515/10000 entities (29.6/sec)
  Progress: 9520/10000 entities (29.6/sec)
  Progress: 9525/10000 entities (29.6/sec)
  Progress: 9530/10000 entities (29.6/sec)
  Progress: 9535/10000 entities (29.6/sec)
  Progress: 9540/10000 entities (29.6/sec)
  Progress: 9545/10000 entities (29.6/sec)
  Progress: 9550/10000 entities (29.6/sec)
  Progress: 9555/10000 entities (29.6/sec)
  Progress: 9560/10000 entities (29.6/sec)
  Progress: 9565/10000 entities (29.5/sec)
  Progress: 9570/10000 entities (29.6/sec)
  Progress: 9575/10000 entities (29.6/sec)
  Progress: 9580/10000 entities (29.6/sec)
  Progress: 9585/10000 entities (29.6/sec)
  Progress: 9590/10000 entities (29.5/sec)
  Progress: 9595/10000 entities (29.6/sec)
  Progress: 9600/10000 entities (29.6/sec)
  Progress: 9605/10000 entities (29.6/sec)
  Progress: 9610/10000 entities (29.6/sec)
  Progress: 9615/10000 entities (29.5/sec)
  Progress: 9620/10000 entities (29.6/sec)
  Progress: 9625/10000 entities (29.6/sec)
  Progress: 9630/10000 entities (29.6/sec)
  Progress: 9635/10000 entities (29.6/sec)
  Progress: 9640/10000 entities (29.6/sec)
  Progress: 9645/10000 entities (29.6/sec)
  Progress: 9650/10000 entities (29.6/sec)
  Progress: 9655/10000 entities (29.6/sec)
  Progress: 9660/10000 entities (29.6/sec)
  Progress: 9665/10000 entities (29.6/sec)
  Progress: 9670/10000 entities (29.6/sec)
  Progress: 9675/10000 entities (29.6/sec)
  Progress: 9680/10000 entities (29.6/sec)
  Progress: 9685/10000 entities (29.6/sec)
  Progress: 9690/10000 entities (29.6/sec)
  Progress: 9695/10000 entities (29.6/sec)
  Progress: 9700/10000 entities (29.6/sec)
  Progress: 9705/10000 entities (29.6/sec)
  Progress: 9710/10000 entities (29.6/sec)
  Progress: 9715/10000 entities (29.6/sec)
  Progress: 9720/10000 entities (29.6/sec)
  Progress: 9725/10000 entities (29.6/sec)
  Progress: 9730/10000 entities (29.6/sec)
  Progress: 9735/10000 entities (29.6/sec)
  Progress: 9740/10000 entities (29.6/sec)
  Progress: 9745/10000 entities (29.6/sec)
  Progress: 9750/10000 entities (29.6/sec)
  Progress: 9755/10000 entities (29.6/sec)
  Progress: 9760/10000 entities (29.6/sec)
  Progress: 9765/10000 entities (29.6/sec)
  Progress: 9770/10000 entities (29.6/sec)
  Progress: 9775/10000 entities (29.6/sec)
  Progress: 9780/10000 entities (29.6/sec)
  Progress: 9785/10000 entities (29.6/sec)
  Progress: 9790/10000 entities (29.6/sec)
  Progress: 9795/10000 entities (29.6/sec)
  Progress: 9800/10000 entities (29.6/sec)
  Progress: 9805/10000 entities (29.6/sec)
  Progress: 9810/10000 entities (29.6/sec)
  Progress: 9815/10000 entities (29.6/sec)
  Progress: 9820/10000 entities (29.6/sec)
  Progress: 9825/10000 entities (29.6/sec)
  Progress: 9830/10000 entities (29.6/sec)
  Progress: 9835/10000 entities (29.6/sec)
  Progress: 9840/10000 entities (29.6/sec)
  Progress: 9845/10000 entities (29.6/sec)
  Progress: 9850/10000 entities (29.6/sec)
  Progress: 9855/10000 entities (29.6/sec)
  Progress: 9860/10000 entities (29.6/sec)
  Progress: 9865/10000 entities (29.6/sec)
  Progress: 9870/10000 entities (29.6/sec)
  Progress: 9875/10000 entities (29.6/sec)
  Progress: 9880/10000 entities (29.6/sec)
  Progress: 9885/10000 entities (29.6/sec)
  Progress: 9890/10000 entities (29.6/sec)
  Progress: 9895/10000 entities (29.6/sec)
  Progress: 9900/10000 entities (29.6/sec)
  Progress: 9905/10000 entities (29.6/sec)
  Progress: 9910/10000 entities (29.6/sec)
  Progress: 9915/10000 entities (29.6/sec)
  Progress: 9920/10000 entities (29.6/sec)
  Progress: 9925/10000 entities (29.6/sec)
  Progress: 9930/10000 entities (29.6/sec)
  Progress: 9935/10000 entities (29.6/sec)
  Progress: 9940/10000 entities (29.6/sec)
  Progress: 9945/10000 entities (29.6/sec)
  Progress: 9950/10000 entities (29.6/sec)
  Progress: 9955/10000 entities (29.6/sec)
  Progress: 9960/10000 entities (29.6/sec)
  Progress: 9965/10000 entities (29.6/sec)
  Progress: 9970/10000 entities (29.6/sec)
  Progress: 9975/10000 entities (29.6/sec)
  Progress: 9980/10000 entities (29.6/sec)
  Progress: 9985/10000 entities (29.6/sec)
  Progress: 9990/10000 entities (29.6/sec)
  Progress: 9995/10000 entities (29.6/sec)
  Progress: 10000/10000 entities (29.6/sec)

Registration complete:
  Entities:        10000
  Artifacts:       10000
  Skipped:         0
  Artifact errors: 0
  Shared axes:     2 registered, 0 skipped, 0 errors
  Time:            337.8 seconds

==================================================
Verification
==================================================
Dataset containers at root: 67

Dataset 'BENCH_BATCHED_5F':
  metadata keys: 18
    sample: ['amsc_public', 'data_type', 'description', 'fingerprint', 'label', 'material', 'method', 'prior_distribution']
  shared axes: 2/2 registered as array children ['eloss', 'omega_bounds']
  entity containers: 10000
    sample: ['BENCH_BATCHED_5F_24b87f0b55b9f', 'BENCH_BATCHED_5F_e6dd43bb835d2', 'BENCH_BATCHED_5F_046df084c0364']

Entity 'BENCH_BATCHED_5F_24b87f0b55b9f':
  metadata keys: 17 (locators: 1)
  artifact children: 1
    sample: ['rixs_spectrum']

Artifact 'rixs_spectrum':
  shape: (151, 40)  dtype: float64

Done!
-- BENCH_BATCHED_5F register: 351s rc=0
== BENCH_BATCHED_5F verify (2026-09-20T04:47:08Z) ==
VERIFY BENCH_BATCHED_5F: entities=10000/10000 shared=2 broken=0 spot_every=199 -> OK
-- BENCH_BATCHED_5F verify: 85s rc=0
== BENCH_PER_ENTITY register (2026-09-20T04:48:33Z) ==

ERROR: the manifests in /sdf/data/lcls/ds/prj/prjmaiqmag01/results/ajshack/tiled-bench/_bench_ws/trainbench/manifests/BENCH_PER_ENTITY were generated from a different source block than /sdf/data/lcls/ds/prj/prjmaiqmag01/results/ajshack/tiled-bench/_bench_ws/trainbench/datasets/nips3_multimodal_v2.yml now has. Run
    tilewright manifest /sdf/data/lcls/ds/prj/prjmaiqmag01/results/ajshack/tiled-bench/_bench_ws/trainbench/datasets/nips3_multimodal_v2.yml
to rebuild them.
==================================================
Register (HTTP)
==================================================
Configs: ['/sdf/data/lcls/ds/prj/prjmaiqmag01/results/ajshack/tiled-bench/_bench_ws/trainbench/datasets/nips3_multimodal_v2.yml']
  note: metadata.method 'INS_powder' is not in the vocabulary; it is registered as written (known: Diffraction, INS, Magnetization, RIXS, STEM, SWT, TotalScattering, VDP, XES, XPS)
  note: metadata.facility 'ORNL' is not in the vocabulary; it is registered as written (known: APS, CNMS, HFIR, LCLS, NSLS-II, SNS, SSRL)

Checking Tiled server at https://lcls-data-portal.slac.stanford.edu/tiled-test ...
Server is running.
Connected to https://lcls-data-portal.slac.stanford.edu/tiled-test (67 existing containers)
-- BENCH_PER_ENTITY register: 7s rc=1
== BENCH_PER_ENTITY manifest_regen (2026-09-20T04:48:40Z) ==
  note: metadata.method 'INS_powder' is not in the vocabulary; it is registered as written (known: Diffraction, INS, Magnetization, RIXS, STEM, SWT, TotalScattering, VDP, XES, XPS)
  note: metadata.facility 'ORNL' is not in the vocabulary; it is registered as written (known: APS, CNMS, HFIR, LCLS, NSLS-II, SNS, SSRL)
  7616 files match '*.h5' under /sdf/data/lcls/ds/prj/prjmaiqmag01/results/data-source/NiPS3_Multimodal_Synthetic/data
  1000/7616 files
  2000/7616 files
  3000/7616 files
  4000/7616 files
  5000/7616 files
  6000/7616 files
  7000/7616 files
dataset=BENCH_PER_ENTITY entities=7616 artifacts=45696 shared=5 -> /sdf/data/lcls/ds/prj/prjmaiqmag01/results/ajshack/tiled-bench/_bench_ws/trainbench/manifests/BENCH_PER_ENTITY
-- BENCH_PER_ENTITY manifest_regen: 160s rc=0
== BENCH_PER_ENTITY register (2026-09-20T04:51:21Z) ==
==================================================
Register (HTTP)
==================================================
Configs: ['/sdf/data/lcls/ds/prj/prjmaiqmag01/results/ajshack/tiled-bench/_bench_ws/trainbench/datasets/nips3_multimodal_v2.yml']
  note: metadata.method 'INS_powder' is not in the vocabulary; it is registered as written (known: Diffraction, INS, Magnetization, RIXS, STEM, SWT, TotalScattering, VDP, XES, XPS)
  note: metadata.facility 'ORNL' is not in the vocabulary; it is registered as written (known: APS, CNMS, HFIR, LCLS, NSLS-II, SNS, SSRL)

Checking Tiled server at https://lcls-data-portal.slac.stanford.edu/tiled-test ...
Server is running.
Connected to https://lcls-data-portal.slac.stanford.edu/tiled-test (68 existing containers)
Created dataset container 'BENCH_PER_ENTITY' (storage: external)
  Registered shared axis 'H' shape=[51] dtype=float64
  Registered shared axis 'energies' shape=[384] dtype=float64
  Registered shared axis 'qs' shape=[384, 3] dtype=float64
  Registered shared axis 'energies_powder' shape=[256] dtype=float64
  Registered shared axis 'radii' shape=[512] dtype=float64
Pre-grouping artifacts by uid...

--- Registering Bench Per Entity (7616 entities via HTTP, external, pool=8) ---
  Progress: 5/7616 entities (0.9/sec)
  Progress: 10/7616 entities (1.7/sec)
  Progress: 15/7616 entities (2.3/sec)
  Progress: 20/7616 entities (2.9/sec)
  Progress: 25/7616 entities (3.4/sec)
  Progress: 30/7616 entities (3.8/sec)
  Progress: 35/7616 entities (4.2/sec)
  Progress: 40/7616 entities (4.6/sec)
  Progress: 45/7616 entities (4.8/sec)
  Progress: 50/7616 entities (5.1/sec)
  Progress: 55/7616 entities (5.3/sec)
  Progress: 60/7616 entities (5.5/sec)
  Progress: 65/7616 entities (5.7/sec)
  Progress: 70/7616 entities (6.0/sec)
  Progress: 75/7616 entities (6.1/sec)
  Progress: 80/7616 entities (6.3/sec)
  Progress: 85/7616 entities (6.5/sec)
  Progress: 90/7616 entities (6.5/sec)
  Progress: 95/7616 entities (6.8/sec)
  Progress: 100/7616 entities (6.8/sec)
  Progress: 105/7616 entities (6.9/sec)
  Progress: 110/7616 entities (7.0/sec)
  Progress: 115/7616 entities (7.1/sec)
  Progress: 120/7616 entities (7.2/sec)
  Progress: 125/7616 entities (7.2/sec)
  Progress: 130/7616 entities (7.4/sec)
  Progress: 135/7616 entities (7.5/sec)
  Progress: 140/7616 entities (7.5/sec)
  Progress: 145/7616 entities (7.5/sec)
  Progress: 150/7616 entities (7.6/sec)
  Progress: 155/7616 entities (7.7/sec)
  Progress: 160/7616 entities (7.8/sec)
  Progress: 165/7616 entities (7.8/sec)
  Progress: 170/7616 entities (7.8/sec)
  Progress: 175/7616 entities (7.9/sec)
  Progress: 180/7616 entities (7.9/sec)
  Progress: 185/7616 entities (8.1/sec)
  Progress: 190/7616 entities (8.1/sec)
  Progress: 195/7616 entities (8.1/sec)
  Progress: 200/7616 entities (8.2/sec)
  Progress: 205/7616 entities (8.2/sec)
  Progress: 210/7616 entities (8.2/sec)
  Progress: 215/7616 entities (8.3/sec)
  Progress: 220/7616 entities (8.3/sec)
  Progress: 225/7616 entities (8.4/sec)
  Progress: 230/7616 entities (8.4/sec)
  Progress: 235/7616 entities (8.3/sec)
  Progress: 240/7616 entities (8.4/sec)
  Progress: 245/7616 entities (8.5/sec)
  Progress: 250/7616 entities (8.4/sec)
  Progress: 255/7616 entities (8.5/sec)
  Progress: 260/7616 entities (8.5/sec)
  Progress: 265/7616 entities (8.5/sec)
  Progress: 270/7616 entities (8.5/sec)
  Progress: 275/7616 entities (8.5/sec)
  Progress: 280/7616 entities (8.6/sec)
  Progress: 285/7616 entities (8.5/sec)
  Progress: 290/7616 entities (8.6/sec)
  Progress: 295/7616 entities (8.6/sec)
  Progress: 300/7616 entities (8.5/sec)
  Progress: 305/7616 entities (8.6/sec)
  Progress: 310/7616 entities (8.6/sec)
  Progress: 315/7616 entities (8.6/sec)
  Progress: 320/7616 entities (8.6/sec)
  Progress: 325/7616 entities (8.6/sec)
  Progress: 330/7616 entities (8.7/sec)
  Progress: 335/7616 entities (8.7/sec)
  Progress: 340/7616 entities (8.7/sec)
  Progress: 345/7616 entities (8.7/sec)
  Progress: 350/7616 entities (8.7/sec)
  Progress: 355/7616 entities (8.8/sec)
  Progress: 360/7616 entities (8.8/sec)
  Progress: 365/7616 entities (8.8/sec)
  Progress: 370/7616 entities (8.8/sec)
  Progress: 375/7616 entities (8.8/sec)
  Progress: 380/7616 entities (8.8/sec)
  Progress: 385/7616 entities (8.8/sec)
  Progress: 390/7616 entities (8.8/sec)
  Progress: 395/7616 entities (8.8/sec)
  Progress: 400/7616 entities (8.8/sec)
  Progress: 405/7616 entities (8.8/sec)
  Progress: 410/7616 entities (8.8/sec)
  Progress: 415/7616 entities (8.9/sec)
  Progress: 420/7616 entities (8.9/sec)
  Progress: 425/7616 entities (8.9/sec)
  Progress: 430/7616 entities (8.9/sec)
  Progress: 435/7616 entities (9.0/sec)
  Progress: 440/7616 entities (9.0/sec)
  Progress: 445/7616 entities (9.0/sec)
  Progress: 450/7616 entities (9.0/sec)
  Progress: 455/7616 entities (9.0/sec)
  Progress: 460/7616 entities (9.0/sec)
  Progress: 465/7616 entities (9.1/sec)
  Progress: 470/7616 entities (9.0/sec)
  Progress: 475/7616 entities (9.0/sec)
  Progress: 480/7616 entities (9.1/sec)
  Progress: 485/7616 entities (9.1/sec)
  Progress: 490/7616 entities (9.1/sec)
  Progress: 495/7616 entities (9.1/sec)
  Progress: 500/7616 entities (9.2/sec)
  Progress: 505/7616 entities (9.1/sec)
  Progress: 510/7616 entities (9.2/sec)
  Progress: 515/7616 entities (9.2/sec)
  Progress: 520/7616 entities (9.2/sec)
  Progress: 525/7616 entities (9.2/sec)
  Progress: 530/7616 entities (9.2/sec)
  Progress: 535/7616 entities (9.3/sec)
  Progress: 540/7616 entities (9.3/sec)
  Progress: 545/7616 entities (9.3/sec)
  Progress: 550/7616 entities (9.3/sec)
  Progress: 555/7616 entities (9.3/sec)
  Progress: 560/7616 entities (9.3/sec)
  Progress: 565/7616 entities (9.3/sec)
  Progress: 570/7616 entities (9.3/sec)
  Progress: 575/7616 entities (9.2/sec)
  Progress: 580/7616 entities (9.3/sec)
  Progress: 585/7616 entities (9.3/sec)
  Progress: 590/7616 entities (9.3/sec)
  Progress: 595/7616 entities (9.3/sec)
  Progress: 600/7616 entities (9.3/sec)
  Progress: 605/7616 entities (9.4/sec)
  Progress: 610/7616 entities (9.3/sec)
  Progress: 615/7616 entities (9.3/sec)
  Progress: 620/7616 entities (9.3/sec)
  Progress: 625/7616 entities (9.3/sec)
  Progress: 630/7616 entities (9.3/sec)
  Progress: 635/7616 entities (9.3/sec)
  Progress: 640/7616 entities (9.4/sec)
  Progress: 645/7616 entities (9.4/sec)
  Progress: 650/7616 entities (9.3/sec)
  Progress: 655/7616 entities (9.3/sec)
  Progress: 660/7616 entities (9.4/sec)
  Progress: 665/7616 entities (9.4/sec)
  Progress: 670/7616 entities (9.4/sec)
  Progress: 675/7616 entities (9.4/sec)
  Progress: 680/7616 entities (9.4/sec)
  Progress: 685/7616 entities (9.4/sec)
  Progress: 690/7616 entities (9.4/sec)
  Progress: 695/7616 entities (9.4/sec)
  Progress: 700/7616 entities (9.4/sec)
  Progress: 705/7616 entities (9.4/sec)
  Progress: 710/7616 entities (9.4/sec)
  Progress: 715/7616 entities (9.4/sec)
  Progress: 720/7616 entities (9.4/sec)
  Progress: 725/7616 entities (9.3/sec)
  Progress: 730/7616 entities (9.4/sec)
  Progress: 735/7616 entities (9.4/sec)
  Progress: 740/7616 entities (9.4/sec)
  Progress: 745/7616 entities (9.4/sec)
  Progress: 750/7616 entities (9.4/sec)
  Progress: 755/7616 entities (9.4/sec)
  Progress: 760/7616 entities (9.4/sec)
  Progress: 765/7616 entities (9.4/sec)
  Progress: 770/7616 entities (9.4/sec)
  Progress: 775/7616 entities (9.4/sec)
  Progress: 780/7616 entities (9.4/sec)
  Progress: 785/7616 entities (9.4/sec)
  Progress: 790/7616 entities (9.4/sec)
  Progress: 795/7616 entities (9.4/sec)
  Progress: 800/7616 entities (9.4/sec)
  Progress: 805/7616 entities (9.4/sec)
  Progress: 810/7616 entities (9.4/sec)
  Progress: 815/7616 entities (9.4/sec)
  Progress: 820/7616 entities (9.4/sec)
  Progress: 825/7616 entities (9.4/sec)
  Progress: 830/7616 entities (9.4/sec)
  Progress: 835/7616 entities (9.4/sec)
  Progress: 840/7616 entities (9.4/sec)
  Progress: 845/7616 entities (9.4/sec)
  Progress: 850/7616 entities (9.4/sec)
  Progress: 855/7616 entities (9.4/sec)
  Progress: 860/7616 entities (9.4/sec)
  Progress: 865/7616 entities (9.4/sec)
  Progress: 870/7616 entities (9.4/sec)
  Progress: 875/7616 entities (9.4/sec)
  Progress: 880/7616 entities (9.4/sec)
  Progress: 885/7616 entities (9.4/sec)
  Progress: 890/7616 entities (9.4/sec)
  Progress: 895/7616 entities (9.4/sec)
  Progress: 900/7616 entities (9.4/sec)
  Progress: 905/7616 entities (9.4/sec)
  Progress: 910/7616 entities (9.4/sec)
  Progress: 915/7616 entities (9.4/sec)
  Progress: 920/7616 entities (9.4/sec)
  Progress: 925/7616 entities (9.4/sec)
  Progress: 930/7616 entities (9.4/sec)
  Progress: 935/7616 entities (9.4/sec)
  Progress: 940/7616 entities (9.4/sec)
  Progress: 945/7616 entities (9.4/sec)
  Progress: 950/7616 entities (9.4/sec)
  Progress: 955/7616 entities (9.4/sec)
  Progress: 960/7616 entities (9.4/sec)
  Progress: 965/7616 entities (9.4/sec)
  Progress: 970/7616 entities (9.4/sec)
  Progress: 975/7616 entities (9.4/sec)
  Progress: 980/7616 entities (9.4/sec)
  Progress: 985/7616 entities (9.4/sec)
  Progress: 990/7616 entities (9.4/sec)
  Progress: 995/7616 entities (9.4/sec)
  Progress: 1000/7616 entities (9.4/sec)
  Progress: 1005/7616 entities (9.4/sec)
  Progress: 1010/7616 entities (9.4/sec)
  Progress: 1015/7616 entities (9.4/sec)
  Progress: 1020/7616 entities (9.4/sec)
  Progress: 1025/7616 entities (9.4/sec)
  Progress: 1030/7616 entities (9.4/sec)
  Progress: 1035/7616 entities (9.4/sec)
  Progress: 1040/7616 entities (9.4/sec)
  Progress: 1045/7616 entities (9.4/sec)
  Progress: 1050/7616 entities (9.4/sec)
  Progress: 1055/7616 entities (9.4/sec)
  Progress: 1060/7616 entities (9.4/sec)
  Progress: 1065/7616 entities (9.4/sec)
  Progress: 1070/7616 entities (9.4/sec)
  Progress: 1075/7616 entities (9.4/sec)
  Progress: 1080/7616 entities (9.4/sec)
  Progress: 1085/7616 entities (9.4/sec)
  Progress: 1090/7616 entities (9.4/sec)
  Progress: 1095/7616 entities (9.4/sec)
  Progress: 1100/7616 entities (9.4/sec)
  Progress: 1105/7616 entities (9.4/sec)
  Progress: 1110/7616 entities (9.4/sec)
  Progress: 1115/7616 entities (9.4/sec)
  Progress: 1120/7616 entities (9.4/sec)
  Progress: 1125/7616 entities (9.4/sec)
  Progress: 1130/7616 entities (9.4/sec)
  Progress: 1135/7616 entities (9.4/sec)
  Progress: 1140/7616 entities (9.4/sec)
  Progress: 1145/7616 entities (9.4/sec)
  Progress: 1150/7616 entities (9.5/sec)
  Progress: 1155/7616 entities (9.5/sec)
  Progress: 1160/7616 entities (9.5/sec)
  Progress: 1165/7616 entities (9.5/sec)
  Progress: 1170/7616 entities (9.5/sec)
  Progress: 1175/7616 entities (9.5/sec)
  Progress: 1180/7616 entities (9.5/sec)
  Progress: 1185/7616 entities (9.5/sec)
  Progress: 1190/7616 entities (9.5/sec)
  Progress: 1195/7616 entities (9.5/sec)
  Progress: 1200/7616 entities (9.5/sec)
  Progress: 1205/7616 entities (9.5/sec)
  Progress: 1210/7616 entities (9.5/sec)
  Progress: 1215/7616 entities (9.5/sec)
  Progress: 1220/7616 entities (9.5/sec)
  Progress: 1225/7616 entities (9.5/sec)
  Progress: 1230/7616 entities (9.5/sec)
  Progress: 1235/7616 entities (9.5/sec)
  Progress: 1240/7616 entities (9.5/sec)
  Progress: 1245/7616 entities (9.5/sec)
  Progress: 1250/7616 entities (9.5/sec)
  Progress: 1255/7616 entities (9.5/sec)
  Progress: 1260/7616 entities (9.5/sec)
  Progress: 1265/7616 entities (9.5/sec)
  Progress: 1270/7616 entities (9.5/sec)
  Progress: 1275/7616 entities (9.5/sec)
  Progress: 1280/7616 entities (9.5/sec)
  Progress: 1285/7616 entities (9.5/sec)
  Progress: 1290/7616 entities (9.5/sec)
  Progress: 1295/7616 entities (9.5/sec)
  Progress: 1300/7616 entities (9.5/sec)
  Progress: 1305/7616 entities (9.5/sec)
  Progress: 1310/7616 entities (9.4/sec)
  Progress: 1315/7616 entities (9.4/sec)
  Progress: 1320/7616 entities (9.4/sec)
  Progress: 1325/7616 entities (9.4/sec)
  Progress: 1330/7616 entities (9.4/sec)
  Progress: 1335/7616 entities (9.4/sec)
  Progress: 1340/7616 entities (9.4/sec)
  Progress: 1345/7616 entities (9.4/sec)
  Progress: 1350/7616 entities (9.4/sec)
  Progress: 1355/7616 entities (9.4/sec)
  Progress: 1360/7616 entities (9.4/sec)
  Progress: 1365/7616 entities (9.4/sec)
  Progress: 1370/7616 entities (9.4/sec)
  Progress: 1375/7616 entities (9.4/sec)
  Progress: 1380/7616 entities (9.4/sec)
  Progress: 1385/7616 entities (9.4/sec)
  Progress: 1390/7616 entities (9.4/sec)
  Progress: 1395/7616 entities (9.4/sec)
  Progress: 1400/7616 entities (9.4/sec)
  Progress: 1405/7616 entities (9.4/sec)
  Progress: 1410/7616 entities (9.4/sec)
  Progress: 1415/7616 entities (9.4/sec)
  Progress: 1420/7616 entities (9.4/sec)
  Progress: 1425/7616 entities (9.4/sec)
  Progress: 1430/7616 entities (9.4/sec)
  Progress: 1435/7616 entities (9.4/sec)
  Progress: 1440/7616 entities (9.4/sec)
  Progress: 1445/7616 entities (9.4/sec)
  Progress: 1450/7616 entities (9.4/sec)
  Progress: 1455/7616 entities (9.4/sec)
  Progress: 1460/7616 entities (9.4/sec)
  Progress: 1465/7616 entities (9.4/sec)
  Progress: 1470/7616 entities (9.4/sec)
  Progress: 1475/7616 entities (9.4/sec)
  Progress: 1480/7616 entities (9.4/sec)
  Progress: 1485/7616 entities (9.4/sec)
  Progress: 1490/7616 entities (9.4/sec)
  Progress: 1495/7616 entities (9.4/sec)
  Progress: 1500/7616 entities (9.4/sec)
  Progress: 1505/7616 entities (9.4/sec)
  Progress: 1510/7616 entities (9.4/sec)
  Progress: 1515/7616 entities (9.4/sec)
  Progress: 1520/7616 entities (9.4/sec)
  Progress: 1525/7616 entities (9.4/sec)
  Progress: 1530/7616 entities (9.4/sec)
  Progress: 1535/7616 entities (9.4/sec)
  Progress: 1540/7616 entities (9.4/sec)
  Progress: 1545/7616 entities (9.4/sec)
  Progress: 1550/7616 entities (9.4/sec)
  Progress: 1555/7616 entities (9.4/sec)
  Progress: 1560/7616 entities (9.4/sec)
  Progress: 1565/7616 entities (9.4/sec)
  Progress: 1570/7616 entities (9.4/sec)
  Progress: 1575/7616 entities (9.4/sec)
  Progress: 1580/7616 entities (9.4/sec)
  Progress: 1585/7616 entities (9.4/sec)
  Progress: 1590/7616 entities (9.4/sec)
  Progress: 1595/7616 entities (9.4/sec)
  Progress: 1600/7616 entities (9.4/sec)
  Progress: 1605/7616 entities (9.4/sec)
  Progress: 1610/7616 entities (9.4/sec)
  Progress: 1615/7616 entities (9.4/sec)
  Progress: 1620/7616 entities (9.4/sec)
  Progress: 1625/7616 entities (9.4/sec)
  Progress: 1630/7616 entities (9.4/sec)
  Progress: 1635/7616 entities (9.4/sec)
  Progress: 1640/7616 entities (9.5/sec)
  Progress: 1645/7616 entities (9.4/sec)
  Progress: 1650/7616 entities (9.4/sec)
  Progress: 1655/7616 entities (9.5/sec)
  Progress: 1660/7616 entities (9.5/sec)
  Progress: 1665/7616 entities (9.5/sec)
  Progress: 1670/7616 entities (9.5/sec)
  Progress: 1675/7616 entities (9.5/sec)
  Progress: 1680/7616 entities (9.5/sec)
  Progress: 1685/7616 entities (9.5/sec)
  Progress: 1690/7616 entities (9.5/sec)
  Progress: 1695/7616 entities (9.5/sec)
  Progress: 1700/7616 entities (9.5/sec)
  Progress: 1705/7616 entities (9.5/sec)
  Progress: 1710/7616 entities (9.4/sec)
  Progress: 1715/7616 entities (9.4/sec)
  Progress: 1720/7616 entities (9.4/sec)
  Progress: 1725/7616 entities (9.4/sec)
  Progress: 1730/7616 entities (9.4/sec)
  Progress: 1735/7616 entities (9.4/sec)
  Progress: 1740/7616 entities (9.4/sec)
  Progress: 1745/7616 entities (9.4/sec)
  Progress: 1750/7616 entities (9.4/sec)
  Progress: 1755/7616 entities (9.4/sec)
  Progress: 1760/7616 entities (9.4/sec)
  Progress: 1765/7616 entities (9.4/sec)
  Progress: 1770/7616 entities (9.4/sec)
  Progress: 1775/7616 entities (9.4/sec)
  Progress: 1780/7616 entities (9.4/sec)
  Progress: 1785/7616 entities (9.4/sec)
  Progress: 1790/7616 entities (9.4/sec)
  Progress: 1795/7616 entities (9.4/sec)
  Progress: 1800/7616 entities (9.4/sec)
  Progress: 1805/7616 entities (9.4/sec)
  Progress: 1810/7616 entities (9.4/sec)
  Progress: 1815/7616 entities (9.4/sec)
  Progress: 1820/7616 entities (9.4/sec)
  Progress: 1825/7616 entities (9.4/sec)
  Progress: 1830/7616 entities (9.4/sec)
  Progress: 1835/7616 entities (9.4/sec)
  Progress: 1840/7616 entities (9.4/sec)
  Progress: 1845/7616 entities (9.4/sec)
  Progress: 1850/7616 entities (9.4/sec)
  Progress: 1855/7616 entities (9.4/sec)
  Progress: 1860/7616 entities (9.4/sec)
  Progress: 1865/7616 entities (9.4/sec)
  Progress: 1870/7616 entities (9.4/sec)
  Progress: 1875/7616 entities (9.4/sec)
  Progress: 1880/7616 entities (9.4/sec)
  Progress: 1885/7616 entities (9.4/sec)
  Progress: 1890/7616 entities (9.4/sec)
  Progress: 1895/7616 entities (9.4/sec)
  Progress: 1900/7616 entities (9.4/sec)
  Progress: 1905/7616 entities (9.4/sec)
  Progress: 1910/7616 entities (9.4/sec)
  Progress: 1915/7616 entities (9.4/sec)
  Progress: 1920/7616 entities (9.4/sec)
  Progress: 1925/7616 entities (9.4/sec)
  Progress: 1930/7616 entities (9.4/sec)
  Progress: 1935/7616 entities (9.4/sec)
  Progress: 1940/7616 entities (9.4/sec)
  Progress: 1945/7616 entities (9.4/sec)
  Progress: 1950/7616 entities (9.4/sec)
  Progress: 1955/7616 entities (9.4/sec)
  Progress: 1960/7616 entities (9.4/sec)
  Progress: 1965/7616 entities (9.4/sec)
  Progress: 1970/7616 entities (9.4/sec)
  Progress: 1975/7616 entities (9.4/sec)
  Progress: 1980/7616 entities (9.4/sec)
  Progress: 1985/7616 entities (9.4/sec)
  Progress: 1990/7616 entities (9.4/sec)
  Progress: 1995/7616 entities (9.4/sec)
  Progress: 2000/7616 entities (9.4/sec)
  Progress: 2005/7616 entities (9.4/sec)
  Progress: 2010/7616 entities (9.4/sec)
  Progress: 2015/7616 entities (9.4/sec)
  Progress: 2020/7616 entities (9.4/sec)
  Progress: 2025/7616 entities (9.4/sec)
  Progress: 2030/7616 entities (9.4/sec)
  Progress: 2035/7616 entities (9.4/sec)
  Progress: 2040/7616 entities (9.4/sec)
  Progress: 2045/7616 entities (9.4/sec)
  Progress: 2050/7616 entities (9.4/sec)
  Progress: 2055/7616 entities (9.4/sec)
  Progress: 2060/7616 entities (9.4/sec)
  Progress: 2065/7616 entities (9.4/sec)
  Progress: 2070/7616 entities (9.4/sec)
  Progress: 2075/7616 entities (9.4/sec)
  Progress: 2080/7616 entities (9.4/sec)
  Progress: 2085/7616 entities (9.4/sec)
  Progress: 2090/7616 entities (9.4/sec)
  Progress: 2095/7616 entities (9.4/sec)
  Progress: 2100/7616 entities (9.4/sec)
  Progress: 2105/7616 entities (9.5/sec)
  Progress: 2110/7616 entities (9.5/sec)
  Progress: 2115/7616 entities (9.5/sec)
  Progress: 2120/7616 entities (9.5/sec)
  Progress: 2125/7616 entities (9.5/sec)
  Progress: 2130/7616 entities (9.5/sec)
  Progress: 2135/7616 entities (9.5/sec)
  Progress: 2140/7616 entities (9.5/sec)
  Progress: 2145/7616 entities (9.5/sec)
  Progress: 2150/7616 entities (9.5/sec)
  Progress: 2155/7616 entities (9.5/sec)
  Progress: 2160/7616 entities (9.5/sec)
  Progress: 2165/7616 entities (9.5/sec)
  Progress: 2170/7616 entities (9.5/sec)
  Progress: 2175/7616 entities (9.5/sec)
  Progress: 2180/7616 entities (9.5/sec)
  Progress: 2185/7616 entities (9.5/sec)
  Progress: 2190/7616 entities (9.5/sec)
  Progress: 2195/7616 entities (9.5/sec)
  Progress: 2200/7616 entities (9.5/sec)
  Progress: 2205/7616 entities (9.5/sec)
  Progress: 2210/7616 entities (9.5/sec)
  Progress: 2215/7616 entities (9.5/sec)
  Progress: 2220/7616 entities (9.5/sec)
  Progress: 2225/7616 entities (9.5/sec)
  Progress: 2230/7616 entities (9.5/sec)
  Progress: 2235/7616 entities (9.5/sec)
  Progress: 2240/7616 entities (9.5/sec)
  Progress: 2245/7616 entities (9.5/sec)
  Progress: 2250/7616 entities (9.5/sec)
  Progress: 2255/7616 entities (9.5/sec)
  Progress: 2260/7616 entities (9.5/sec)
  Progress: 2265/7616 entities (9.5/sec)
  Progress: 2270/7616 entities (9.5/sec)
  Progress: 2275/7616 entities (9.5/sec)
  Progress: 2280/7616 entities (9.5/sec)
  Progress: 2285/7616 entities (9.5/sec)
  Progress: 2290/7616 entities (9.5/sec)
  Progress: 2295/7616 entities (9.5/sec)
  Progress: 2300/7616 entities (9.5/sec)
  Progress: 2305/7616 entities (9.5/sec)
  Progress: 2310/7616 entities (9.5/sec)
  Progress: 2315/7616 entities (9.5/sec)
  Progress: 2320/7616 entities (9.5/sec)
  Progress: 2325/7616 entities (9.5/sec)
  Progress: 2330/7616 entities (9.5/sec)
  Progress: 2335/7616 entities (9.5/sec)
  Progress: 2340/7616 entities (9.5/sec)
  Progress: 2345/7616 entities (9.5/sec)
  Progress: 2350/7616 entities (9.5/sec)
  Progress: 2355/7616 entities (9.5/sec)
  Progress: 2360/7616 entities (9.5/sec)
  Progress: 2365/7616 entities (9.5/sec)
  Progress: 2370/7616 entities (9.5/sec)
  Progress: 2375/7616 entities (9.5/sec)
  Progress: 2380/7616 entities (9.5/sec)
  Progress: 2385/7616 entities (9.5/sec)
  Progress: 2390/7616 entities (9.5/sec)
  Progress: 2395/7616 entities (9.5/sec)
  Progress: 2400/7616 entities (9.5/sec)
  Progress: 2405/7616 entities (9.5/sec)
  Progress: 2410/7616 entities (9.5/sec)
  Progress: 2415/7616 entities (9.5/sec)
  Progress: 2420/7616 entities (9.5/sec)
  Progress: 2425/7616 entities (9.5/sec)
  Progress: 2430/7616 entities (9.5/sec)
  Progress: 2435/7616 entities (9.5/sec)
  Progress: 2440/7616 entities (9.5/sec)
  Progress: 2445/7616 entities (9.5/sec)
  Progress: 2450/7616 entities (9.5/sec)
  Progress: 2455/7616 entities (9.5/sec)
  Progress: 2460/7616 entities (9.5/sec)
  Progress: 2465/7616 entities (9.5/sec)
  Progress: 2470/7616 entities (9.5/sec)
  Progress: 2475/7616 entities (9.5/sec)
  Progress: 2480/7616 entities (9.5/sec)
  Progress: 2485/7616 entities (9.5/sec)
  Progress: 2490/7616 entities (9.5/sec)
  Progress: 2495/7616 entities (9.5/sec)
  Progress: 2500/7616 entities (9.5/sec)
  Progress: 2505/7616 entities (9.5/sec)
  Progress: 2510/7616 entities (9.5/sec)
  Progress: 2515/7616 entities (9.5/sec)
  Progress: 2520/7616 entities (9.5/sec)
  Progress: 2525/7616 entities (9.5/sec)
  Progress: 2530/7616 entities (9.5/sec)
  Progress: 2535/7616 entities (9.5/sec)
  Progress: 2540/7616 entities (9.5/sec)
  Progress: 2545/7616 entities (9.5/sec)
  Progress: 2550/7616 entities (9.5/sec)
  Progress: 2555/7616 entities (9.5/sec)
  Progress: 2560/7616 entities (9.5/sec)
  Progress: 2565/7616 entities (9.6/sec)
  Progress: 2570/7616 entities (9.6/sec)
  Progress: 2575/7616 entities (9.6/sec)
  Progress: 2580/7616 entities (9.5/sec)
  Progress: 2585/7616 entities (9.6/sec)
  Progress: 2590/7616 entities (9.5/sec)
  Progress: 2595/7616 entities (9.6/sec)
  Progress: 2600/7616 entities (9.6/sec)
  Progress: 2605/7616 entities (9.6/sec)
  Progress: 2610/7616 entities (9.6/sec)
  Progress: 2615/7616 entities (9.6/sec)
  Progress: 2620/7616 entities (9.6/sec)
  Progress: 2625/7616 entities (9.6/sec)
  Progress: 2630/7616 entities (9.6/sec)
  Progress: 2635/7616 entities (9.6/sec)
  Progress: 2640/7616 entities (9.6/sec)
  Progress: 2645/7616 entities (9.6/sec)
  Progress: 2650/7616 entities (9.5/sec)
  Progress: 2655/7616 entities (9.6/sec)
  Progress: 2660/7616 entities (9.6/sec)
  Progress: 2665/7616 entities (9.6/sec)
  Progress: 2670/7616 entities (9.6/sec)
  Progress: 2675/7616 entities (9.6/sec)
  Progress: 2680/7616 entities (9.6/sec)
  Progress: 2685/7616 entities (9.6/sec)
  Progress: 2690/7616 entities (9.6/sec)
  Progress: 2695/7616 entities (9.6/sec)
  Progress: 2700/7616 entities (9.6/sec)
  Progress: 2705/7616 entities (9.6/sec)
  Progress: 2710/7616 entities (9.6/sec)
  Progress: 2715/7616 entities (9.6/sec)
  Progress: 2720/7616 entities (9.6/sec)
  Progress: 2725/7616 entities (9.6/sec)
  Progress: 2730/7616 entities (9.6/sec)
  Progress: 2735/7616 entities (9.6/sec)
  Progress: 2740/7616 entities (9.6/sec)
  Progress: 2745/7616 entities (9.6/sec)
  Progress: 2750/7616 entities (9.6/sec)
  Progress: 2755/7616 entities (9.6/sec)
  Progress: 2760/7616 entities (9.6/sec)
  Progress: 2765/7616 entities (9.6/sec)
  Progress: 2770/7616 entities (9.6/sec)
  Progress: 2775/7616 entities (9.6/sec)
  Progress: 2780/7616 entities (9.6/sec)
  Progress: 2785/7616 entities (9.6/sec)
  Progress: 2790/7616 entities (9.6/sec)
  Progress: 2795/7616 entities (9.6/sec)
  Progress: 2800/7616 entities (9.6/sec)
  Progress: 2805/7616 entities (9.6/sec)
  Progress: 2810/7616 entities (9.6/sec)
  Progress: 2815/7616 entities (9.6/sec)
  Progress: 2820/7616 entities (9.6/sec)
  Progress: 2825/7616 entities (9.6/sec)
  Progress: 2830/7616 entities (9.6/sec)
  Progress: 2835/7616 entities (9.6/sec)
  Progress: 2840/7616 entities (9.6/sec)
  Progress: 2845/7616 entities (9.6/sec)
  Progress: 2850/7616 entities (9.6/sec)
  Progress: 2855/7616 entities (9.6/sec)
  Progress: 2860/7616 entities (9.6/sec)
  Progress: 2865/7616 entities (9.6/sec)
  Progress: 2870/7616 entities (9.6/sec)
  Progress: 2875/7616 entities (9.6/sec)
  Progress: 2880/7616 entities (9.6/sec)
  Progress: 2885/7616 entities (9.6/sec)
  Progress: 2890/7616 entities (9.6/sec)
  Progress: 2895/7616 entities (9.6/sec)
  Progress: 2900/7616 entities (9.6/sec)
  Progress: 2905/7616 entities (9.6/sec)
  Progress: 2910/7616 entities (9.6/sec)
  Progress: 2915/7616 entities (9.6/sec)
  Progress: 2920/7616 entities (9.6/sec)
  Progress: 2925/7616 entities (9.6/sec)
  Progress: 2930/7616 entities (9.6/sec)
  Progress: 2935/7616 entities (9.6/sec)
  Progress: 2940/7616 entities (9.6/sec)
  Progress: 2945/7616 entities (9.6/sec)
  Progress: 2950/7616 entities (9.6/sec)
  Progress: 2955/7616 entities (9.6/sec)
  Progress: 2960/7616 entities (9.6/sec)
  Progress: 2965/7616 entities (9.6/sec)
  Progress: 2970/7616 entities (9.6/sec)
  Progress: 2975/7616 entities (9.6/sec)
  Progress: 2980/7616 entities (9.6/sec)
  Progress: 2985/7616 entities (9.6/sec)
  Progress: 2990/7616 entities (9.6/sec)
  Progress: 2995/7616 entities (9.6/sec)
  Progress: 3000/7616 entities (9.6/sec)
  Progress: 3005/7616 entities (9.6/sec)
  Progress: 3010/7616 entities (9.6/sec)
  Progress: 3015/7616 entities (9.6/sec)
  Progress: 3020/7616 entities (9.6/sec)
  Progress: 3025/7616 entities (9.6/sec)
  Progress: 3030/7616 entities (9.6/sec)
  Progress: 3035/7616 entities (9.6/sec)
  Progress: 3040/7616 entities (9.6/sec)
  Progress: 3045/7616 entities (9.6/sec)
  Progress: 3050/7616 entities (9.6/sec)
  Progress: 3055/7616 entities (9.6/sec)
  Progress: 3060/7616 entities (9.6/sec)
  Progress: 3065/7616 entities (9.6/sec)
  Progress: 3070/7616 entities (9.6/sec)
  Progress: 3075/7616 entities (9.6/sec)
  Progress: 3080/7616 entities (9.6/sec)
  Progress: 3085/7616 entities (9.6/sec)
  Progress: 3090/7616 entities (9.6/sec)
  Progress: 3095/7616 entities (9.6/sec)
  Progress: 3100/7616 entities (9.6/sec)
  Progress: 3105/7616 entities (9.6/sec)
  Progress: 3110/7616 entities (9.6/sec)
  Progress: 3115/7616 entities (9.6/sec)
  Progress: 3120/7616 entities (9.6/sec)
  Progress: 3125/7616 entities (9.6/sec)
  Progress: 3130/7616 entities (9.6/sec)
  Progress: 3135/7616 entities (9.6/sec)
  Progress: 3140/7616 entities (9.6/sec)
  Progress: 3145/7616 entities (9.6/sec)
  Progress: 3150/7616 entities (9.6/sec)
  Progress: 3155/7616 entities (9.6/sec)
  Progress: 3160/7616 entities (9.6/sec)
  Progress: 3165/7616 entities (9.6/sec)
  Progress: 3170/7616 entities (9.6/sec)
  Progress: 3175/7616 entities (9.6/sec)
  Progress: 3180/7616 entities (9.6/sec)
  Progress: 3185/7616 entities (9.6/sec)
  Progress: 3190/7616 entities (9.6/sec)
  Progress: 3195/7616 entities (9.6/sec)
  Progress: 3200/7616 entities (9.6/sec)
  Progress: 3205/7616 entities (9.6/sec)
  Progress: 3210/7616 entities (9.6/sec)
  Progress: 3215/7616 entities (9.6/sec)
  Progress: 3220/7616 entities (9.6/sec)
  Progress: 3225/7616 entities (9.6/sec)
  Progress: 3230/7616 entities (9.6/sec)
  Progress: 3235/7616 entities (9.6/sec)
  Progress: 3240/7616 entities (9.6/sec)
  Progress: 3245/7616 entities (9.6/sec)
  Progress: 3250/7616 entities (9.6/sec)
  Progress: 3255/7616 entities (9.6/sec)
  Progress: 3260/7616 entities (9.6/sec)
  Progress: 3265/7616 entities (9.6/sec)
  Progress: 3270/7616 entities (9.6/sec)
  Progress: 3275/7616 entities (9.6/sec)
  Progress: 3280/7616 entities (9.6/sec)
  Progress: 3285/7616 entities (9.6/sec)
  Progress: 3290/7616 entities (9.6/sec)
  Progress: 3295/7616 entities (9.6/sec)
  Progress: 3300/7616 entities (9.6/sec)
  Progress: 3305/7616 entities (9.6/sec)
  Progress: 3310/7616 entities (9.6/sec)
  Progress: 3315/7616 entities (9.6/sec)
  Progress: 3320/7616 entities (9.6/sec)
  Progress: 3325/7616 entities (9.6/sec)
  Progress: 3330/7616 entities (9.6/sec)
  Progress: 3335/7616 entities (9.6/sec)
  Progress: 3340/7616 entities (9.6/sec)
  Progress: 3345/7616 entities (9.6/sec)
  Progress: 3350/7616 entities (9.6/sec)
  Progress: 3355/7616 entities (9.6/sec)
  Progress: 3360/7616 entities (9.6/sec)
  Progress: 3365/7616 entities (9.6/sec)
  Progress: 3370/7616 entities (9.6/sec)
  Progress: 3375/7616 entities (9.6/sec)
  Progress: 3380/7616 entities (9.6/sec)
  Progress: 3385/7616 entities (9.6/sec)
  Progress: 3390/7616 entities (9.6/sec)
  Progress: 3395/7616 entities (9.6/sec)
  Progress: 3400/7616 entities (9.6/sec)
  Progress: 3405/7616 entities (9.6/sec)
  Progress: 3410/7616 entities (9.6/sec)
  Progress: 3415/7616 entities (9.6/sec)
  Progress: 3420/7616 entities (9.6/sec)
  Progress: 3425/7616 entities (9.6/sec)
  Progress: 3430/7616 entities (9.6/sec)
  Progress: 3435/7616 entities (9.6/sec)
  Progress: 3440/7616 entities (9.6/sec)
  Progress: 3445/7616 entities (9.6/sec)
  Progress: 3450/7616 entities (9.6/sec)
  Progress: 3455/7616 entities (9.6/sec)
  Progress: 3460/7616 entities (9.6/sec)
  Progress: 3465/7616 entities (9.6/sec)
  Progress: 3470/7616 entities (9.6/sec)
  Progress: 3475/7616 entities (9.6/sec)
  Progress: 3480/7616 entities (9.6/sec)
  Progress: 3485/7616 entities (9.6/sec)
  Progress: 3490/7616 entities (9.6/sec)
  Progress: 3495/7616 entities (9.6/sec)
  Progress: 3500/7616 entities (9.6/sec)
  Progress: 3505/7616 entities (9.6/sec)
  Progress: 3510/7616 entities (9.6/sec)
  Progress: 3515/7616 entities (9.6/sec)
  Progress: 3520/7616 entities (9.6/sec)
  Progress: 3525/7616 entities (9.6/sec)
  Progress: 3530/7616 entities (9.6/sec)
  Progress: 3535/7616 entities (9.6/sec)
  Progress: 3540/7616 entities (9.6/sec)
  Progress: 3545/7616 entities (9.6/sec)
  Progress: 3550/7616 entities (9.6/sec)
  Progress: 3555/7616 entities (9.6/sec)
  Progress: 3560/7616 entities (9.6/sec)
  Progress: 3565/7616 entities (9.6/sec)
  Progress: 3570/7616 entities (9.6/sec)
  Progress: 3575/7616 entities (9.6/sec)
  Progress: 3580/7616 entities (9.6/sec)
  Progress: 3585/7616 entities (9.6/sec)
  Progress: 3590/7616 entities (9.6/sec)
  Progress: 3595/7616 entities (9.6/sec)
  Progress: 3600/7616 entities (9.6/sec)
  Progress: 3605/7616 entities (9.6/sec)
  Progress: 3610/7616 entities (9.6/sec)
  Progress: 3615/7616 entities (9.6/sec)
  Progress: 3620/7616 entities (9.6/sec)
  Progress: 3625/7616 entities (9.6/sec)
  Progress: 3630/7616 entities (9.6/sec)
  Progress: 3635/7616 entities (9.6/sec)
  Progress: 3640/7616 entities (9.6/sec)
  Progress: 3645/7616 entities (9.6/sec)
  Progress: 3650/7616 entities (9.6/sec)
  Progress: 3655/7616 entities (9.6/sec)
  Progress: 3660/7616 entities (9.6/sec)
  Progress: 3665/7616 entities (9.6/sec)
  Progress: 3670/7616 entities (9.6/sec)
  Progress: 3675/7616 entities (9.6/sec)
  Progress: 3680/7616 entities (9.6/sec)
  Progress: 3685/7616 entities (9.6/sec)
  Progress: 3690/7616 entities (9.6/sec)
  Progress: 3695/7616 entities (9.6/sec)
  Progress: 3700/7616 entities (9.6/sec)
  Progress: 3705/7616 entities (9.6/sec)
  Progress: 3710/7616 entities (9.6/sec)
  Progress: 3715/7616 entities (9.6/sec)
  Progress: 3720/7616 entities (9.6/sec)
  Progress: 3725/7616 entities (9.6/sec)
  Progress: 3730/7616 entities (9.6/sec)
  Progress: 3735/7616 entities (9.6/sec)
  Progress: 3740/7616 entities (9.6/sec)
  Progress: 3745/7616 entities (9.6/sec)
  Progress: 3750/7616 entities (9.6/sec)
  Progress: 3755/7616 entities (9.6/sec)
  Progress: 3760/7616 entities (9.6/sec)
  Progress: 3765/7616 entities (9.6/sec)
  Progress: 3770/7616 entities (9.6/sec)
  Progress: 3775/7616 entities (9.6/sec)
  Progress: 3780/7616 entities (9.6/sec)
  Progress: 3785/7616 entities (9.6/sec)
  Progress: 3790/7616 entities (9.6/sec)
  Progress: 3795/7616 entities (9.6/sec)
  Progress: 3800/7616 entities (9.6/sec)
  Progress: 3805/7616 entities (9.6/sec)
  Progress: 3810/7616 entities (9.6/sec)
  Progress: 3815/7616 entities (9.6/sec)
  Progress: 3820/7616 entities (9.6/sec)
  Progress: 3825/7616 entities (9.6/sec)
  Progress: 3830/7616 entities (9.6/sec)
  Progress: 3835/7616 entities (9.6/sec)
  Progress: 3840/7616 entities (9.6/sec)
  Progress: 3845/7616 entities (9.6/sec)
  Progress: 3850/7616 entities (9.6/sec)
  Progress: 3855/7616 entities (9.6/sec)
  Progress: 3860/7616 entities (9.6/sec)
  Progress: 3865/7616 entities (9.6/sec)
  Progress: 3870/7616 entities (9.6/sec)
  Progress: 3875/7616 entities (9.6/sec)
  Progress: 3880/7616 entities (9.6/sec)
  Progress: 3885/7616 entities (9.6/sec)
  Progress: 3890/7616 entities (9.6/sec)
  Progress: 3895/7616 entities (9.6/sec)
  Progress: 3900/7616 entities (9.6/sec)
  Progress: 3905/7616 entities (9.6/sec)
  Progress: 3910/7616 entities (9.6/sec)
  Progress: 3915/7616 entities (9.6/sec)
  Progress: 3920/7616 entities (9.6/sec)
  Progress: 3925/7616 entities (9.6/sec)
  Progress: 3930/7616 entities (9.6/sec)
  Progress: 3935/7616 entities (9.6/sec)
  Progress: 3940/7616 entities (9.6/sec)
  Progress: 3945/7616 entities (9.6/sec)
  Progress: 3950/7616 entities (9.6/sec)
  Progress: 3955/7616 entities (9.6/sec)
  Progress: 3960/7616 entities (9.6/sec)
  Progress: 3965/7616 entities (9.6/sec)
  Progress: 3970/7616 entities (9.6/sec)
  Progress: 3975/7616 entities (9.6/sec)
  Progress: 3980/7616 entities (9.6/sec)
  Progress: 3985/7616 entities (9.6/sec)
  Progress: 3990/7616 entities (9.6/sec)
  Progress: 3995/7616 entities (9.6/sec)
  Progress: 4000/7616 entities (9.6/sec)
  Progress: 4005/7616 entities (9.6/sec)
  Progress: 4010/7616 entities (9.6/sec)
  Progress: 4015/7616 entities (9.6/sec)
  Progress: 4020/7616 entities (9.6/sec)
  Progress: 4025/7616 entities (9.6/sec)
  Progress: 4030/7616 entities (9.6/sec)
  Progress: 4035/7616 entities (9.6/sec)
  Progress: 4040/7616 entities (9.6/sec)
  Progress: 4045/7616 entities (9.6/sec)
  Progress: 4050/7616 entities (9.6/sec)
  Progress: 4055/7616 entities (9.6/sec)
  Progress: 4060/7616 entities (9.6/sec)
  Progress: 4065/7616 entities (9.6/sec)
  Progress: 4070/7616 entities (9.6/sec)
  Progress: 4075/7616 entities (9.6/sec)
  Progress: 4080/7616 entities (9.6/sec)
  Progress: 4085/7616 entities (9.6/sec)
  Progress: 4090/7616 entities (9.6/sec)
  Progress: 4095/7616 entities (9.6/sec)
  Progress: 4100/7616 entities (9.6/sec)
  Progress: 4105/7616 entities (9.6/sec)
  Progress: 4110/7616 entities (9.6/sec)
  Progress: 4115/7616 entities (9.6/sec)
  Progress: 4120/7616 entities (9.6/sec)
  Progress: 4125/7616 entities (9.6/sec)
  Progress: 4130/7616 entities (9.6/sec)
  Progress: 4135/7616 entities (9.6/sec)
  Progress: 4140/7616 entities (9.6/sec)
  Progress: 4145/7616 entities (9.6/sec)
  Progress: 4150/7616 entities (9.6/sec)
  Progress: 4155/7616 entities (9.6/sec)
  Progress: 4160/7616 entities (9.6/sec)
  Progress: 4165/7616 entities (9.6/sec)
  Progress: 4170/7616 entities (9.6/sec)
  Progress: 4175/7616 entities (9.6/sec)
  Progress: 4180/7616 entities (9.6/sec)
  Progress: 4185/7616 entities (9.6/sec)
  Progress: 4190/7616 entities (9.6/sec)
  Progress: 4195/7616 entities (9.6/sec)
  Progress: 4200/7616 entities (9.6/sec)
  Progress: 4205/7616 entities (9.6/sec)
  Progress: 4210/7616 entities (9.6/sec)
  Progress: 4215/7616 entities (9.6/sec)
  Progress: 4220/7616 entities (9.6/sec)
  Progress: 4225/7616 entities (9.6/sec)
  Progress: 4230/7616 entities (9.6/sec)
  Progress: 4235/7616 entities (9.7/sec)
  Progress: 4240/7616 entities (9.6/sec)
  Progress: 4245/7616 entities (9.6/sec)
  Progress: 4250/7616 entities (9.6/sec)
  Progress: 4255/7616 entities (9.7/sec)
  Progress: 4260/7616 entities (9.6/sec)
  Progress: 4265/7616 entities (9.6/sec)
  Progress: 4270/7616 entities (9.7/sec)
  Progress: 4275/7616 entities (9.6/sec)
  Progress: 4280/7616 entities (9.6/sec)
  Progress: 4285/7616 entities (9.7/sec)
  Progress: 4290/7616 entities (9.7/sec)
  Progress: 4295/7616 entities (9.7/sec)
  Progress: 4300/7616 entities (9.7/sec)
  Progress: 4305/7616 entities (9.7/sec)
  Progress: 4310/7616 entities (9.7/sec)
  Progress: 4315/7616 entities (9.7/sec)
  Progress: 4320/7616 entities (9.7/sec)
  Progress: 4325/7616 entities (9.7/sec)
  Progress: 4330/7616 entities (9.7/sec)
  Progress: 4335/7616 entities (9.7/sec)
  Progress: 4340/7616 entities (9.6/sec)
  Progress: 4345/7616 entities (9.6/sec)
  Progress: 4350/7616 entities (9.6/sec)
  Progress: 4355/7616 entities (9.6/sec)
  Progress: 4360/7616 entities (9.6/sec)
  Progress: 4365/7616 entities (9.6/sec)
  Progress: 4370/7616 entities (9.7/sec)
  Progress: 4375/7616 entities (9.7/sec)
  Progress: 4380/7616 entities (9.7/sec)
  Progress: 4385/7616 entities (9.7/sec)
  Progress: 4390/7616 entities (9.7/sec)
  Progress: 4395/7616 entities (9.7/sec)
  Progress: 4400/7616 entities (9.7/sec)
  Progress: 4405/7616 entities (9.7/sec)
  Progress: 4410/7616 entities (9.7/sec)
  Progress: 4415/7616 entities (9.7/sec)
  Progress: 4420/7616 entities (9.7/sec)
  Progress: 4425/7616 entities (9.7/sec)
  Progress: 4430/7616 entities (9.7/sec)
  Progress: 4435/7616 entities (9.7/sec)
  Progress: 4440/7616 entities (9.7/sec)
  Progress: 4445/7616 entities (9.7/sec)
  Progress: 4450/7616 entities (9.7/sec)
  Progress: 4455/7616 entities (9.7/sec)
  Progress: 4460/7616 entities (9.7/sec)
  Progress: 4465/7616 entities (9.7/sec)
  Progress: 4470/7616 entities (9.7/sec)
  Progress: 4475/7616 entities (9.7/sec)
  Progress: 4480/7616 entities (9.7/sec)
  Progress: 4485/7616 entities (9.7/sec)
  Progress: 4490/7616 entities (9.7/sec)
  Progress: 4495/7616 entities (9.7/sec)
  Progress: 4500/7616 entities (9.7/sec)
  Progress: 4505/7616 entities (9.7/sec)
  Progress: 4510/7616 entities (9.7/sec)
  Progress: 4515/7616 entities (9.7/sec)
  Progress: 4520/7616 entities (9.7/sec)
  Progress: 4525/7616 entities (9.7/sec)
  Progress: 4530/7616 entities (9.7/sec)
  Progress: 4535/7616 entities (9.7/sec)
  Progress: 4540/7616 entities (9.7/sec)
  Progress: 4545/7616 entities (9.7/sec)
  Progress: 4550/7616 entities (9.7/sec)
  Progress: 4555/7616 entities (9.7/sec)
  Progress: 4560/7616 entities (9.7/sec)
  Progress: 4565/7616 entities (9.7/sec)
  Progress: 4570/7616 entities (9.7/sec)
  Progress: 4575/7616 entities (9.7/sec)
  Progress: 4580/7616 entities (9.7/sec)
  Progress: 4585/7616 entities (9.7/sec)
  Progress: 4590/7616 entities (9.7/sec)
  Progress: 4595/7616 entities (9.7/sec)
  Progress: 4600/7616 entities (9.7/sec)
  Progress: 4605/7616 entities (9.7/sec)
  Progress: 4610/7616 entities (9.7/sec)
  Progress: 4615/7616 entities (9.7/sec)
  Progress: 4620/7616 entities (9.7/sec)
  Progress: 4625/7616 entities (9.7/sec)
  Progress: 4630/7616 entities (9.7/sec)
  Progress: 4635/7616 entities (9.7/sec)
  Progress: 4640/7616 entities (9.7/sec)
  Progress: 4645/7616 entities (9.7/sec)
  Progress: 4650/7616 entities (9.7/sec)
  Progress: 4655/7616 entities (9.7/sec)
  Progress: 4660/7616 entities (9.7/sec)
  Progress: 4665/7616 entities (9.7/sec)
  Progress: 4670/7616 entities (9.7/sec)
  Progress: 4675/7616 entities (9.7/sec)
  Progress: 4680/7616 entities (9.7/sec)
  Progress: 4685/7616 entities (9.7/sec)
  Progress: 4690/7616 entities (9.7/sec)
  Progress: 4695/7616 entities (9.7/sec)
  Progress: 4700/7616 entities (9.7/sec)
  Progress: 4705/7616 entities (9.7/sec)
  Progress: 4710/7616 entities (9.7/sec)
  Progress: 4715/7616 entities (9.7/sec)
  Progress: 4720/7616 entities (9.7/sec)
  Progress: 4725/7616 entities (9.7/sec)
  Progress: 4730/7616 entities (9.7/sec)
  Progress: 4735/7616 entities (9.7/sec)
  Progress: 4740/7616 entities (9.7/sec)
  Progress: 4745/7616 entities (9.7/sec)
  Progress: 4750/7616 entities (9.7/sec)
  Progress: 4755/7616 entities (9.7/sec)
  Progress: 4760/7616 entities (9.7/sec)
  Progress: 4765/7616 entities (9.7/sec)
  Progress: 4770/7616 entities (9.7/sec)
  Progress: 4775/7616 entities (9.7/sec)
  Progress: 4780/7616 entities (9.7/sec)
  Progress: 4785/7616 entities (9.7/sec)
  Progress: 4790/7616 entities (9.7/sec)
  Progress: 4795/7616 entities (9.7/sec)
  Progress: 4800/7616 entities (9.7/sec)
  Progress: 4805/7616 entities (9.7/sec)
  Progress: 4810/7616 entities (9.7/sec)
  Progress: 4815/7616 entities (9.7/sec)
  Progress: 4820/7616 entities (9.7/sec)
  Progress: 4825/7616 entities (9.7/sec)
  Progress: 4830/7616 entities (9.7/sec)
  Progress: 4835/7616 entities (9.7/sec)
  Progress: 4840/7616 entities (9.7/sec)
  Progress: 4845/7616 entities (9.7/sec)
  Progress: 4850/7616 entities (9.7/sec)
  Progress: 4855/7616 entities (9.7/sec)
  Progress: 4860/7616 entities (9.7/sec)
  Progress: 4865/7616 entities (9.7/sec)
  Progress: 4870/7616 entities (9.7/sec)
  Progress: 4875/7616 entities (9.7/sec)
  Progress: 4880/7616 entities (9.7/sec)
  Progress: 4885/7616 entities (9.7/sec)
  Progress: 4890/7616 entities (9.7/sec)
  Progress: 4895/7616 entities (9.7/sec)
  Progress: 4900/7616 entities (9.7/sec)
  Progress: 4905/7616 entities (9.7/sec)
  Progress: 4910/7616 entities (9.7/sec)
  Progress: 4915/7616 entities (9.7/sec)
  Progress: 4920/7616 entities (9.7/sec)
  Progress: 4925/7616 entities (9.7/sec)
  Progress: 4930/7616 entities (9.7/sec)
  Progress: 4935/7616 entities (9.7/sec)
  Progress: 4940/7616 entities (9.7/sec)
  Progress: 4945/7616 entities (9.7/sec)
  Progress: 4950/7616 entities (9.7/sec)
  Progress: 4955/7616 entities (9.7/sec)
  Progress: 4960/7616 entities (9.7/sec)
  Progress: 4965/7616 entities (9.7/sec)
  Progress: 4970/7616 entities (9.7/sec)
  Progress: 4975/7616 entities (9.7/sec)
  Progress: 4980/7616 entities (9.7/sec)
  Progress: 4985/7616 entities (9.7/sec)
  Progress: 4990/7616 entities (9.7/sec)
  Progress: 4995/7616 entities (9.7/sec)
  Progress: 5000/7616 entities (9.7/sec)
  Progress: 5005/7616 entities (9.7/sec)
  Progress: 5010/7616 entities (9.7/sec)
  Progress: 5015/7616 entities (9.7/sec)
  Progress: 5020/7616 entities (9.7/sec)
  Progress: 5025/7616 entities (9.7/sec)
  Progress: 5030/7616 entities (9.7/sec)
  Progress: 5035/7616 entities (9.7/sec)
  Progress: 5040/7616 entities (9.7/sec)
  Progress: 5045/7616 entities (9.7/sec)
  Progress: 5050/7616 entities (9.7/sec)
  Progress: 5055/7616 entities (9.7/sec)
  Progress: 5060/7616 entities (9.7/sec)
  Progress: 5065/7616 entities (9.7/sec)
  Progress: 5070/7616 entities (9.7/sec)
  Progress: 5075/7616 entities (9.7/sec)
  Progress: 5080/7616 entities (9.7/sec)
  Progress: 5085/7616 entities (9.7/sec)
  Progress: 5090/7616 entities (9.7/sec)
  Progress: 5095/7616 entities (9.7/sec)
  Progress: 5100/7616 entities (9.7/sec)
  Progress: 5105/7616 entities (9.7/sec)
  Progress: 5110/7616 entities (9.7/sec)
  Progress: 5115/7616 entities (9.7/sec)
  Progress: 5120/7616 entities (9.7/sec)
  Progress: 5125/7616 entities (9.7/sec)
  Progress: 5130/7616 entities (9.7/sec)
  Progress: 5135/7616 entities (9.7/sec)
  Progress: 5140/7616 entities (9.7/sec)
  Progress: 5145/7616 entities (9.7/sec)
  Progress: 5150/7616 entities (9.7/sec)
  Progress: 5155/7616 entities (9.7/sec)
  Progress: 5160/7616 entities (9.7/sec)
  Progress: 5165/7616 entities (9.7/sec)
  Progress: 5170/7616 entities (9.7/sec)
  Progress: 5175/7616 entities (9.7/sec)
  Progress: 5180/7616 entities (9.7/sec)
  Progress: 5185/7616 entities (9.7/sec)
  Progress: 5190/7616 entities (9.7/sec)
  Progress: 5195/7616 entities (9.7/sec)
  Progress: 5200/7616 entities (9.7/sec)
  Progress: 5205/7616 entities (9.7/sec)
  Progress: 5210/7616 entities (9.7/sec)
  Progress: 5215/7616 entities (9.7/sec)
  Progress: 5220/7616 entities (9.7/sec)
  Progress: 5225/7616 entities (9.7/sec)
  Progress: 5230/7616 entities (9.7/sec)
  Progress: 5235/7616 entities (9.7/sec)
  Progress: 5240/7616 entities (9.7/sec)
  Progress: 5245/7616 entities (9.7/sec)
  Progress: 5250/7616 entities (9.7/sec)
  Progress: 5255/7616 entities (9.7/sec)
  Progress: 5260/7616 entities (9.7/sec)
  Progress: 5265/7616 entities (9.7/sec)
  Progress: 5270/7616 entities (9.7/sec)
  Progress: 5275/7616 entities (9.7/sec)
  Progress: 5280/7616 entities (9.7/sec)
  Progress: 5285/7616 entities (9.7/sec)
  Progress: 5290/7616 entities (9.7/sec)
  Progress: 5295/7616 entities (9.7/sec)
  Progress: 5300/7616 entities (9.7/sec)
  Progress: 5305/7616 entities (9.7/sec)
  Progress: 5310/7616 entities (9.7/sec)
  Progress: 5315/7616 entities (9.7/sec)
  Progress: 5320/7616 entities (9.7/sec)
  Progress: 5325/7616 entities (9.7/sec)
  Progress: 5330/7616 entities (9.7/sec)
  Progress: 5335/7616 entities (9.7/sec)
  Progress: 5340/7616 entities (9.7/sec)
  Progress: 5345/7616 entities (9.7/sec)
  Progress: 5350/7616 entities (9.7/sec)
  Progress: 5355/7616 entities (9.7/sec)
  Progress: 5360/7616 entities (9.7/sec)
  Progress: 5365/7616 entities (9.7/sec)
  Progress: 5370/7616 entities (9.7/sec)
  Progress: 5375/7616 entities (9.7/sec)
  Progress: 5380/7616 entities (9.7/sec)
  Progress: 5385/7616 entities (9.7/sec)
  Progress: 5390/7616 entities (9.7/sec)
  Progress: 5395/7616 entities (9.7/sec)
  Progress: 5400/7616 entities (9.7/sec)
  Progress: 5405/7616 entities (9.7/sec)
  Progress: 5410/7616 entities (9.7/sec)
  Progress: 5415/7616 entities (9.7/sec)
  Progress: 5420/7616 entities (9.7/sec)
  Progress: 5425/7616 entities (9.7/sec)
  Progress: 5430/7616 entities (9.7/sec)
  Progress: 5435/7616 entities (9.7/sec)
  Progress: 5440/7616 entities (9.7/sec)
  Progress: 5445/7616 entities (9.7/sec)
  Progress: 5450/7616 entities (9.7/sec)
  Progress: 5455/7616 entities (9.7/sec)
  Progress: 5460/7616 entities (9.7/sec)
  Progress: 5465/7616 entities (9.7/sec)
  Progress: 5470/7616 entities (9.7/sec)
  Progress: 5475/7616 entities (9.7/sec)
  Progress: 5480/7616 entities (9.7/sec)
  Progress: 5485/7616 entities (9.7/sec)
  Progress: 5490/7616 entities (9.7/sec)
  Progress: 5495/7616 entities (9.7/sec)
  Progress: 5500/7616 entities (9.7/sec)
  Progress: 5505/7616 entities (9.7/sec)
  Progress: 5510/7616 entities (9.7/sec)
  Progress: 5515/7616 entities (9.7/sec)
  Progress: 5520/7616 entities (9.7/sec)
  Progress: 5525/7616 entities (9.7/sec)
  Progress: 5530/7616 entities (9.7/sec)
  Progress: 5535/7616 entities (9.7/sec)
  Progress: 5540/7616 entities (9.7/sec)
  Progress: 5545/7616 entities (9.7/sec)
  Progress: 5550/7616 entities (9.7/sec)
  Progress: 5555/7616 entities (9.7/sec)
  Progress: 5560/7616 entities (9.7/sec)
  Progress: 5565/7616 entities (9.7/sec)
  Progress: 5570/7616 entities (9.7/sec)
  Progress: 5575/7616 entities (9.7/sec)
  Progress: 5580/7616 entities (9.7/sec)
  Progress: 5585/7616 entities (9.7/sec)
  Progress: 5590/7616 entities (9.7/sec)
  Progress: 5595/7616 entities (9.7/sec)
  Progress: 5600/7616 entities (9.7/sec)
  Progress: 5605/7616 entities (9.7/sec)
  Progress: 5610/7616 entities (9.7/sec)
  Progress: 5615/7616 entities (9.7/sec)
  Progress: 5620/7616 entities (9.7/sec)
  Progress: 5625/7616 entities (9.7/sec)
  Progress: 5630/7616 entities (9.7/sec)
  Progress: 5635/7616 entities (9.7/sec)
  Progress: 5640/7616 entities (9.7/sec)
  Progress: 5645/7616 entities (9.7/sec)
  Progress: 5650/7616 entities (9.7/sec)
  Progress: 5655/7616 entities (9.7/sec)
  Progress: 5660/7616 entities (9.7/sec)
  Progress: 5665/7616 entities (9.7/sec)
  Progress: 5670/7616 entities (9.7/sec)
  Progress: 5675/7616 entities (9.7/sec)
  Progress: 5680/7616 entities (9.7/sec)
  Progress: 5685/7616 entities (9.7/sec)
  Progress: 5690/7616 entities (9.7/sec)
  Progress: 5695/7616 entities (9.7/sec)
  Progress: 5700/7616 entities (9.7/sec)
  Progress: 5705/7616 entities (9.7/sec)
  Progress: 5710/7616 entities (9.7/sec)
  Progress: 5715/7616 entities (9.7/sec)
  Progress: 5720/7616 entities (9.7/sec)
  Progress: 5725/7616 entities (9.7/sec)
  Progress: 5730/7616 entities (9.7/sec)
  Progress: 5735/7616 entities (9.7/sec)
  Progress: 5740/7616 entities (9.7/sec)
  Progress: 5745/7616 entities (9.7/sec)
  Progress: 5750/7616 entities (9.7/sec)
  Progress: 5755/7616 entities (9.7/sec)
  Progress: 5760/7616 entities (9.7/sec)
  Progress: 5765/7616 entities (9.7/sec)
  Progress: 5770/7616 entities (9.7/sec)
  Progress: 5775/7616 entities (9.7/sec)
  Progress: 5780/7616 entities (9.7/sec)
  Progress: 5785/7616 entities (9.7/sec)
  Progress: 5790/7616 entities (9.7/sec)
  Progress: 5795/7616 entities (9.7/sec)
  Progress: 5800/7616 entities (9.7/sec)
  Progress: 5805/7616 entities (9.7/sec)
  Progress: 5810/7616 entities (9.7/sec)
  Progress: 5815/7616 entities (9.7/sec)
  Progress: 5820/7616 entities (9.7/sec)
  Progress: 5825/7616 entities (9.7/sec)
  Progress: 5830/7616 entities (9.7/sec)
  Progress: 5835/7616 entities (9.7/sec)
  Progress: 5840/7616 entities (9.7/sec)
  Progress: 5845/7616 entities (9.7/sec)
  Progress: 5850/7616 entities (9.7/sec)
  Progress: 5855/7616 entities (9.7/sec)
  Progress: 5860/7616 entities (9.7/sec)
  Progress: 5865/7616 entities (9.7/sec)
  Progress: 5870/7616 entities (9.7/sec)
  Progress: 5875/7616 entities (9.7/sec)
  Progress: 5880/7616 entities (9.7/sec)
  Progress: 5885/7616 entities (9.7/sec)
  Progress: 5890/7616 entities (9.7/sec)
  Progress: 5895/7616 entities (9.7/sec)
  Progress: 5900/7616 entities (9.6/sec)
  Progress: 5905/7616 entities (9.6/sec)
  Progress: 5910/7616 entities (9.6/sec)
  Progress: 5915/7616 entities (9.6/sec)
  Progress: 5920/7616 entities (9.6/sec)
  Progress: 5925/7616 entities (9.6/sec)
  Progress: 5930/7616 entities (9.6/sec)
  Progress: 5935/7616 entities (9.6/sec)
  Progress: 5940/7616 entities (9.6/sec)
  Progress: 5945/7616 entities (9.6/sec)
  Progress: 5950/7616 entities (9.6/sec)
  Progress: 5955/7616 entities (9.6/sec)
  Progress: 5960/7616 entities (9.6/sec)
  Progress: 5965/7616 entities (9.6/sec)
  Progress: 5970/7616 entities (9.6/sec)
  Progress: 5975/7616 entities (9.6/sec)
  Progress: 5980/7616 entities (9.6/sec)
  Progress: 5985/7616 entities (9.6/sec)
  Progress: 5990/7616 entities (9.6/sec)
  Progress: 5995/7616 entities (9.6/sec)
  Progress: 6000/7616 entities (9.6/sec)
  Progress: 6005/7616 entities (9.6/sec)
  Progress: 6010/7616 entities (9.6/sec)
  Progress: 6015/7616 entities (9.6/sec)
  Progress: 6020/7616 entities (9.6/sec)
  Progress: 6025/7616 entities (9.6/sec)
  Progress: 6030/7616 entities (9.6/sec)
  Progress: 6035/7616 entities (9.6/sec)
  Progress: 6040/7616 entities (9.6/sec)
  Progress: 6045/7616 entities (9.6/sec)
  Progress: 6050/7616 entities (9.6/sec)
  Progress: 6055/7616 entities (9.6/sec)
  Progress: 6060/7616 entities (9.6/sec)
  Progress: 6065/7616 entities (9.6/sec)
  Progress: 6070/7616 entities (9.6/sec)
  Progress: 6075/7616 entities (9.6/sec)
  Progress: 6080/7616 entities (9.6/sec)
  Progress: 6085/7616 entities (9.6/sec)
  Progress: 6090/7616 entities (9.6/sec)
  Progress: 6095/7616 entities (9.6/sec)
  Progress: 6100/7616 entities (9.6/sec)
  Progress: 6105/7616 entities (9.6/sec)
  Progress: 6110/7616 entities (9.6/sec)
  Progress: 6115/7616 entities (9.6/sec)
  Progress: 6120/7616 entities (9.6/sec)
  Progress: 6125/7616 entities (9.6/sec)
  Progress: 6130/7616 entities (9.6/sec)
  Progress: 6135/7616 entities (9.6/sec)
  Progress: 6140/7616 entities (9.6/sec)
  Progress: 6145/7616 entities (9.6/sec)
  Progress: 6150/7616 entities (9.6/sec)
  Progress: 6155/7616 entities (9.6/sec)
  Progress: 6160/7616 entities (9.6/sec)
  Progress: 6165/7616 entities (9.6/sec)
  Progress: 6170/7616 entities (9.6/sec)
  Progress: 6175/7616 entities (9.6/sec)
  Progress: 6180/7616 entities (9.6/sec)
  Progress: 6185/7616 entities (9.6/sec)
  Progress: 6190/7616 entities (9.6/sec)
  Progress: 6195/7616 entities (9.6/sec)
  Progress: 6200/7616 entities (9.6/sec)
  Progress: 6205/7616 entities (9.6/sec)
  Progress: 6210/7616 entities (9.6/sec)
  Progress: 6215/7616 entities (9.6/sec)
  Progress: 6220/7616 entities (9.6/sec)
  Progress: 6225/7616 entities (9.6/sec)
  Progress: 6230/7616 entities (9.6/sec)
  Progress: 6235/7616 entities (9.6/sec)
  Progress: 6240/7616 entities (9.6/sec)
  Progress: 6245/7616 entities (9.6/sec)
  Progress: 6250/7616 entities (9.6/sec)
  Progress: 6255/7616 entities (9.6/sec)
  Progress: 6260/7616 entities (9.6/sec)
  Progress: 6265/7616 entities (9.6/sec)
  Progress: 6270/7616 entities (9.6/sec)
  Progress: 6275/7616 entities (9.6/sec)
  Progress: 6280/7616 entities (9.6/sec)
  Progress: 6285/7616 entities (9.6/sec)
  Progress: 6290/7616 entities (9.6/sec)
  Progress: 6295/7616 entities (9.6/sec)
  Progress: 6300/7616 entities (9.6/sec)
  Progress: 6305/7616 entities (9.6/sec)
  Progress: 6310/7616 entities (9.6/sec)
  Progress: 6315/7616 entities (9.6/sec)
  Progress: 6320/7616 entities (9.6/sec)
  Progress: 6325/7616 entities (9.6/sec)
  Progress: 6330/7616 entities (9.6/sec)
  Progress: 6335/7616 entities (9.6/sec)
  Progress: 6340/7616 entities (9.6/sec)
  Progress: 6345/7616 entities (9.6/sec)
  Progress: 6350/7616 entities (9.6/sec)
  Progress: 6355/7616 entities (9.6/sec)
  Progress: 6360/7616 entities (9.6/sec)
  Progress: 6365/7616 entities (9.6/sec)
  Progress: 6370/7616 entities (9.6/sec)
  Progress: 6375/7616 entities (9.6/sec)
  Progress: 6380/7616 entities (9.6/sec)
  Progress: 6385/7616 entities (9.6/sec)
  Progress: 6390/7616 entities (9.6/sec)
  Progress: 6395/7616 entities (9.6/sec)
  Progress: 6400/7616 entities (9.6/sec)
  Progress: 6405/7616 entities (9.6/sec)
  Progress: 6410/7616 entities (9.6/sec)
  Progress: 6415/7616 entities (9.6/sec)
  Progress: 6420/7616 entities (9.6/sec)
  Progress: 6425/7616 entities (9.6/sec)
  Progress: 6430/7616 entities (9.6/sec)
  Progress: 6435/7616 entities (9.6/sec)
  Progress: 6440/7616 entities (9.6/sec)
  Progress: 6445/7616 entities (9.6/sec)
  Progress: 6450/7616 entities (9.6/sec)
  Progress: 6455/7616 entities (9.6/sec)
  Progress: 6460/7616 entities (9.6/sec)
  Progress: 6465/7616 entities (9.6/sec)
  Progress: 6470/7616 entities (9.6/sec)
  Progress: 6475/7616 entities (9.6/sec)
  Progress: 6480/7616 entities (9.6/sec)
  Progress: 6485/7616 entities (9.6/sec)
  Progress: 6490/7616 entities (9.6/sec)
  Progress: 6495/7616 entities (9.6/sec)
  Progress: 6500/7616 entities (9.6/sec)
  Progress: 6505/7616 entities (9.6/sec)
  Progress: 6510/7616 entities (9.6/sec)
  Progress: 6515/7616 entities (9.6/sec)
  Progress: 6520/7616 entities (9.6/sec)
  Progress: 6525/7616 entities (9.6/sec)
  Progress: 6530/7616 entities (9.6/sec)
  Progress: 6535/7616 entities (9.6/sec)
  Progress: 6540/7616 entities (9.6/sec)
  Progress: 6545/7616 entities (9.6/sec)
  Progress: 6550/7616 entities (9.7/sec)
  Progress: 6555/7616 entities (9.7/sec)
  Progress: 6560/7616 entities (9.7/sec)
  Progress: 6565/7616 entities (9.7/sec)
  Progress: 6570/7616 entities (9.7/sec)
  Progress: 6575/7616 entities (9.7/sec)
  Progress: 6580/7616 entities (9.7/sec)
  Progress: 6585/7616 entities (9.7/sec)
  Progress: 6590/7616 entities (9.7/sec)
  Progress: 6595/7616 entities (9.7/sec)
  Progress: 6600/7616 entities (9.7/sec)
  Progress: 6605/7616 entities (9.7/sec)
  Progress: 6610/7616 entities (9.7/sec)
  Progress: 6615/7616 entities (9.6/sec)
  Progress: 6620/7616 entities (9.7/sec)
  Progress: 6625/7616 entities (9.7/sec)
  Progress: 6630/7616 entities (9.7/sec)
  Progress: 6635/7616 entities (9.7/sec)
  Progress: 6640/7616 entities (9.7/sec)
  Progress: 6645/7616 entities (9.7/sec)
  Progress: 6650/7616 entities (9.7/sec)
  Progress: 6655/7616 entities (9.6/sec)
  Progress: 6660/7616 entities (9.6/sec)
  Progress: 6665/7616 entities (9.6/sec)
  Progress: 6670/7616 entities (9.6/sec)
  Progress: 6675/7616 entities (9.6/sec)
  Progress: 6680/7616 entities (9.6/sec)
  Progress: 6685/7616 entities (9.6/sec)
  Progress: 6690/7616 entities (9.6/sec)
  Progress: 6695/7616 entities (9.6/sec)
  Progress: 6700/7616 entities (9.6/sec)
  Progress: 6705/7616 entities (9.6/sec)
  Progress: 6710/7616 entities (9.6/sec)
  Progress: 6715/7616 entities (9.6/sec)
  Progress: 6720/7616 entities (9.6/sec)
  Progress: 6725/7616 entities (9.6/sec)
  Progress: 6730/7616 entities (9.6/sec)
  Progress: 6735/7616 entities (9.6/sec)
  Progress: 6740/7616 entities (9.6/sec)
  Progress: 6745/7616 entities (9.6/sec)
  Progress: 6750/7616 entities (9.6/sec)
  Progress: 6755/7616 entities (9.6/sec)
  Progress: 6760/7616 entities (9.6/sec)
  Progress: 6765/7616 entities (9.6/sec)
  Progress: 6770/7616 entities (9.6/sec)
  Progress: 6775/7616 entities (9.6/sec)
  Progress: 6780/7616 entities (9.6/sec)
  Progress: 6785/7616 entities (9.6/sec)
  Progress: 6790/7616 entities (9.6/sec)
  Progress: 6795/7616 entities (9.6/sec)
  Progress: 6800/7616 entities (9.6/sec)
  Progress: 6805/7616 entities (9.6/sec)
  Progress: 6810/7616 entities (9.6/sec)
  Progress: 6815/7616 entities (9.6/sec)
  Progress: 6820/7616 entities (9.6/sec)
  Progress: 6825/7616 entities (9.6/sec)
  Progress: 6830/7616 entities (9.6/sec)
  Progress: 6835/7616 entities (9.6/sec)
  Progress: 6840/7616 entities (9.6/sec)
  Progress: 6845/7616 entities (9.6/sec)
  Progress: 6850/7616 entities (9.6/sec)
  Progress: 6855/7616 entities (9.6/sec)
  Progress: 6860/7616 entities (9.6/sec)
  Progress: 6865/7616 entities (9.6/sec)
  Progress: 6870/7616 entities (9.6/sec)
  Progress: 6875/7616 entities (9.6/sec)
  Progress: 6880/7616 entities (9.6/sec)
  Progress: 6885/7616 entities (9.6/sec)
  Progress: 6890/7616 entities (9.6/sec)
  Progress: 6895/7616 entities (9.6/sec)
  Progress: 6900/7616 entities (9.6/sec)
  Progress: 6905/7616 entities (9.6/sec)
  Progress: 6910/7616 entities (9.6/sec)
  Progress: 6915/7616 entities (9.6/sec)
  Progress: 6920/7616 entities (9.6/sec)
  Progress: 6925/7616 entities (9.6/sec)
  Progress: 6930/7616 entities (9.6/sec)
  Progress: 6935/7616 entities (9.6/sec)
  Progress: 6940/7616 entities (9.6/sec)
  Progress: 6945/7616 entities (9.6/sec)
  Progress: 6950/7616 entities (9.6/sec)
  Progress: 6955/7616 entities (9.6/sec)
  Progress: 6960/7616 entities (9.6/sec)
  Progress: 6965/7616 entities (9.6/sec)
  Progress: 6970/7616 entities (9.6/sec)
  Progress: 6975/7616 entities (9.6/sec)
  Progress: 6980/7616 entities (9.6/sec)
  Progress: 6985/7616 entities (9.6/sec)
  Progress: 6990/7616 entities (9.6/sec)
  Progress: 6995/7616 entities (9.6/sec)
  Progress: 7000/7616 entities (9.6/sec)
  Progress: 7005/7616 entities (9.6/sec)
  Progress: 7010/7616 entities (9.6/sec)
  Progress: 7015/7616 entities (9.6/sec)
  Progress: 7020/7616 entities (9.6/sec)
  Progress: 7025/7616 entities (9.6/sec)
  Progress: 7030/7616 entities (9.6/sec)
  Progress: 7035/7616 entities (9.6/sec)
  Progress: 7040/7616 entities (9.6/sec)
  Progress: 7045/7616 entities (9.6/sec)
  Progress: 7050/7616 entities (9.7/sec)
  Progress: 7055/7616 entities (9.7/sec)
  Progress: 7060/7616 entities (9.7/sec)
  Progress: 7065/7616 entities (9.7/sec)
  Progress: 7070/7616 entities (9.7/sec)
  Progress: 7075/7616 entities (9.7/sec)
  Progress: 7080/7616 entities (9.7/sec)
  Progress: 7085/7616 entities (9.7/sec)
  Progress: 7090/7616 entities (9.7/sec)
  Progress: 7095/7616 entities (9.7/sec)
  Progress: 7100/7616 entities (9.7/sec)
  Progress: 7105/7616 entities (9.7/sec)
  Progress: 7110/7616 entities (9.7/sec)
  Progress: 7115/7616 entities (9.7/sec)
  Progress: 7120/7616 entities (9.7/sec)
  Progress: 7125/7616 entities (9.7/sec)
  Progress: 7130/7616 entities (9.7/sec)
  Progress: 7135/7616 entities (9.7/sec)
  Progress: 7140/7616 entities (9.7/sec)
  Progress: 7145/7616 entities (9.7/sec)
  Progress: 7150/7616 entities (9.7/sec)
  Progress: 7155/7616 entities (9.7/sec)
  Progress: 7160/7616 entities (9.7/sec)
  Progress: 7165/7616 entities (9.7/sec)
  Progress: 7170/7616 entities (9.7/sec)
  Progress: 7175/7616 entities (9.7/sec)
  Progress: 7180/7616 entities (9.7/sec)
  Progress: 7185/7616 entities (9.7/sec)
  Progress: 7190/7616 entities (9.7/sec)
  Progress: 7195/7616 entities (9.7/sec)
  Progress: 7200/7616 entities (9.7/sec)
  Progress: 7205/7616 entities (9.7/sec)
  Progress: 7210/7616 entities (9.7/sec)
  Progress: 7215/7616 entities (9.7/sec)
  Progress: 7220/7616 entities (9.7/sec)
  Progress: 7225/7616 entities (9.7/sec)
  Progress: 7230/7616 entities (9.7/sec)
  Progress: 7235/7616 entities (9.7/sec)
  Progress: 7240/7616 entities (9.7/sec)
  Progress: 7245/7616 entities (9.7/sec)
  Progress: 7250/7616 entities (9.7/sec)
  Progress: 7255/7616 entities (9.7/sec)
  Progress: 7260/7616 entities (9.7/sec)
  Progress: 7265/7616 entities (9.7/sec)
  Progress: 7270/7616 entities (9.7/sec)
  Progress: 7275/7616 entities (9.7/sec)
  Progress: 7280/7616 entities (9.7/sec)
  Progress: 7285/7616 entities (9.7/sec)
  Progress: 7290/7616 entities (9.7/sec)
  Progress: 7295/7616 entities (9.7/sec)
  Progress: 7300/7616 entities (9.7/sec)
  Progress: 7305/7616 entities (9.7/sec)
  Progress: 7310/7616 entities (9.6/sec)
  Progress: 7315/7616 entities (9.7/sec)
  Progress: 7320/7616 entities (9.6/sec)
  Progress: 7325/7616 entities (9.6/sec)
  Progress: 7330/7616 entities (9.6/sec)
  Progress: 7335/7616 entities (9.6/sec)
  Progress: 7340/7616 entities (9.6/sec)
  Progress: 7345/7616 entities (9.6/sec)
  Progress: 7350/7616 entities (9.7/sec)
  Progress: 7355/7616 entities (9.6/sec)
  Progress: 7360/7616 entities (9.7/sec)
  Progress: 7365/7616 entities (9.6/sec)
  Progress: 7370/7616 entities (9.6/sec)
  Progress: 7375/7616 entities (9.6/sec)
  Progress: 7380/7616 entities (9.6/sec)
  Progress: 7385/7616 entities (9.6/sec)
  Progress: 7390/7616 entities (9.6/sec)
  Progress: 7395/7616 entities (9.6/sec)
  Progress: 7400/7616 entities (9.6/sec)
  Progress: 7405/7616 entities (9.6/sec)
  Progress: 7410/7616 entities (9.6/sec)
  Progress: 7415/7616 entities (9.6/sec)
  Progress: 7420/7616 entities (9.6/sec)
  Progress: 7425/7616 entities (9.6/sec)
  Progress: 7430/7616 entities (9.6/sec)
  Progress: 7435/7616 entities (9.6/sec)
  Progress: 7440/7616 entities (9.6/sec)
  Progress: 7445/7616 entities (9.6/sec)
  Progress: 7450/7616 entities (9.6/sec)
  Progress: 7455/7616 entities (9.6/sec)
  Progress: 7460/7616 entities (9.7/sec)
  Progress: 7465/7616 entities (9.7/sec)
  Progress: 7470/7616 entities (9.7/sec)
  Progress: 7475/7616 entities (9.7/sec)
  Progress: 7480/7616 entities (9.6/sec)
  Progress: 7485/7616 entities (9.7/sec)
  Progress: 7490/7616 entities (9.7/sec)
  Progress: 7495/7616 entities (9.7/sec)
  Progress: 7500/7616 entities (9.7/sec)
  Progress: 7505/7616 entities (9.7/sec)
  Progress: 7510/7616 entities (9.7/sec)
  Progress: 7515/7616 entities (9.7/sec)
  Progress: 7520/7616 entities (9.7/sec)
  Progress: 7525/7616 entities (9.7/sec)
  Progress: 7530/7616 entities (9.7/sec)
  Progress: 7535/7616 entities (9.7/sec)
  Progress: 7540/7616 entities (9.7/sec)
  Progress: 7545/7616 entities (9.7/sec)
  Progress: 7550/7616 entities (9.7/sec)
  Progress: 7555/7616 entities (9.7/sec)
  Progress: 7560/7616 entities (9.7/sec)
  Progress: 7565/7616 entities (9.7/sec)
  Progress: 7570/7616 entities (9.7/sec)
  Progress: 7575/7616 entities (9.7/sec)
  Progress: 7580/7616 entities (9.7/sec)
  Progress: 7585/7616 entities (9.7/sec)
  Progress: 7590/7616 entities (9.7/sec)
  Progress: 7595/7616 entities (9.7/sec)
  Progress: 7600/7616 entities (9.7/sec)
  Progress: 7605/7616 entities (9.7/sec)
  Progress: 7610/7616 entities (9.7/sec)
  Progress: 7615/7616 entities (9.7/sec)
  Progress: 7616/7616 entities (9.7/sec)

Registration complete:
  Entities:        7616
  Artifacts:       45696
  Skipped:         0
  Artifact errors: 0
  Shared axes:     5 registered, 0 skipped, 0 errors
  Time:            788.8 seconds

==================================================
Verification
==================================================
Dataset containers at root: 71

Dataset 'BENCH_PER_ENTITY':
  metadata keys: 16
    sample: ['data_type', 'description', 'facility', 'fingerprint', 'label', 'material', 'method', 'producer']
  shared axes: 5/5 registered as array children ['H', 'energies', 'energies_powder', 'qs', 'radii']
  entity containers: 7616
    sample: ['BENCH_PER_ENTITY_20cd63099f81d', 'BENCH_PER_ENTITY_bd6ccbee9f986', 'BENCH_PER_ENTITY_3eecd43c352d5']

Entity 'BENCH_PER_ENTITY_20cd63099f81d':
  metadata keys: 22 (locators: 6)
  artifact children: 6
    sample: ['hisym', 'powder', 'powder_mask', 'mag_a', 'mag_b']

Artifact 'hisym':
  shape: (384, 384)  dtype: float64

Done!
-- BENCH_PER_ENTITY register: 799s rc=0
== BENCH_PER_ENTITY verify (2026-09-20T05:04:40Z) ==
VERIFY BENCH_PER_ENTITY: entities=7616/7616 shared=5 broken=0 spot_every=199 -> OK
-- BENCH_PER_ENTITY verify: 69s rc=0
